trial_id,condition,probe_id,phase,victim_latency_us,baseline_median_us,normalized_latency,time_since_interference_end_us
0,interference,0,recovery,19.1680007,19.1360004,1.00167225,3.7440001
0,interference,1,recovery,19.4240008,19.1360004,1.01505018,25.0240006
0,interference,2,recovery,19.0079994,19.1360004,0.993310986,46.7200018
0,interference,3,recovery,18.4320007,19.1360004,0.963210715,68.0000037
0,interference,4,recovery,19.8400002,19.1360004,1.03678928,88.4800032
0,interference,5,recovery,18.6880007,19.1360004,0.976588646,110.752001
0,interference,6,recovery,19.6480006,19.1360004,1.02675586,131.487995
0,interference,7,recovery,19.0079994,19.1360004,0.993310986,153.408006
0,interference,8,recovery,18.4640009,19.1360004,0.964882969,174.495995
0,interference,9,recovery,19.9999996,19.1360004,1.04515046,194.976002
0,interference,10,recovery,18.7199991,19.1360004,0.978260802,217.247993
0,interference,11,recovery,19.7439995,19.1360004,1.03177252,238.015994
0,interference,12,recovery,18.8480001,19.1360004,0.984949816,260.127991
0,interference,13,recovery,18.4000004,19.1360004,0.961538462,281.024009
0,interference,14,recovery,19.0079994,19.1360004,0.993310986,302.655995
0,interference,15,recovery,18.4320007,19.1360004,0.963210715,324.000001
0,interference,16,recovery,19.9040007,19.1360004,1.04013379,344.480008
0,interference,17,recovery,18.4640009,19.1360004,0.964882969,366.975993
0,interference,18,recovery,19.7759997,19.1360004,1.03344478,387.488008
0,interference,19,recovery,18.9759992,19.1360004,0.991638733,409.503996
0,interference,20,recovery,18.4640009,19.1360004,0.964882969,430.496007
0,interference,21,recovery,19.0079994,19.1360004,0.993310986,452.095985
0,interference,22,recovery,18.592,19.1360004,0.971571885,473.376006
0,interference,23,recovery,19.6480006,19.1360004,1.02675586,494.015992
0,interference,24,recovery,19.0079994,19.1360004,0.993310986,515.936017
0,interference,25,recovery,19.4240008,19.1360004,1.01505018,537.024021
0,interference,26,recovery,19.0079994,19.1360004,0.993310986,558.719993
0,interference,27,recovery,18.4320007,19.1360004,0.963210715,579.999983
0,interference,28,recovery,19.808,19.1360004,1.03511703,600.48002
0,interference,29,recovery,18.8800003,19.1360004,0.986622069,622.560024
0,interference,30,recovery,18.4640009,19.1360004,0.964882969,643.48799
0,interference,31,recovery,19.0079994,19.1360004,0.993310986,665.120006
0,interference,32,recovery,18.5279995,19.1360004,0.968227378,686.399996
0,interference,33,recovery,19.7759997,19.1360004,1.03344478,706.975996
0,interference,34,recovery,18.9759992,19.1360004,0.991638733,728.991985
0,interference,35,recovery,18.4320007,19.1360004,0.963210715,750.015974
0,interference,36,recovery,19.0399997,19.1360004,0.99498324,771.583974
0,interference,37,recovery,18.4959993,19.1360004,0.966555125,792.92798
0,interference,38,recovery,19.808,19.1360004,1.03511703,813.503981
0,interference,39,recovery,18.7839996,19.1360004,0.981605309,835.648
0,interference,40,recovery,19.7759997,19.1360004,1.03344478,856.480002
0,interference,41,recovery,18.8480001,19.1360004,0.984949816,878.592014
0,interference,42,recovery,19.4559991,19.1360004,1.01672234,899.487972
0,interference,43,recovery,19.0079994,19.1360004,0.993310986,921.216011
0,interference,44,recovery,18.4640009,19.1360004,0.964882969,942.496002
0,interference,45,recovery,20.1919992,19.1360004,1.05518388,962.975979
0,interference,46,recovery,18.4959993,19.1360004,0.966555125,985.472023
0,interference,47,recovery,19.7759997,19.1360004,1.03344478,1006.01602
0,interference,48,recovery,18.9440008,19.1360004,0.989966576,1028.03195
0,interference,49,recovery,18.4000004,19.1360004,0.961538462,1049.02399
0,interference,50,recovery,19.0399997,19.1360004,0.99498324,1070.59205
0,interference,51,recovery,18.5279995,19.1360004,0.968227378,1091.90404
0,interference,52,recovery,19.7439995,19.1360004,1.03177252,1112.48004
0,interference,53,recovery,18.9759992,19.1360004,0.991638733,1134.46403
0,interference,54,recovery,18.4640009,19.1360004,0.964882969,1155.48801
0,interference,55,recovery,19.0399997,19.1360004,0.99498324,1177.18399
0,interference,56,recovery,18.4640009,19.1360004,0.964882969,1198.49598
0,interference,57,recovery,19.8720004,19.1360004,1.03846154,1218.97602
0,interference,58,recovery,18.7519994,19.1360004,0.979933055,1241.21594
0,interference,59,recovery,19.4879994,19.1360004,1.01839459,1262.01606
0,interference,60,recovery,19.2000009,19.1360004,1.00334451,1283.77604
0,interference,61,recovery,18.4000004,19.1360004,0.961538462,1305.02403
0,interference,62,recovery,19.0079994,19.1360004,0.993310986,1326.56002
0,interference,63,recovery,18.592,19.1360004,0.971571885,1347.83995
0,interference,64,recovery,19.7119992,19.1360004,1.03010027,1368.47997
0,interference,65,recovery,18.8800003,19.1360004,0.986622069,1390.56003
0,interference,66,recovery,19.7119992,19.1360004,1.03010027,1411.48806
0,interference,67,recovery,19.0079994,19.1360004,0.993310986,1433.47204
0,interference,68,recovery,18.4640009,19.1360004,0.964882969,1454.49603
0,interference,69,recovery,19.0399997,19.1360004,0.99498324,1476.03202
0,interference,70,recovery,18.6560005,19.1360004,0.974916392,1497.31195
0,interference,71,recovery,19.6160004,19.1360004,1.02508361,1518.01598
0,interference,72,recovery,19.0079994,19.1360004,0.993310986,1539.904
0,interference,73,recovery,19.5199996,19.1360004,1.02006685,1561.02395
0,interference,74,recovery,19.0079994,19.1360004,0.993310986,1582.816
0,interference,75,recovery,18.4000004,19.1360004,0.961538462,1604.03204
0,interference,76,recovery,19.8720004,19.1360004,1.03846154,1624.48001
0,interference,77,recovery,18.8159999,19.1360004,0.983277562,1646.62397
0,interference,78,recovery,18.4640009,19.1360004,0.964882969,1667.48798
0,interference,79,recovery,18.9759992,19.1360004,0.991638733,1689.18395
0,interference,80,recovery,18.5279995,19.1360004,0.968227378,1710.43205
0,interference,81,recovery,19.9999996,19.1360004,1.04515046,1730.97599
0,interference,82,recovery,18.7199991,19.1360004,0.978260802,1753.24798
0,interference,83,recovery,19.5519999,19.1360004,1.0217391,1774.01602
0,interference,84,recovery,19.0079994,19.1360004,0.993310986,1795.84002
0,interference,85,recovery,18.4000004,19.1360004,0.961538462,1817.02399
0,interference,86,recovery,19.8720004,19.1360004,1.03846154,1837.50403
0,interference,87,recovery,18.7519994,19.1360004,0.979933055,1859.68006
0,interference,88,recovery,19.4559991,19.1360004,1.01672234,1880.48005
0,interference,89,recovery,19.2319993,19.1360004,1.00501666,1902.20797
0,interference,90,recovery,18.4640009,19.1360004,0.964882969,1923.48802
0,interference,91,recovery,19.0079994,19.1360004,0.993310986,1945.08803
0,interference,92,recovery,18.592,19.1360004,0.971571885,1966.36796
0,interference,93,recovery,19.7119992,19.1360004,1.03010027,1986.97603
0,interference,94,recovery,18.9759992,19.1360004,0.991638733,2008.99196
0,interference,95,recovery,19.6480006,19.1360004,1.02675586,2030.01595
0,interference,96,recovery,19.0399997,19.1360004,0.99498324,2051.90396
0,interference,97,recovery,18.4000004,19.1360004,0.961538462,2073.02403
0,interference,98,recovery,19.9999996,19.1360004,1.04515046,2093.50395
0,interference,99,recovery,18.592,19.1360004,0.971571885,2115.83996
0,interference,100,recovery,19.6480006,19.1360004,1.02675586,2136.48009
0,interference,101,recovery,18.9440008,19.1360004,0.989966576,2158.4959
0,interference,102,recovery,18.4640009,19.1360004,0.964882969,2179.48794
0,interference,103,recovery,19.0399997,19.1360004,0.99498324,2201.15209
0,interference,104,recovery,18.5279995,19.1360004,0.968227378,2222.4319
0,interference,105,recovery,19.8400002,19.1360004,1.03678928,2242.97595
0,interference,106,recovery,18.9120006,19.1360004,0.988294323,2265.05589
0,interference,107,recovery,18.4320007,19.1360004,0.963210715,2286.01599
0,interference,108,recovery,19.0079994,19.1360004,0.993310986,2307.616
0,interference,109,recovery,18.5279995,19.1360004,0.968227378,2328.89605
0,interference,110,recovery,19.9679993,19.1360004,1.0434782,2349.50399
0,interference,111,recovery,18.6880007,19.1360004,0.976588646,2371.74392
0,interference,112,recovery,19.5840001,19.1360004,1.02341135,2392.4799
0,interference,113,recovery,19.0399997,19.1360004,0.99498324,2414.30402
0,interference,114,recovery,18.4640009,19.1360004,0.964882969,2435.48799
0,interference,115,recovery,19.9360009,19.1360004,1.04180605,2455.9679
0,interference,116,recovery,18.8159999,19.1360004,0.983277562,2478.14393
0,interference,117,recovery,19.4879994,19.1360004,1.01839459,2498.97599
0,interference,118,recovery,19.0079994,19.1360004,0.993310986,2520.96009
0,interference,119,recovery,18.4320007,19.1360004,0.963210715,2542.01603
0,interference,120,recovery,19.0399997,19.1360004,0.99498324,2563.48801
0,interference,121,recovery,18.5599998,19.1360004,0.969899632,2584.8639
0,interference,122,recovery,19.6800008,19.1360004,1.02842811,2605.50404
0,interference,123,recovery,18.9759992,19.1360004,0.991638733,2627.45595
0,interference,124,recovery,19.5840001,19.1360004,1.02341135,2648.47994
0,interference,125,recovery,19.0079994,19.1360004,0.993310986,2670.36796
0,interference,126,recovery,18.4640009,19.1360004,0.964882969,2691.48803
0,interference,127,recovery,19.9679993,19.1360004,1.0434782,2711.96795
0,interference,128,recovery,18.7519994,19.1360004,0.979933055,2734.20811
0,interference,129,recovery,19.8720004,19.1360004,1.03846154,2754.97603
0,interference,130,recovery,18.4640009,19.1360004,0.964882969,2777.50397
0,interference,131,recovery,19.8720004,19.1360004,1.03846154,2798.01607
0,interference,132,recovery,18.7839996,19.1360004,0.981605309,2820.1921
0,interference,133,recovery,19.4559991,19.1360004,1.01672234,2841.02392
0,interference,134,recovery,18.9759992,19.1360004,0.991638733,2862.97607
0,interference,135,recovery,18.4000004,19.1360004,0.961538462,2884.03201
0,interference,136,recovery,19.0079994,19.1360004,0.993310986,2905.66397
0,interference,137,recovery,18.4640009,19.1360004,0.964882969,2926.97597
0,interference,138,recovery,19.7759997,19.1360004,1.03344478,2947.48807
0,interference,139,recovery,18.9440008,19.1360004,0.989966576,2969.53607
0,interference,140,recovery,18.4640009,19.1360004,0.964882969,2990.49592
0,interference,141,recovery,19.0079994,19.1360004,0.993310986,3012.41589
0,interference,142,recovery,18.4640009,19.1360004,0.964882969,3033.50401
0,interference,143,recovery,19.9679993,19.1360004,1.0434782,3054.01611
0,interference,144,recovery,18.7199991,19.1360004,0.978260802,3076.25604
0,interference,145,recovery,19.5199996,19.1360004,1.02006685,3097.02396
0,interference,146,recovery,19.0079994,19.1360004,0.993310986,3118.8159
0,interference,147,recovery,18.4000004,19.1360004,0.961538462,3140.03205
0,interference,148,recovery,19.0079994,19.1360004,0.993310986,3161.66401
0,interference,149,recovery,18.4320007,19.1360004,0.963210715,3183.00796
0,interference,150,recovery,19.808,19.1360004,1.03511703,3203.48811
0,interference,151,recovery,18.9120006,19.1360004,0.988294323,3225.56806
0,interference,152,recovery,18.4640009,19.1360004,0.964882969,3246.49596
0,interference,153,recovery,19.0719999,19.1360004,0.996655493,3268.1601
0,interference,154,recovery,18.4640009,19.1360004,0.964882969,3289.50405
0,interference,155,recovery,19.7759997,19.1360004,1.03344478,3310.01592
0,interference,156,recovery,18.7839996,19.1360004,0.981605309,3332.19194
0,interference,157,recovery,19.4559991,19.1360004,1.01672234,3353.02401
0,interference,158,recovery,19.0079994,19.1360004,0.993310986,3374.7201
0,interference,159,recovery,18.4320007,19.1360004,0.963210715,3395.99991
0,interference,160,recovery,19.808,19.1360004,1.03511703,3416.48006
0,interference,161,recovery,18.8800003,19.1360004,0.986622069,3438.56001
0,interference,162,recovery,19.7119992,19.1360004,1.03010027,3459.48792
0,interference,163,recovery,18.9759992,19.1360004,0.991638733,3481.50396
0,interference,164,recovery,18.4640009,19.1360004,0.964882969,3502.496
0,interference,165,recovery,19.0079994,19.1360004,0.993310986,3524.06406
0,interference,166,recovery,18.6240003,19.1360004,0.973244139,3545.34411
0,interference,167,recovery,19.6160004,19.1360004,1.02508361,3566.01596
0,interference,168,recovery,19.0399997,19.1360004,0.99498324,3587.87203
0,interference,169,recovery,18.4000004,19.1360004,0.961538462,3609.02405
0,interference,170,recovery,19.9360009,19.1360004,1.04180605,3629.50397
0,interference,171,recovery,18.4640009,19.1360004,0.964882969,3651.968
0,interference,172,recovery,19.7759997,19.1360004,1.03344478,3672.48011
0,interference,173,recovery,18.9120006,19.1360004,0.988294323,3694.5281
0,interference,174,recovery,18.4640009,19.1360004,0.964882969,3715.48796
0,interference,175,recovery,19.0399997,19.1360004,0.99498324,3737.08797
0,interference,176,recovery,18.592,19.1360004,0.971571885,3758.36802
0,interference,177,recovery,20.0319998,19.1360004,1.04682271,3778.97596
0,interference,178,recovery,18.6880007,19.1360004,0.976588646,3801.28002
0,interference,179,recovery,19.5519999,19.1360004,1.0217391,3822.016
0,interference,180,recovery,19.0399997,19.1360004,0.99498324,3843.80794
0,interference,181,recovery,18.4000004,19.1360004,0.961538462,3865.02409
0,interference,182,recovery,19.9040007,19.1360004,1.04013379,3885.50401
0,interference,183,recovery,18.7519994,19.1360004,0.979933055,3907.68003
0,interference,184,recovery,19.5199996,19.1360004,1.02006685,3928.47991
0,interference,185,recovery,19.0079994,19.1360004,0.993310986,3950.33598
0,interference,186,recovery,18.4640009,19.1360004,0.964882969,3971.488
0,interference,187,recovery,19.0079994,19.1360004,0.993310986,3993.02411
0,interference,188,recovery,18.592,19.1360004,0.971571885,4014.36806
0,interference,189,recovery,19.7119992,19.1360004,1.03010027,4034.97601
0,interference,190,recovery,19.0079994,19.1360004,0.993310986,4056.96011
0,interference,191,recovery,18.4320007,19.1360004,0.963210715,4078.0158
0,interference,192,recovery,19.2319993,19.1360004,1.00501666,4099.61605
0,interference,193,recovery,18.4000004,19.1360004,0.961538462,4121.02413
0,interference,194,recovery,19.9360009,19.1360004,1.04180605,4141.50381
0,interference,195,recovery,18.7199991,19.1360004,0.978260802,4163.71202
0,interference,196,recovery,19.4879994,19.1360004,1.01839459,4184.48019
0,interference,197,recovery,19.0399997,19.1360004,0.99498324,4206.27213
0,interference,198,recovery,18.4640009,19.1360004,0.964882969,4227.48804
0,interference,199,recovery,19.9040007,19.1360004,1.04013379,4247.9682
1,control,0,recovery,31.6479988,29.7599994,1.06344084,175.743997
1,control,1,recovery,29.5359995,29.7599994,0.992473123,210.623994
1,control,2,recovery,29.4080004,29.7599994,0.988172078,243.328005
1,control,3,recovery,30.0479997,29.7599994,1.00967743,274.975985
1,control,4,recovery,28.9919991,29.7599994,0.974193539,307.424009
1,control,5,recovery,30.1760007,29.7599994,1.01397854,338.463992
1,control,6,recovery,28.8319997,29.7599994,0.968817217,371.071994
1,control,7,recovery,30.4959994,29.7599994,1.02473118,401.951998
1,control,8,recovery,28.6720004,29.7599994,0.963440894,434.72001
1,control,9,recovery,29.3119997,29.7599994,0.984946247,466.592014
1,control,10,recovery,28.6720004,29.7599994,0.963440894,498.207986
1,control,11,recovery,29.5039993,29.7599994,0.991397846,530.143976
1,control,12,recovery,29.8239999,29.7599994,1.00215055,561.695993
1,control,13,recovery,29.2160008,29.7599994,0.981720478,593.919992
1,control,14,recovery,30.1120002,29.7599994,1.01182798,625.184
1,control,15,recovery,28.8960002,29.7599994,0.970967771,657.728016
1,control,16,recovery,30.2719995,29.7599994,1.01720431,688.672006
1,control,17,recovery,28.7679993,29.7599994,0.966666662,721.343994
1,control,18,recovery,29.2479992,29.7599994,0.982795693,753.247976
1,control,19,recovery,28.7040006,29.7599994,0.964516171,784.896016
1,control,20,recovery,29.4400007,29.7599994,0.989247355,816.799998
1,control,21,recovery,28.6720004,29.7599994,0.963440894,848.415971
1,control,22,recovery,33.2479998,29.7599994,1.11720432,880.479991
1,control,23,recovery,29.8880003,29.7599994,1.00430111,916.000009
1,control,24,recovery,29.1520003,29.7599994,0.979569924,948.288023
1,control,25,recovery,30.1120002,29.7599994,1.01182798,979.488015
1,control,26,recovery,28.864,29.7599994,0.969892494,1012.06398
1,control,27,recovery,30.5599999,29.7599994,1.02688174,1042.97602
1,control,28,recovery,28.6720004,29.7599994,0.963440894,1075.74403
1,control,29,recovery,29.3760002,29.7599994,0.987096801,1107.71203
1,control,30,recovery,29.7279991,29.7599994,0.998924723,1139.23204
1,control,31,recovery,29.2799994,29.7599994,0.98387097,1171.39196
1,control,32,recovery,30.0799999,29.7599994,1.01075271,1202.72005
1,control,33,recovery,28.9280005,29.7599994,0.972043048,1235.232
1,control,34,recovery,29.5039993,29.7599994,0.991397846,1267.26401
1,control,35,recovery,28.6720004,29.7599994,0.963440894,1298.97594
1,control,36,recovery,29.3439999,29.7599994,0.986021524,1331.07197
1,control,37,recovery,29.9839992,29.7599994,1.00752688,1362.46395
1,control,38,recovery,29.0559996,29.7599994,0.976344093,1394.84799
1,control,39,recovery,30.336,29.7599994,1.01935486,1425.95196
1,control,40,recovery,28.7040006,29.7599994,0.964516171,1458.68802
1,control,41,recovery,29.4720009,29.7599994,0.990322632,1490.56005
1,control,42,recovery,29.7279991,29.7599994,0.998924723,1522.20798
1,control,43,recovery,28.9600007,29.7599994,0.973118325,1554.68798
1,control,44,recovery,30.336,29.7599994,1.01935486,1585.69598
1,control,45,recovery,29.8239999,29.7599994,1.00215055,1618.46399
1,control,46,recovery,29.2479992,29.7599994,0.982795693,1650.65598
1,control,47,recovery,30.0799999,29.7599994,1.01075271,1681.952
1,control,48,recovery,28.9600007,29.7599994,0.973118325,1714.432
1,control,49,recovery,30.3680003,29.7599994,1.02043014,1745.44001
1,control,50,recovery,28.6720004,29.7599994,0.963440894,1778.20802
1,control,51,recovery,29.4720009,29.7599994,0.990322632,1810.17601
1,control,52,recovery,29.8880003,29.7599994,1.00430111,1841.69602
1,control,53,recovery,29.1520003,29.7599994,0.979569924,1873.98398
1,control,54,recovery,30.1440004,29.7599994,1.01290326,1905.18403
1,control,55,recovery,28.6720004,29.7599994,0.963440894,1937.95204
1,control,56,recovery,29.4400007,29.7599994,0.989247355,1969.95199
1,control,57,recovery,29.8880003,29.7599994,1.00430111,2001.44005
1,control,58,recovery,29.1840006,29.7599994,0.980645201,2033.69594
1,control,59,recovery,30.1440004,29.7599994,1.01290326,2064.92805
1,control,60,recovery,28.8960002,29.7599994,0.970967771,2097.47195
1,control,61,recovery,30.4320008,29.7599994,1.02258069,2128.41606
1,control,62,recovery,28.6720004,29.7599994,0.963440894,2161.18407
1,control,63,recovery,29.4720009,29.7599994,0.990322632,2193.15195
1,control,64,recovery,29.8239999,29.7599994,1.00215055,2224.67208
1,control,65,recovery,29.2160008,29.7599994,0.981720478,2256.89602
1,control,66,recovery,30.5279996,29.7599994,1.02580646,2288.16009
1,control,67,recovery,28.7040006,29.7599994,0.964516171,2320.9281
1,control,68,recovery,29.3760002,29.7599994,0.987096801,2352.99206
1,control,69,recovery,29.9839992,29.7599994,1.00752688,2384.4161
1,control,70,recovery,29.0559996,29.7599994,0.976344093,2416.80002
1,control,71,recovery,30.3039998,29.7599994,1.01827958,2447.90411
1,control,72,recovery,28.7040006,29.7599994,0.964516171,2480.63993
1,control,73,recovery,29.5679998,29.7599994,0.9935484,2512.54392
1,control,74,recovery,30.1120002,29.7599994,1.01182798,2544.15989
1,control,75,recovery,28.9600007,29.7599994,0.973118325,2576.63989
1,control,76,recovery,29.4720009,29.7599994,0.990322632,2608.86407
1,control,77,recovery,29.8560001,29.7599994,1.00322583,2640.41591
1,control,78,recovery,29.1840006,29.7599994,0.980645201,2672.67203
1,control,79,recovery,30.1440004,29.7599994,1.01290326,2703.90391
1,control,80,recovery,28.8960002,29.7599994,0.970967771,2736.44805
1,control,81,recovery,30.4320008,29.7599994,1.02258069,2767.39192
1,control,82,recovery,28.6720004,29.7599994,0.963440894,2800.15993
1,control,83,recovery,29.4400007,29.7599994,0.989247355,2832.16
1,control,84,recovery,29.9200006,29.7599994,1.00537639,2863.64794
1,control,85,recovery,28.7999995,29.7599994,0.96774194,2896.28792
1,control,86,recovery,29.5039993,29.7599994,0.991397846,2928.15995
1,control,87,recovery,29.9839992,29.7599994,1.00752688,2959.90396
1,control,88,recovery,28.9919991,29.7599994,0.974193539,2992.35201
1,control,89,recovery,30.4000005,29.7599994,1.02150542,3023.39196
1,control,90,recovery,28.6720004,29.7599994,0.963440894,3056.15997
1,control,91,recovery,29.4720009,29.7599994,0.990322632,3088.0959
1,control,92,recovery,29.8239999,29.7599994,1.00215055,3119.64798
1,control,93,recovery,29.2160008,29.7599994,0.981720478,3151.87192
1,control,94,recovery,30.0799999,29.7599994,1.01075271,3183.13599
1,control,95,recovery,28.9280005,29.7599994,0.972043048,3215.64794
1,control,96,recovery,30.3680003,29.7599994,1.02043014,3246.62399
1,control,97,recovery,29.7599994,29.7599994,1,3279.392
1,control,98,recovery,29.2799994,29.7599994,0.98387097,3311.55205
1,control,99,recovery,30.0479997,29.7599994,1.00967743,3342.88001
1,control,100,recovery,28.9280005,29.7599994,0.972043048,3375.39196
1,control,101,recovery,30.4320008,29.7599994,1.02258069,3406.36802
1,control,102,recovery,29.7919996,29.7599994,1.00107528,3439.13603
1,control,103,recovery,29.2799994,29.7599994,0.98387097,3471.32802
1,control,104,recovery,30.336,29.7599994,1.01935486,3502.62403
1,control,105,recovery,28.7040006,29.7599994,0.964516171,3535.3601
1,control,106,recovery,29.4720009,29.7599994,0.990322632,3567.26408
1,control,107,recovery,30.1120002,29.7599994,1.01182798,3598.88005
1,control,108,recovery,28.9280005,29.7599994,0.972043048,3631.392
1,control,109,recovery,30.4320008,29.7599994,1.02258069,3662.36806
1,control,110,recovery,38.9119983,29.7599994,1.30752685,3695.13607
1,control,111,recovery,30.1760007,29.7599994,1.01397854,3736.09591
1,control,112,recovery,28.864,29.7599994,0.969892494,3768.67199
1,control,113,recovery,30.4959994,29.7599994,1.02473118,3799.58391
1,control,114,recovery,28.6720004,29.7599994,0.963440894,3832.35192
1,control,115,recovery,29.4400007,29.7599994,0.989247355,3864.35199
1,control,116,recovery,30.0799999,29.7599994,1.01075271,3895.83993
1,control,117,recovery,28.9600007,29.7599994,0.973118325,3928.31993
1,control,118,recovery,30.3680003,29.7599994,1.02043014,3959.32794
1,control,119,recovery,28.6720004,29.7599994,0.963440894,3992.09595
1,control,120,recovery,29.4720009,29.7599994,0.990322632,4024.00017
1,control,121,recovery,29.8239999,29.7599994,1.00215055,4055.58395
1,control,122,recovery,29.1840006,29.7599994,0.980645201,4087.84008
1,control,123,recovery,30.1440004,29.7599994,1.01290326,4119.07196
1,control,124,recovery,28.8960002,29.7599994,0.970967771,4151.6161
1,control,125,recovery,30.4000005,29.7599994,1.02150542,4182.55997
1,control,126,recovery,29.8239999,29.7599994,1.00215055,4215.32822
1,control,127,recovery,29.2160008,29.7599994,0.981720478,4247.55192
1,control,128,recovery,30.1440004,29.7599994,1.01290326,4278.81622
1,control,129,recovery,28.8960002,29.7599994,0.970967771,4311.35988
1,control,130,recovery,30.4639991,29.7599994,1.02365591,4342.30423
1,control,131,recovery,28.6720004,29.7599994,0.963440894,4375.072
1,control,132,recovery,29.4720009,29.7599994,0.990322632,4407.04012
1,control,133,recovery,29.9200006,29.7599994,1.00537639,4438.56001
1,control,134,recovery,29.1200001,29.7599994,0.978494647,4470.88003
1,control,135,recovery,30.2719995,29.7599994,1.01720431,4502.04802
1,control,136,recovery,28.7679993,29.7599994,0.966666662,4534.71994
1,control,137,recovery,29.5039993,29.7599994,0.991397846,4566.72001
1,control,138,recovery,29.8239999,29.7599994,1.00215055,4598.30379
1,control,139,recovery,29.2160008,29.7599994,0.981720478,4630.52797
1,control,140,recovery,30.1120002,29.7599994,1.01182798,4661.7918
1,control,141,recovery,28.9280005,29.7599994,0.972043048,4694.30399
1,control,142,recovery,30.3680003,29.7599994,1.02043014,4725.27981
1,control,143,recovery,28.6720004,29.7599994,0.963440894,4758.04806
1,control,144,recovery,29.4720009,29.7599994,0.990322632,4789.91985
1,control,145,recovery,29.7919996,29.7599994,1.00107528,4821.53606
1,control,146,recovery,29.2799994,29.7599994,0.98387097,4853.69587
1,control,147,recovery,30.0479997,29.7599994,1.00967743,4885.02407
1,control,148,recovery,28.7679993,29.7599994,0.966666662,4917.696
1,control,149,recovery,29.4720009,29.7599994,0.990322632,4949.60022
1,control,150,recovery,29.6960007,29.7599994,0.997849509,4981.27985
1,control,151,recovery,29.4080004,29.7599994,0.988172078,5013.34381
1,control,152,recovery,29.9839992,29.7599994,1.00752688,5044.76786
1,control,153,recovery,29.0559996,29.7599994,0.976344093,5077.15178
1,control,154,recovery,30.3039998,29.7599994,1.01827958,5108.25586
1,control,155,recovery,28.7360009,29.7599994,0.965591448,5140.96022
1,control,156,recovery,29.5039993,29.7599994,0.991397846,5172.86396
1,control,157,recovery,30.0799999,29.7599994,1.01075271,5204.51212
1,control,158,recovery,28.9280005,29.7599994,0.972043048,5237.02383
1,control,159,recovery,30.4000005,29.7599994,1.02150542,5268.00013
1,control,160,recovery,28.6720004,29.7599994,0.963440894,5300.7679
1,control,161,recovery,29.4720009,29.7599994,0.990322632,5332.70407
1,control,162,recovery,29.8239999,29.7599994,1.00215055,5364.25591
1,control,163,recovery,29.2160008,29.7599994,0.981720478,5396.48008
1,control,164,recovery,30.0799999,29.7599994,1.01075271,5427.74391
1,control,165,recovery,28.9600007,29.7599994,0.973118325,5460.22415
1,control,166,recovery,30.3680003,29.7599994,1.02043014,5491.23192
1,control,167,recovery,28.6720004,29.7599994,0.963440894,5524.00017
1,control,168,recovery,29.2160008,29.7599994,0.981720478,5556.22387
1,control,169,recovery,30.1120002,29.7599994,1.01182798,5587.48817
1,control,170,recovery,28.9280005,29.7599994,0.972043048,5619.99989
1,control,171,recovery,29.4720009,29.7599994,0.990322632,5652.09579
1,control,172,recovery,29.6960007,29.7599994,0.997849509,5683.74395
1,control,173,recovery,29.3439999,29.7599994,0.986021524,5715.83986
1,control,174,recovery,29.9839992,29.7599994,1.00752688,5747.23196
1,control,175,recovery,29.0879998,29.7599994,0.97741937,5779.58393
1,control,176,recovery,30.2399993,29.7599994,1.01612903,5810.71997
1,control,177,recovery,28.7999995,29.7599994,0.96774194,5843.35995
1,control,178,recovery,29.5039993,29.7599994,0.991397846,5875.42391
1,control,179,recovery,29.7919996,29.7599994,1.00107528,5906.97622
1,control,180,recovery,28.8960002,29.7599994,0.970967771,5939.51988
1,control,181,recovery,30.4320008,29.7599994,1.02258069,5970.46423
1,control,182,recovery,28.6720004,29.7599994,0.963440894,6003.232
1,control,183,recovery,29.5039993,29.7599994,0.991397846,6035.16817
1,control,184,recovery,29.8880003,29.7599994,1.00430111,6066.72001
1,control,185,recovery,29.1200001,29.7599994,0.978494647,6099.04003
1,control,186,recovery,30.2080009,29.7599994,1.01505382,6130.20802
1,control,187,recovery,28.8319997,29.7599994,0.968817217,6162.81605
1,control,188,recovery,30.4639991,29.7599994,1.02365591,6193.69602
1,control,189,recovery,29.9200006,29.7599994,1.00537639,6226.46379
1,control,190,recovery,29.1200001,29.7599994,0.978494647,6258.78382
1,control,191,recovery,30.2399993,29.7599994,1.01612903,6289.9518
1,control,192,recovery,28.7999995,29.7599994,0.96774194,6322.59178
1,control,193,recovery,29.5359995,29.7599994,0.992473123,6354.46405
1,control,194,recovery,28.6720004,29.7599994,0.963440894,6386.20806
1,control,195,recovery,29.3439999,29.7599994,0.986021524,6418.30397
1,control,196,recovery,30.0159995,29.7599994,1.00860215,6449.69606
1,control,197,recovery,29.0239993,29.7599994,0.975268816,6482.11193
1,control,198,recovery,30.6560006,29.7599994,1.03010757,6513.18407
1,control,199,recovery,29.7599994,29.7599994,1,6545.95184
2,control,0,recovery,32.0959985,29.9520008,1.07158112,163.839996
2,control,1,recovery,29.0239993,29.9520008,0.969017046,198.336005
2,control,2,recovery,29.3119997,29.9520008,0.978632441,230.463997
2,control,3,recovery,28.6720004,29.9520008,0.957264944,262.143999
2,control,4,recovery,30.4320008,29.9520008,1.01602564,292.863995
2,control,5,recovery,28.6720004,29.9520008,0.957264944,325.632006
2,control,6,recovery,29.5039993,29.9520008,0.985042684,357.567996
2,control,7,recovery,30.1760007,29.9520008,1.00747863,389.120013
2,control,8,recovery,28.6720004,29.9520008,0.957264944,421.887994
2,control,9,recovery,29.4400007,29.9520008,0.982905978,453.664005
2,control,10,recovery,30.2399993,29.9520008,1.00961533,485.376
2,control,11,recovery,28.7999995,29.9520008,0.961538418,518.015981
2,control,12,recovery,29.5679998,29.9520008,0.987179452,550.015986
2,control,13,recovery,29.7279991,29.9520008,0.992521311,581.632018
2,control,14,recovery,29.2799994,29.9520008,0.977564057,613.792002
2,control,15,recovery,30.3039998,29.9520008,1.0117521,645.120025
2,control,16,recovery,28.7360009,29.9520008,0.959401712,677.82402
2,control,17,recovery,30.6240004,29.9520008,1.02243588,708.607972
2,control,18,recovery,29.9839992,29.9520008,1.00106832,741.375983
2,control,19,recovery,28.7679993,29.9520008,0.960470034,774.047971
2,control,20,recovery,29.4720009,29.9520008,0.983974362,805.887997
2,control,21,recovery,28.6720004,29.9520008,0.957264944,837.632
2,control,22,recovery,29.4400007,29.9520008,0.982905978,869.535983
2,control,23,recovery,28.6720004,29.9520008,0.957264944,901.120007
2,control,24,recovery,29.3439999,29.9520008,0.979700825,933.055997
2,control,25,recovery,28.6720004,29.9520008,0.957264944,964.608014
2,control,26,recovery,29.5359995,29.9520008,0.986111068,996.511996
2,control,27,recovery,29.9200006,29.9520008,0.998931616,1028.09596
2,control,28,recovery,29.0879998,29.9520008,0.971153814,1060.44805
2,control,29,recovery,30.3680003,29.9520008,1.01388887,1091.58397
2,control,30,recovery,28.7040006,29.9520008,0.958333328,1124.35198
2,control,31,recovery,29.3439999,29.9520008,0.979700825,1156.44801
2,control,32,recovery,29.9520008,29.9520008,1,1187.83998
2,control,33,recovery,29.0879998,29.9520008,0.971153814,1220.19196
2,control,34,recovery,30.2719995,29.9520008,1.01068372,1251.32799
2,control,35,recovery,28.7999995,29.9520008,0.961538418,1283.96797
2,control,36,recovery,29.4720009,29.9520008,0.983974362,1315.84001
2,control,37,recovery,28.6720004,29.9520008,0.957264944,1347.58401
2,control,38,recovery,29.3760002,29.9520008,0.980769209,1379.64797
2,control,39,recovery,29.9520008,29.9520008,1,1411.07202
2,control,40,recovery,28.864,29.9520008,0.963675187,1443.64798
2,control,41,recovery,30.4639991,29.9520008,1.01709396,1474.56002
2,control,42,recovery,29.9200006,29.9520008,0.998931616,1507.32803
2,control,43,recovery,29.1200001,29.9520008,0.972222198,1539.64806
2,control,44,recovery,30.2080009,29.9520008,1.00854701,1570.81604
2,control,45,recovery,28.8319997,29.9520008,0.962606803,1603.42395
2,control,46,recovery,30.4639991,29.9520008,1.01709396,1634.30405
2,control,47,recovery,28.7040006,29.9520008,0.958333328,1667.07206
2,control,48,recovery,29.4080004,29.9520008,0.981837593,1699.10395
2,control,49,recovery,29.9839992,29.9520008,1.00106832,1730.55995
2,control,50,recovery,29.0559996,29.9520008,0.97008543,1762.94398
2,control,51,recovery,30.3039998,29.9520008,1.0117521,1794.04795
2,control,52,recovery,29.7279991,29.9520008,0.992521311,1826.81596
2,control,53,recovery,29.3119997,29.9520008,0.978632441,1858.94406
2,control,54,recovery,30.0479997,29.9520008,1.00320509,1890.30397
2,control,55,recovery,28.9919991,29.9520008,0.967948661,1922.75202
2,control,56,recovery,30.4320008,29.9520008,1.01602564,1953.79198
2,control,57,recovery,28.6720004,29.9520008,0.957264944,1986.55999
2,control,58,recovery,29.5039993,29.9520008,0.985042684,2018.49604
2,control,59,recovery,29.8560001,29.9520008,0.996794847,2050.04811
2,control,60,recovery,29.1520003,29.9520008,0.973290582,2082.33595
2,control,61,recovery,30.5279996,29.9520008,1.01923073,2113.53588
2,control,62,recovery,28.7040006,29.9520008,0.958333328,2146.30389
2,control,63,recovery,29.3760002,29.9520008,0.980769209,2178.36809
2,control,64,recovery,30.7199992,29.9520008,1.02564097,2209.7919
2,control,65,recovery,30.4000005,29.9520008,1.01495725,2242.55991
2,control,66,recovery,28.6720004,29.9520008,0.957264944,2275.32792
2,control,67,recovery,29.4720009,29.9520008,0.983974362,2307.29604
2,control,68,recovery,30.1440004,29.9520008,1.00641024,2338.81593
2,control,69,recovery,28.8960002,29.9520008,0.964743571,2371.36006
2,control,70,recovery,38.9119983,29.9520008,1.29914521,2402.30393
2,control,71,recovery,30.1440004,29.9520008,1.00641024,2443.26401
2,control,72,recovery,28.8960002,29.9520008,0.964743571,2475.80791
2,control,73,recovery,30.4320008,29.9520008,1.01602564,2506.75201
2,control,74,recovery,28.6720004,29.9520008,0.957264944,2539.52003
2,control,75,recovery,29.4720009,29.9520008,0.983974362,2571.4879
2,control,76,recovery,29.8560001,29.9520008,0.996794847,2603.00803
2,control,77,recovery,29.2160008,29.9520008,0.975427351,2635.26392
2,control,78,recovery,30.1440004,29.9520008,1.00641024,2666.49604
2,control,79,recovery,28.8960002,29.9520008,0.964743571,2699.03994
2,control,80,recovery,30.4320008,29.9520008,1.01602564,2729.98405
2,control,81,recovery,29.7919996,29.9520008,0.994658079,2762.75206
2,control,82,recovery,29.2479992,29.9520008,0.976495673,2794.94405
2,control,83,recovery,30.0799999,29.9520008,1.00427347,2826.24006
2,control,84,recovery,28.9600007,29.9520008,0.966880339,2858.72006
2,control,85,recovery,30.4000005,29.9520008,1.01495725,2889.72807
2,control,86,recovery,28.6720004,29.9520008,0.957264944,2922.49608
2,control,87,recovery,29.3760002,29.9520008,0.980769209,2954.56004
2,control,88,recovery,30.0159995,29.9520008,1.00213671,2985.98409
2,control,89,recovery,29.0239993,29.9520008,0.969017046,3018.4319
2,control,90,recovery,29.5359995,29.9520008,0.986111068,3050.59195
2,control,91,recovery,29.8560001,29.9520008,0.996794847,3082.2401
2,control,92,recovery,29.1840006,29.9520008,0.974358966,3114.49599
2,control,93,recovery,30.2399993,29.9520008,1.00961533,3145.72811
2,control,94,recovery,28.7360009,29.9520008,0.959401712,3178.43199
2,control,95,recovery,29.5039993,29.9520008,0.985042684,3210.4001
2,control,96,recovery,29.8560001,29.9520008,0.996794847,3241.98389
2,control,97,recovery,29.1840006,29.9520008,0.974358966,3274.24002
2,control,98,recovery,30.1120002,29.9520008,1.00534186,3305.4719
2,control,99,recovery,28.9600007,29.9520008,0.966880339,3337.9519
2,control,100,recovery,30.3680003,29.9520008,1.01388887,3368.9599
2,control,101,recovery,28.6720004,29.9520008,0.957264944,3401.72791
2,control,102,recovery,29.3119997,29.9520008,0.978632441,3433.85601
2,control,103,recovery,29.9839992,29.9520008,1.00106832,3465.21592
2,control,104,recovery,29.0559996,29.9520008,0.97008543,3497.60008
2,control,105,recovery,30.2719995,29.9520008,1.01068372,3528.70393
2,control,106,recovery,28.7360009,29.9520008,0.959401712,3561.40804
2,control,107,recovery,29.4720009,29.9520008,0.983974362,3593.28008
2,control,108,recovery,32.0959985,29.9520008,1.07158112,3624.95995
2,control,109,recovery,28.9919991,29.9520008,0.967948661,3659.45601
2,control,110,recovery,30.7199992,29.9520008,1.02564097,3690.49597
2,control,111,recovery,29.8880003,29.9520008,0.997863232,3723.26398
2,control,112,recovery,29.1200001,29.9520008,0.972222198,3755.584
2,control,113,recovery,30.3680003,29.9520008,1.01388887,3786.75199
2,control,114,recovery,28.6720004,29.9520008,0.957264944,3819.52
2,control,115,recovery,29.4720009,29.9520008,0.983974362,3851.48811
2,control,116,recovery,29.8880003,29.9520008,0.997863232,3883.008
2,control,117,recovery,29.0879998,29.9520008,0.971153814,3915.35997
2,control,118,recovery,30.4000005,29.9520008,1.01495725,3946.62404
2,control,119,recovery,28.6720004,29.9520008,0.957264944,3979.26402
2,control,120,recovery,29.3439999,29.9520008,0.979700825,4011.36017
2,control,121,recovery,30.0799999,29.9520008,1.00427347,4042.75179
2,control,122,recovery,28.9600007,29.9520008,0.966880339,4075.23203
2,control,123,recovery,30.4000005,29.9520008,1.01495725,4106.2398
2,control,124,recovery,28.6720004,29.9520008,0.957264944,4139.00805
2,control,125,recovery,29.4720009,29.9520008,0.983974362,4170.97616
2,control,126,recovery,29.8560001,29.9520008,0.996794847,4202.49605
2,control,127,recovery,29.2160008,29.9520008,0.975427351,4234.72023
2,control,128,recovery,30.2719995,29.9520008,1.01068372,4265.98406
2,control,129,recovery,28.7679993,29.9520008,0.960470034,4298.65599
2,control,130,recovery,29.2799994,29.9520008,0.977564057,4330.91211
2,control,131,recovery,30.0159995,29.9520008,1.00213671,4362.23984
2,control,132,recovery,29.0239993,29.9520008,0.969017046,4394.65618
2,control,133,recovery,30.2719995,29.9520008,1.01068372,4425.72784
2,control,134,recovery,28.7360009,29.9520008,0.959401712,4458.4322
2,control,135,recovery,29.4720009,29.9520008,0.983974362,4490.30399
2,control,136,recovery,28.6720004,29.9520008,0.957264944,4521.9841
2,control,137,recovery,29.3760002,29.9520008,0.980769209,4554.04806
2,control,138,recovery,29.9520008,29.9520008,1,4585.47211
2,control,139,recovery,29.0879998,29.9520008,0.971153814,4617.82408
2,control,140,recovery,30.2719995,29.9520008,1.01068372,4648.96011
2,control,141,recovery,28.6720004,29.9520008,0.957264944,4681.72789
2,control,142,recovery,29.2799994,29.9520008,0.977564057,4713.88817
2,control,143,recovery,30.0479997,29.9520008,1.00320509,4745.21589
2,control,144,recovery,28.9919991,29.9520008,0.967948661,4777.66418
2,control,145,recovery,30.3039998,29.9520008,1.0117521,4808.7039
2,control,146,recovery,28.7360009,29.9520008,0.959401712,4841.40778
2,control,147,recovery,29.4720009,29.9520008,0.983974362,4873.28005
2,control,148,recovery,30.7199992,29.9520008,1.02564097,4904.96016
2,control,149,recovery,30.4000005,29.9520008,1.01495725,4937.72793
2,control,150,recovery,28.6720004,29.9520008,0.957264944,4970.49618
2,control,151,recovery,29.5039993,29.9520008,0.985042684,5002.43187
2,control,152,recovery,29.8239999,29.9520008,0.995726463,5033.98418
2,control,153,recovery,29.2160008,29.9520008,0.975427351,5066.20789
2,control,154,recovery,30.1120002,29.9520008,1.00534186,5097.47219
2,control,155,recovery,28.9600007,29.9520008,0.966880339,5129.95195
2,control,156,recovery,38.9119983,29.9520008,1.29914521,5160.9602
2,control,157,recovery,29.3119997,29.9520008,0.978632441,5203.32813
2,control,158,recovery,30.0159995,29.9520008,1.00213671,5234.68781
2,control,159,recovery,29.0239993,29.9520008,0.969017046,5267.10415
2,control,160,recovery,29.5039993,29.9520008,0.985042684,5299.26395
2,control,161,recovery,29.7279991,29.9520008,0.992521311,5330.94406
2,control,162,recovery,29.3119997,29.9520008,0.978632441,5363.07192
2,control,163,recovery,30.0479997,29.9520008,1.00320509,5394.43207
2,control,164,recovery,28.9919991,29.9520008,0.967948661,5426.87988
2,control,165,recovery,30.3680003,29.9520008,1.01388887,5457.92007
2,control,166,recovery,28.6720004,29.9520008,0.957264944,5490.68785
2,control,167,recovery,29.0559996,29.9520008,0.97008543,5523.07177
2,control,168,recovery,30.336,29.9520008,1.01282049,5554.17585
2,control,169,recovery,29.7279991,29.9520008,0.992521311,5586.9441
2,control,170,recovery,29.2479992,29.9520008,0.976495673,5619.13586
2,control,171,recovery,30.1120002,29.9520008,1.00534186,5650.43211
2,control,172,recovery,28.8960002,29.9520008,0.964743571,5682.97577
2,control,173,recovery,29.4720009,29.9520008,0.983974362,5715.00778
2,control,174,recovery,29.7279991,29.9520008,0.992521311,5746.68789
2,control,175,recovery,29.2479992,29.9520008,0.976495673,5778.88012
2,control,176,recovery,30.1440004,29.9520008,1.00641024,5810.1759
2,control,177,recovery,28.7040006,29.9520008,0.958333328,5842.9122
2,control,178,recovery,29.5039993,29.9520008,0.985042684,5874.81594
2,control,179,recovery,30.0479997,29.9520008,1.00320509,5906.43215
2,control,180,recovery,28.9600007,29.9520008,0.966880339,5938.91191
2,control,181,recovery,30.4320008,29.9520008,1.01602564,5969.92016
2,control,182,recovery,28.6720004,29.9520008,0.957264944,6002.68793
2,control,183,recovery,29.5039993,29.9520008,0.985042684,6034.6241
2,control,184,recovery,29.8239999,29.9520008,0.995726463,6066.17594
2,control,185,recovery,29.2479992,29.9520008,0.976495673,6098.36817
2,control,186,recovery,30.1120002,29.9520008,1.00534186,6129.66394
2,control,187,recovery,28.864,29.9520008,0.963675187,6162.24003
2,control,188,recovery,30.4320008,29.9520008,1.01602564,6193.15195
2,control,189,recovery,29.8560001,29.9520008,0.996794847,6225.9202
2,control,190,recovery,29.1840006,29.9520008,0.974358966,6258.17585
2,control,191,recovery,30.1440004,29.9520008,1.00641024,6289.40821
2,control,192,recovery,28.8960002,29.9520008,0.964743571,6321.95187
2,control,193,recovery,30.4320008,29.9520008,1.01602564,6352.89621
2,control,194,recovery,28.6720004,29.9520008,0.957264944,6385.66399
2,control,195,recovery,29.4400007,29.9520008,0.982905978,6417.66405
2,control,196,recovery,28.6720004,29.9520008,0.957264944,6449.15199
2,control,197,recovery,29.3760002,29.9520008,0.980769209,6481.21595
2,control,198,recovery,30.1760007,29.9520008,1.00747863,6512.64
2,control,199,recovery,28.8960002,29.9520008,0.964743571,6545.21608
3,control,0,recovery,31.5839984,29.6640005,1.06472485,183.456004
3,control,1,recovery,30.1120002,29.6640005,1.01510247,217.087999
3,control,2,recovery,28.9280005,29.6640005,0.975188781,249.599993
3,control,3,recovery,30.2719995,29.6640005,1.02049619,280.575991
3,control,4,recovery,28.7679993,29.6640005,0.969794997,313.248008
3,control,5,recovery,29.5359995,29.6640005,0.995684973,345.151991
3,control,6,recovery,29.8880003,29.6640005,1.00755124,376.832008
3,control,7,recovery,29.1520003,29.6640005,0.982740016,409.119993
3,control,8,recovery,30.0479997,29.6640005,1.01294496,440.319985
3,control,9,recovery,28.9600007,29.6640005,0.976267538,472.799987
3,control,10,recovery,30.0159995,29.6640005,1.0118662,503.808022
3,control,11,recovery,29.0239993,29.6640005,0.978424989,536.224008
3,control,12,recovery,30.3039998,29.6640005,1.02157495,567.296028
3,control,13,recovery,28.7040006,29.6640005,0.967637546,600.031972
3,control,14,recovery,29.4080004,29.6640005,0.991370008,631.871998
3,control,15,recovery,28.6720004,29.6640005,0.966558789,663.551986
3,control,16,recovery,29.3760002,29.6640005,0.990291251,695.42402
3,control,17,recovery,28.6720004,29.6640005,0.966558789,727.039993
3,control,18,recovery,29.3119997,29.6640005,0.988133737,759.168029
3,control,19,recovery,29.9839992,29.6640005,1.01078744,790.527999
3,control,20,recovery,29.0559996,29.6640005,0.979503745,822.911978
3,control,21,recovery,30.4639991,29.6640005,1.02696867,854.016006
3,control,22,recovery,28.7999995,29.6640005,0.970873753,886.784017
3,control,23,recovery,29.0879998,29.6640005,0.980582502,919.135988
3,control,24,recovery,30.1120002,29.6640005,1.01510247,950.272024
3,control,25,recovery,28.9280005,29.6640005,0.975188781,982.783973
3,control,26,recovery,30.2399993,29.6640005,1.01941743,1013.75997
3,control,27,recovery,28.7999995,29.6640005,0.970873753,1046.39995
3,control,28,recovery,30.4639991,29.6640005,1.02696867,1077.24798
3,control,29,recovery,28.6720004,29.6640005,0.966558789,1110.01599
3,control,30,recovery,30.3680003,29.6640005,1.02373246,1140.86401
3,control,31,recovery,28.6720004,29.6640005,0.966558789,1173.50399
3,control,32,recovery,29.4080004,29.6640005,0.991370008,1205.53601
3,control,33,recovery,30.2080009,29.6640005,1.01833874,1236.992
3,control,34,recovery,28.8319997,29.6640005,0.97195251,1269.60003
3,control,35,recovery,29.4720009,29.6640005,0.993527522,1301.66399
3,control,36,recovery,29.9200006,29.6640005,1.00862999,1333.24802
3,control,37,recovery,29.1200001,29.6640005,0.981661259,1365.56804
3,control,38,recovery,30.2399993,29.6640005,1.01941743,1396.73603
3,control,39,recovery,28.7999995,29.6640005,0.970873753,1429.37601
3,control,40,recovery,30.3680003,29.6640005,1.02373246,1460.35194
3,control,41,recovery,28.6720004,29.6640005,0.966558789,1492.99204
3,control,42,recovery,29.4400007,29.6640005,0.992448765,1524.99199
3,control,43,recovery,29.8880003,29.6640005,1.00755124,1556.48005
3,control,44,recovery,29.1520003,29.6640005,0.982740016,1588.76801
3,control,45,recovery,30.1760007,29.6640005,1.01725998,1619.96806
3,control,46,recovery,28.864,29.6640005,0.973031267,1652.54402
3,control,47,recovery,29.3439999,29.6640005,0.989212494,1684.83198
3,control,48,recovery,29.9520008,29.6640005,1.00970875,1716.22396
3,control,49,recovery,29.0559996,29.6640005,0.979503745,1748.60799
3,control,50,recovery,30.3039998,29.6640005,1.02157495,1779.71196
3,control,51,recovery,28.7360009,29.6640005,0.968716303,1812.41596
3,control,52,recovery,29.4720009,29.6640005,0.993527522,1844.32006
3,control,53,recovery,29.7599994,29.6640005,1.00323621,1875.96798
3,control,54,recovery,29.2799994,29.6640005,0.987054981,1908.12802
3,control,55,recovery,30.0159995,29.6640005,1.0118662,1939.45599
3,control,56,recovery,29.0239993,29.6640005,0.978424989,1971.87197
3,control,57,recovery,30.3039998,29.6640005,1.02157495,2002.94399
3,control,58,recovery,28.6720004,29.6640005,0.966558789,2035.712
3,control,59,recovery,29.4720009,29.6640005,0.993527522,2067.67988
3,control,60,recovery,29.8560001,29.6640005,1.00647248,2099.20001
3,control,61,recovery,29.1840006,29.6640005,0.983818773,2131.4559
3,control,62,recovery,30.1440004,29.6640005,1.01618123,2162.68802
3,control,63,recovery,28.864,29.6640005,0.973031267,2195.2641
3,control,64,recovery,30.4959994,29.6640005,1.02804743,2226.17602
3,control,65,recovery,29.6960007,29.6640005,1.00107876,2258.94403
3,control,66,recovery,29.3439999,29.6640005,0.989212494,2291.03994
3,control,67,recovery,30.1760007,29.6640005,1.01725998,2322.43204
3,control,68,recovery,28.8960002,29.6640005,0.974110024,2355.00789
3,control,69,recovery,30.7199992,29.6640005,1.03559866,2385.92005
3,control,70,recovery,30.0479997,29.6640005,1.01294496,2418.68806
3,control,71,recovery,29.0239993,29.6640005,0.978424989,2451.10393
3,control,72,recovery,30.2080009,29.6640005,1.01833874,2482.17607
3,control,73,recovery,28.8319997,29.6640005,0.97195251,2514.7841
3,control,74,recovery,30.336,29.6640005,1.02265371,2545.82405
3,control,75,recovery,28.6720004,29.6640005,0.966558789,2578.43208
3,control,76,recovery,29.3439999,29.6640005,0.989212494,2610.52799
3,control,77,recovery,30.0479997,29.6640005,1.01294496,2641.92009
3,control,78,recovery,28.9280005,29.6640005,0.975188781,2674.43204
3,control,79,recovery,30.4000005,29.6640005,1.02481122,2705.4081
3,control,80,recovery,29.7279991,29.6640005,1.00215745,2738.17611
3,control,81,recovery,29.2479992,29.6640005,0.985976224,2770.30396
3,control,82,recovery,29.8239999,29.6640005,1.00539372,2801.66411
3,control,83,recovery,29.2160008,29.6640005,0.98489753,2833.88805
3,control,84,recovery,30.1440004,29.6640005,1.01618123,2865.15188
3,control,85,recovery,28.864,29.6640005,0.973031267,2897.72797
3,control,86,recovery,30.4000005,29.6640005,1.02481122,2928.63989
3,control,87,recovery,29.7279991,29.6640005,1.00215745,2961.4079
3,control,88,recovery,29.3119997,29.6640005,0.988133737,2993.536
3,control,89,recovery,29.9839992,29.6640005,1.01078744,3024.89591
3,control,90,recovery,28.7040006,29.6640005,0.967637546,3057.63197
3,control,91,recovery,29.4720009,29.6640005,0.993527522,3089.53595
3,control,92,recovery,29.7919996,29.6640005,1.00431496,3121.15192
3,control,93,recovery,29.2479992,29.6640005,0.985976224,3153.34392
3,control,94,recovery,30.1440004,29.6640005,1.01618123,3184.63993
3,control,95,recovery,28.9280005,29.6640005,0.975188781,3217.15212
3,control,96,recovery,30.4639991,29.6640005,1.02696867,3248.12794
3,control,97,recovery,29.9200006,29.6640005,1.00862999,3280.89595
3,control,98,recovery,29.1200001,29.6640005,0.981661259,3313.21597
3,control,99,recovery,30.1760007,29.6640005,1.01725998,3344.38396
3,control,100,recovery,28.8319997,29.6640005,0.97195251,3376.99199
3,control,101,recovery,29.6640005,29.6640005,1,3408.92792
3,control,102,recovery,29.8560001,29.6640005,1.00647248,3440.63997
3,control,103,recovery,29.1840006,29.6640005,0.983818773,3472.8961
3,control,104,recovery,30.1760007,29.6640005,1.01725998,3504.12798
3,control,105,recovery,28.8319997,29.6640005,0.97195251,3536.73601
3,control,106,recovery,30.4959994,29.6640005,1.02804743,3567.61599
3,control,107,recovery,28.6720004,29.6640005,0.966558789,3600.384
3,control,108,recovery,29.4720009,29.6640005,0.993527522,3632.35211
3,control,109,recovery,29.8560001,29.6640005,1.00647248,3663.872
3,control,110,recovery,29.1520003,29.6640005,0.982740016,3696.16008
3,control,111,recovery,40.959999,29.6640005,1.38079822,3727.36001
3,control,112,recovery,30.0479997,29.6640005,1.01294496,3770.3681
3,control,113,recovery,28.9919991,29.6640005,0.977346232,3802.81591
3,control,114,recovery,30.336,29.6640005,1.02265371,3833.85611
3,control,115,recovery,28.6720004,29.6640005,0.966558789,3866.62412
3,control,116,recovery,29.3119997,29.6640005,0.988133737,3898.75197
3,control,117,recovery,30.0159995,29.6640005,1.0118662,3930.11189
3,control,118,recovery,29.0239993,29.6640005,0.978424989,3962.52799
3,control,119,recovery,29.4720009,29.6640005,0.993527522,3994.75193
3,control,120,recovery,29.7599994,29.6640005,1.00323621,4026.36814
3,control,121,recovery,29.2799994,29.6640005,0.987054981,4058.52795
3,control,122,recovery,30.0479997,29.6640005,1.01294496,4089.85615
3,control,123,recovery,28.9600007,29.6640005,0.976267538,4122.33591
3,control,124,recovery,30.336,29.6640005,1.02265371,4153.34415
3,control,125,recovery,28.6720004,29.6640005,0.966558789,4186.11193
3,control,126,recovery,29.4720009,29.6640005,0.993527522,4218.08004
3,control,127,recovery,29.9200006,29.6640005,1.00862999,4249.59993
3,control,128,recovery,28.8960002,29.6640005,0.974110024,4282.14407
3,control,129,recovery,30.4320008,29.6640005,1.02588998,4313.08794
3,control,130,recovery,28.6720004,29.6640005,0.966558789,4345.85619
3,control,131,recovery,29.2799994,29.6640005,0.987054981,4377.82383
3,control,132,recovery,28.6720004,29.6640005,0.966558789,4409.3442
3,control,133,recovery,29.3119997,29.6640005,0.988133737,4441.47205
3,control,134,recovery,29.9839992,29.6640005,1.01078744,4472.8322
3,control,135,recovery,29.0559996,29.6640005,0.979503745,4505.21612
3,control,136,recovery,30.336,29.6640005,1.02265371,4536.32021
3,control,137,recovery,28.7360009,29.6640005,0.968716303,4569.02409
3,control,138,recovery,29.4720009,29.6640005,0.993527522,4600.95978
3,control,139,recovery,30.1440004,29.6640005,1.01618123,4632.57599
3,control,140,recovery,28.8960002,29.6640005,0.974110024,4665.12012
3,control,141,recovery,30.4320008,29.6640005,1.02588998,4696.064
3,control,142,recovery,28.6720004,29.6640005,0.966558789,4728.83177
3,control,143,recovery,29.4400007,29.6640005,0.992448765,4760.83183
3,control,144,recovery,29.8880003,29.6640005,1.00755124,4792.31977
3,control,145,recovery,29.1520003,29.6640005,0.982740016,4824.60785
3,control,146,recovery,30.1440004,29.6640005,1.01618123,4855.80778
3,control,147,recovery,28.9280005,29.6640005,0.975188781,4888.31997
3,control,148,recovery,29.4720009,29.6640005,0.993527522,4920.54415
3,control,149,recovery,29.8880003,29.6640005,1.00755124,4952.06404
3,control,150,recovery,29.1840006,29.6640005,0.983818773,4984.35211
3,control,151,recovery,30.1760007,29.6640005,1.01725998,5015.55204
3,control,152,recovery,32.9280011,29.6640005,1.11003238,5048.16008
3,control,153,recovery,30.2719995,29.6640005,1.02049619,5083.13608
3,control,154,recovery,28.6720004,29.6640005,0.966558789,5115.90385
3,control,155,recovery,29.3760002,29.6640005,0.990291251,5147.96782
3,control,156,recovery,29.9839992,29.6640005,1.01078744,5179.39186
3,control,157,recovery,29.0559996,29.6640005,0.979503745,5211.77578
3,control,158,recovery,30.3039998,29.6640005,1.02157495,5242.87987
3,control,159,recovery,28.7679993,29.6640005,0.969794997,5275.5518
3,control,160,recovery,29.4720009,29.6640005,0.993527522,5307.45602
3,control,161,recovery,29.6960007,29.6640005,1.00107876,5339.13612
3,control,162,recovery,29.3760002,29.6640005,0.990291251,5371.20008
3,control,163,recovery,30.0159995,29.6640005,1.0118662,5402.62413
3,control,164,recovery,28.6720004,29.6640005,0.966558789,5435.3919
3,control,165,recovery,29.4720009,29.6640005,0.993527522,5467.36002
3,control,166,recovery,30.1440004,29.6640005,1.01618123,5498.87991
3,control,167,recovery,28.8960002,29.6640005,0.974110024,5531.42405
3,control,168,recovery,30.5279996,29.6640005,1.02912618,5562.36792
3,control,169,recovery,28.6720004,29.6640005,0.966558789,5595.13617
3,control,170,recovery,29.3760002,29.6640005,0.990291251,5627.20013
3,control,171,recovery,30.0799999,29.6640005,1.01402371,5658.62417
3,control,172,recovery,28.9280005,29.6640005,0.975188781,5691.13588
3,control,173,recovery,30.5599999,29.6640005,1.03020494,5722.11218
3,control,174,recovery,29.9520008,29.6640005,1.00970875,5754.87995
3,control,175,recovery,29.9200006,29.6640005,1.00862999,5787.6482
3,control,176,recovery,29.1200001,29.6640005,0.981661259,5819.96822
3,control,177,recovery,30.2399993,29.6640005,1.01941743,5851.13621
3,control,178,recovery,28.7679993,29.6640005,0.969794997,5883.80814
3,control,179,recovery,29.5039993,29.6640005,0.994606216,5915.67993
3,control,180,recovery,28.6720004,29.6640005,0.966558789,5947.39199
3,control,181,recovery,29.3439999,29.6640005,0.989212494,5979.4879
3,control,182,recovery,30.0799999,29.6640005,1.01402371,6010.87999
3,control,183,recovery,28.9600007,29.6640005,0.976267538,6043.36023
3,control,184,recovery,30.3680003,29.6640005,1.02373246,6074.368
3,control,185,recovery,28.6720004,29.6640005,0.966558789,6107.13577
3,control,186,recovery,29.4400007,29.6640005,0.992448765,6139.13584
3,control,187,recovery,29.8880003,29.6640005,1.00755124,6170.62378
3,control,188,recovery,29.1520003,29.6640005,0.982740016,6202.91185
3,control,189,recovery,30.2080009,29.6640005,1.01833874,6234.11179
3,control,190,recovery,28.8319997,29.6640005,0.97195251,6266.71982
3,control,191,recovery,29.5359995,29.6640005,0.995684973,6298.62404
3,control,192,recovery,29.7599994,29.6640005,1.00323621,6330.36804
3,control,193,recovery,29.2479992,29.6640005,0.985976224,6362.5598
3,control,194,recovery,29.0239993,29.6640005,0.978424989,6399.64819
3,control,195,recovery,30.4000005,29.6640005,1.02481122,6430.71985
3,control,196,recovery,28.6720004,29.6640005,0.966558789,6463.4881
3,control,197,recovery,29.5679998,29.6640005,0.996763729,6495.3599
3,control,198,recovery,30.1120002,29.6640005,1.01510247,6526.97611
3,control,199,recovery,28.864,29.6640005,0.973031267,6559.55219
4,control,0,recovery,32.8000002,30.0479997,1.09158681,246.304005
4,control,1,recovery,29.9520008,30.0479997,0.996805149,281.15201
4,control,2,recovery,29.0879998,30.0479997,0.968051123,313.50401
4,control,3,recovery,30.2399993,30.0479997,1.00638976,344.639987
4,control,4,recovery,28.7999995,30.0479997,0.958466447,377.279997
4,control,5,recovery,29.3760002,30.0479997,0.977635798,409.31201
4,control,6,recovery,28.6720004,30.0479997,0.954206626,440.896004
4,control,7,recovery,29.4080004,30.0479997,0.978700769,472.89601
4,control,8,recovery,29.9839992,30.0479997,0.997870058,504.383981
4,control,9,recovery,29.0559996,30.0479997,0.966986152,536.768019
4,control,10,recovery,29.4720009,30.0479997,0.980830711,569.024026
4,control,11,recovery,29.7919996,30.0479997,0.991480295,600.639999
4,control,12,recovery,29.2479992,30.0479997,0.973375915,632.831991
4,control,13,recovery,29.9520008,30.0479997,0.996805149,664.128006
4,control,14,recovery,29.0879998,30.0479997,0.968051123,696.479976
4,control,15,recovery,30.1120002,30.0479997,1.00212994,727.616012
4,control,16,recovery,28.9600007,30.0479997,0.963791301,760.096014
4,control,17,recovery,30.2399993,30.0479997,1.00638976,791.104019
4,control,18,recovery,28.7999995,30.0479997,0.958466447,823.743999
4,control,19,recovery,29.3439999,30.0479997,0.976570827,855.840027
4,control,20,recovery,29.8239999,30.0479997,0.992545266,887.359977
4,control,21,recovery,29.2160008,30.0479997,0.972311006,919.583976
4,control,22,recovery,29.9520008,30.0479997,0.996805149,950.847983
4,control,23,recovery,29.0559996,30.0479997,0.966986152,983.232021
4,control,24,recovery,30.1760007,30.0479997,1.00425988,1014.33599
4,control,25,recovery,28.864,30.0479997,0.960596389,1046.91195
4,control,26,recovery,30.3680003,30.0479997,1.01064965,1077.824
4,control,27,recovery,28.6720004,30.0479997,0.954206626,1110.59201
4,control,28,recovery,29.4080004,30.0479997,0.978700769,1142.49599
4,control,29,recovery,28.6720004,30.0479997,0.954206626,1174.08001
4,control,30,recovery,29.3760002,30.0479997,0.977635798,1206.14398
4,control,31,recovery,29.3760002,30.0479997,0.977635798,1238.72006
4,control,32,recovery,29.7919996,30.0479997,0.991480295,1270.33603
4,control,33,recovery,29.2160008,30.0479997,0.972311006,1302.55997
4,control,34,recovery,30.1760007,30.0479997,1.00425988,1333.82404
4,control,35,recovery,28.864,30.0479997,0.960596389,1366.4
4,control,36,recovery,30.3039998,30.0479997,1.0085197,1397.31205
4,control,37,recovery,28.7360009,30.0479997,0.956336567,1430.01604
4,control,38,recovery,29.4080004,30.0479997,0.978700769,1461.85601
4,control,39,recovery,28.6720004,30.0479997,0.954206626,1493.56794
4,control,40,recovery,29.5359995,30.0479997,0.98296059,1525.37596
4,control,41,recovery,29.6960007,30.0479997,0.988285445,1557.05595
4,control,42,recovery,29.3760002,30.0479997,0.977635798,1595.26396
4,control,43,recovery,30.2719995,30.0479997,1.00745473,1626.688
4,control,44,recovery,28.7999995,30.0479997,0.958466447,1659.32798
4,control,45,recovery,29.5039993,30.0479997,0.98189562,1691.20002
4,control,46,recovery,30.0159995,30.0479997,0.998935029,1722.94402
4,control,47,recovery,29.0239993,30.0479997,0.965921181,1755.36001
4,control,48,recovery,30.2719995,30.0479997,1.00745473,1786.43203
4,control,49,recovery,28.7679993,30.0479997,0.957401476,1819.10396
4,control,50,recovery,29.5039993,30.0479997,0.98189562,1850.97599
4,control,51,recovery,28.6720004,30.0479997,0.954206626,1882.68805
4,control,52,recovery,29.3760002,30.0479997,0.977635798,1914.75201
4,control,53,recovery,29.9200006,30.0479997,0.995740179,1946.17605
4,control,54,recovery,29.0559996,30.0479997,0.966986152,1978.55997
4,control,55,recovery,30.2719995,30.0479997,1.00745473,2009.66406
4,control,56,recovery,28.7999995,30.0479997,0.958466447,2042.30404
4,control,57,recovery,29.4400007,30.0479997,0.97976574,2074.4319
4,control,58,recovery,29.9520008,30.0479997,0.996805149,2105.92008
4,control,59,recovery,29.1200001,30.0479997,0.969116093,2138.2401
4,control,60,recovery,30.1760007,30.0479997,1.00425988,2169.40808
4,control,61,recovery,28.864,30.0479997,0.960596389,2201.98393
4,control,62,recovery,30.4959994,30.0479997,1.01490947,2232.89609
4,control,63,recovery,28.6720004,30.0479997,0.954206626,2265.6641
4,control,64,recovery,29.3760002,30.0479997,0.977635798,2297.72806
4,control,65,recovery,30.0479997,30.0479997,1,2329.15211
4,control,66,recovery,28.7360009,30.0479997,0.956336567,2361.85598
4,control,67,recovery,29.4720009,30.0479997,0.980830711,2393.79191
4,control,68,recovery,30.0479997,30.0479997,1,2425.40789
4,control,69,recovery,28.9919991,30.0479997,0.96485621,2457.85594
4,control,70,recovery,30.336,30.0479997,1.00958468,2488.89589
4,control,71,recovery,28.7040006,30.0479997,0.955271596,2521.63196
4,control,72,recovery,29.5039993,30.0479997,0.98189562,2553.53594
4,control,73,recovery,29.7919996,30.0479997,0.991480295,2585.15191
4,control,74,recovery,29.2479992,30.0479997,0.973375915,2617.3439
4,control,75,recovery,30.1440004,30.0479997,1.00319491,2648.63992
4,control,76,recovery,28.8960002,30.0479997,0.961661359,2681.18405
4,control,77,recovery,30.4000005,30.0479997,1.01171462,2712.12792
4,control,78,recovery,29.8239999,30.0479997,0.992545266,2744.89594
4,control,79,recovery,29.2160008,30.0479997,0.972311006,2777.12011
4,control,80,recovery,30.1120002,30.0479997,1.00212994,2808.38394
4,control,81,recovery,28.9280005,30.0479997,0.96272633,2840.89589
4,control,82,recovery,30.3680003,30.0479997,1.01064965,2871.87195
4,control,83,recovery,28.6720004,30.0479997,0.954206626,2904.63996
4,control,84,recovery,29.5039993,30.0479997,0.98189562,2936.51199
4,control,85,recovery,29.7279991,30.0479997,0.989350354,2968.12797
4,control,86,recovery,29.3119997,30.0479997,0.975505857,3000.25606
4,control,87,recovery,29.9839992,30.0479997,0.997870058,3031.61597
4,control,88,recovery,29.0879998,30.0479997,0.968051123,3063.96794
4,control,89,recovery,30.2719995,30.0479997,1.00745473,3095.10398
4,control,90,recovery,28.7679993,30.0479997,0.957401476,3127.77591
4,control,91,recovery,29.4720009,30.0479997,0.980830711,3159.84011
4,control,92,recovery,29.8560001,30.0479997,0.993610237,3191.36
4,control,93,recovery,29.2160008,30.0479997,0.972311006,3223.58394
4,control,94,recovery,30.1120002,30.0479997,1.00212994,3254.848
4,control,95,recovery,28.8960002,30.0479997,0.961661359,3287.3919
4,control,96,recovery,30.4000005,30.0479997,1.01171462,3318.33601
4,control,97,recovery,28.6720004,30.0479997,0.954206626,3351.10402
4,control,98,recovery,29.4080004,30.0479997,0.978700769,3383.13603
4,control,99,recovery,29.9200006,30.0479997,0.995740179,3414.59203
4,control,100,recovery,29.1200001,30.0479997,0.969116093,3446.91205
4,control,101,recovery,30.3680003,30.0479997,1.01064965,3478.08003
4,control,102,recovery,28.6720004,30.0479997,0.954206626,3510.84805
4,control,103,recovery,29.4720009,30.0479997,0.980830711,3542.75203
4,control,104,recovery,29.7599994,30.0479997,0.990415324,3574.33605
4,control,105,recovery,29.2799994,30.0479997,0.974440886,3606.4961
4,control,106,recovery,30.0799999,30.0479997,1.00106497,3637.82406
4,control,107,recovery,28.9919991,30.0479997,0.96485621,3670.27211
4,control,108,recovery,30.4320008,30.0479997,1.01277959,3701.31207
4,control,109,recovery,28.6720004,30.0479997,0.954206626,3734.08008
4,control,110,recovery,31.5520018,30.0479997,1.05005332,3765.95211
4,control,111,recovery,29.7599994,30.0479997,0.990415324,3799.6161
4,control,112,recovery,29.3119997,30.0479997,0.975505857,3831.74396
4,control,113,recovery,30.0159995,30.0479997,0.998935029,3863.1041
4,control,114,recovery,29.0239993,30.0479997,0.965921181,3895.51997
4,control,115,recovery,30.3039998,30.0479997,1.0085197,3926.59211
4,control,116,recovery,28.7360009,30.0479997,0.956336567,3959.29599
4,control,117,recovery,29.4720009,30.0479997,0.980830711,3991.19997
4,control,118,recovery,29.8880003,30.0479997,0.994675208,4022.84813
4,control,119,recovery,29.1520003,30.0479997,0.970181064,4055.1362
4,control,120,recovery,30.5279996,30.0479997,1.01597444,4086.33614
4,control,121,recovery,28.6720004,30.0479997,0.954206626,4119.10391
4,control,122,recovery,29.3760002,30.0479997,0.977635798,4151.16787
4,control,123,recovery,29.9520008,30.0479997,0.996805149,4182.59192
4,control,124,recovery,29.0879998,30.0479997,0.968051123,4214.94389
4,control,125,recovery,30.2080009,30.0479997,1.00532485,4246.07992
4,control,126,recovery,32.9280011,30.0479997,1.09584669,4278.68795
4,control,127,recovery,29.9839992,30.0479997,0.997870058,4313.66396
4,control,128,recovery,29.0879998,30.0479997,0.968051123,4346.01593
4,control,129,recovery,30.2719995,30.0479997,1.00745473,4377.15197
4,control,130,recovery,28.7679993,30.0479997,0.957401476,4409.82389
4,control,131,recovery,29.5359995,30.0479997,0.98296059,4441.69617
4,control,132,recovery,29.7279991,30.0479997,0.989350354,4473.40822
4,control,133,recovery,29.3119997,30.0479997,0.975505857,4505.53608
4,control,134,recovery,30.2080009,30.0479997,1.00532485,4536.89623
4,control,135,recovery,28.8319997,30.0479997,0.959531418,4569.50378
4,control,136,recovery,29.4400007,30.0479997,0.97976574,4601.66407
4,control,137,recovery,29.8880003,30.0479997,0.994675208,4633.15201
4,control,138,recovery,29.1520003,30.0479997,0.970181064,4665.44008
4,control,139,recovery,30.2080009,30.0479997,1.00532485,4696.64001
4,control,140,recovery,28.8319997,30.0479997,0.959531418,4729.24805
4,control,141,recovery,30.4639991,30.0479997,1.0138445,4760.12802
4,control,142,recovery,28.6720004,30.0479997,0.954206626,4792.89579
4,control,143,recovery,29.4400007,30.0479997,0.97976574,4824.89586
4,control,144,recovery,29.8880003,30.0479997,0.994675208,4856.3838
4,control,145,recovery,29.1840006,30.0479997,0.971246035,4888.63993
4,control,146,recovery,30.1440004,30.0479997,1.00319491,4919.87181
4,control,147,recovery,28.6720004,30.0479997,0.954206626,4952.64006
4,control,148,recovery,29.4720009,30.0479997,0.980830711,4984.60817
4,control,149,recovery,29.8880003,30.0479997,0.994675208,5016.12806
4,control,150,recovery,29.1840006,30.0479997,0.971246035,5048.38419
4,control,151,recovery,30.1440004,30.0479997,1.00319491,5079.61607
4,control,152,recovery,28.8960002,30.0479997,0.961661359,5112.16021
4,control,153,recovery,30.4320008,30.0479997,1.01277959,5143.10408
4,control,154,recovery,28.6720004,30.0479997,0.954206626,5175.87185
4,control,155,recovery,29.4720009,30.0479997,0.980830711,5207.80802
4,control,156,recovery,29.7919996,30.0479997,0.991480295,5239.35986
4,control,157,recovery,29.2479992,30.0479997,0.973375915,5271.55209
4,control,158,recovery,30.1120002,30.0479997,1.00212994,5302.84786
4,control,159,recovery,28.8960002,30.0479997,0.961661359,5335.392
4,control,160,recovery,30.4639991,30.0479997,1.0138445,5366.33587
4,control,161,recovery,28.6720004,30.0479997,0.954206626,5399.10412
4,control,162,recovery,29.4080004,30.0479997,0.978700769,5431.13613
4,control,163,recovery,30.2399993,30.0479997,1.00638976,5462.59212
4,control,164,recovery,28.8319997,30.0479997,0.959531418,5495.20016
4,control,165,recovery,29.6640005,30.0479997,0.987220474,5527.13585
4,control,166,recovery,30.0479997,30.0479997,1,5558.8479
4,control,167,recovery,30.0799999,30.0479997,1.00106497,5597.7602
4,control,168,recovery,28.9919991,30.0479997,0.96485621,5630.20802
4,control,169,recovery,30.3680003,30.0479997,1.01064965,5661.24821
4,control,170,recovery,29.7279991,30.0479997,0.989350354,5694.01598
4,control,171,recovery,29.2799994,30.0479997,0.974440886,5726.17579
4,control,172,recovery,30.0159995,30.0479997,0.998935029,5757.50399
4,control,173,recovery,28.9600007,30.0479997,0.963791301,5789.98423
4,control,174,recovery,30.336,30.0479997,1.00958468,5820.99199
4,control,175,recovery,28.6720004,30.0479997,0.954206626,5853.75977
4,control,176,recovery,29.5039993,30.0479997,0.98189562,5885.66399
4,control,177,recovery,29.8239999,30.0479997,0.992545266,5917.24777
4,control,178,recovery,29.2160008,30.0479997,0.972311006,5949.47195
4,control,179,recovery,30.1120002,30.0479997,1.00212994,5980.73578
4,control,180,recovery,28.9280005,30.0479997,0.96272633,6013.24797
4,control,181,recovery,30.4959994,30.0479997,1.01490947,6044.22379
4,control,182,recovery,28.6720004,30.0479997,0.954206626,6076.99203
4,control,183,recovery,29.4400007,30.0479997,0.97976574,6108.9921
4,control,184,recovery,29.9200006,30.0479997,0.995740179,6140.48004
4,control,185,recovery,29.1200001,30.0479997,0.969116093,6172.80006
4,control,186,recovery,30.1440004,30.0479997,1.00319491,6203.96805
4,control,187,recovery,28.8960002,30.0479997,0.961661359,6236.51218
4,control,188,recovery,30.6240004,30.0479997,1.01916935,6267.45605
4,control,189,recovery,29.7279991,30.0479997,0.989350354,6300.22383
4,control,190,recovery,29.3119997,30.0479997,0.975505857,6332.35216
4,control,191,recovery,30.3039998,30.0479997,1.0085197,6363.71183
4,control,192,recovery,28.7360009,30.0479997,0.956336567,6396.41619
4,control,193,recovery,29.4720009,30.0479997,0.980830711,6428.38383
4,control,194,recovery,29.8239999,30.0479997,0.992545266,6459.96809
4,control,195,recovery,29.2479992,30.0479997,0.973375915,6492.15984
4,control,196,recovery,30.1760007,30.0479997,1.00425988,6523.4561
4,control,197,recovery,28.864,30.0479997,0.960596389,6556.03218
4,control,198,recovery,30.4639991,30.0479997,1.0138445,6586.9441
4,control,199,recovery,28.6720004,30.0479997,0.954206626,6619.71188
5,interference,0,recovery,29.0879998,30.5599999,0.951832459,3.68000008
5,interference,1,recovery,30.1760007,30.5599999,0.987434581,34.8160006
5,interference,2,recovery,28.864,30.5599999,0.944502622,67.3919991
5,interference,3,recovery,30.4320008,30.5599999,0.995811547,98.3040035
5,interference,4,recovery,29.8880003,30.5599999,0.978010487,131.072
5,interference,5,recovery,29.1840006,30.5599999,0.954973845,163.328007
5,interference,6,recovery,30.4320008,30.5599999,0.995811547,194.560006
5,interference,7,recovery,28.6720004,30.5599999,0.938219912,227.328002
5,interference,8,recovery,29.4720009,30.5599999,0.964397939,259.296
5,interference,9,recovery,29.9200006,30.5599999,0.979057615,290.816009
5,interference,10,recovery,29.0879998,30.5599999,0.951832459,323.16801
5,interference,11,recovery,30.2719995,30.5599999,0.990575905,354.303986
5,interference,12,recovery,28.7360009,30.5599999,0.940314169,387.008011
5,interference,13,recovery,29.4720009,30.5599999,0.964397939,418.911994
5,interference,14,recovery,29.6960007,30.5599999,0.971727777,450.560004
5,interference,15,recovery,29.3439999,30.5599999,0.960209426,482.656002
5,interference,16,recovery,30.2399993,30.5599999,0.989528777,514.04798
5,interference,17,recovery,28.7999995,30.5599999,0.942408365,546.68802
5,interference,18,recovery,29.1840006,30.5599999,0.954973845,578.592002
5,interference,19,recovery,28.7999995,30.5599999,0.942408365,610.176027
5,interference,20,recovery,29.4720009,30.5599999,0.964397939,642.080009
5,interference,21,recovery,29.7599994,30.5599999,0.973821973,673.792005
5,interference,22,recovery,29.2799994,30.5599999,0.958115169,705.951989
5,interference,23,recovery,30.0159995,30.5599999,0.982198939,737.280011
5,interference,24,recovery,29.0239993,30.5599999,0.949738203,769.695997
5,interference,25,recovery,30.4959994,30.5599999,0.997905743,800.768018
5,interference,26,recovery,28.7040006,30.5599999,0.939267041,833.536029
5,interference,27,recovery,29.1840006,30.5599999,0.954973845,865.791976
5,interference,28,recovery,30.1120002,30.5599999,0.985340324,897.023976
5,interference,29,recovery,28.9280005,30.5599999,0.946596878,929.535985
5,interference,30,recovery,30.4000005,30.5599999,0.994764419,960.511982
5,interference,31,recovery,28.6720004,30.5599999,0.938219912,993.279994
5,interference,32,recovery,29.5039993,30.5599999,0.965445007,1025.21598
5,interference,33,recovery,29.8239999,30.5599999,0.97591623,1056.76794
5,interference,34,recovery,29.2160008,30.5599999,0.956020973,1088.992
5,interference,35,recovery,30.1120002,30.5599999,0.985340324,1120.25595
5,interference,36,recovery,28.9280005,30.5599999,0.946596878,1152.76802
5,interference,37,recovery,30.4639991,30.5599999,0.996858615,1183.74395
5,interference,38,recovery,29.8239999,30.5599999,0.97591623,1216.51196
5,interference,39,recovery,29.2160008,30.5599999,0.956020973,1248.73602
5,interference,40,recovery,30.1120002,30.5599999,0.985340324,1279.99997
5,interference,41,recovery,28.9280005,30.5599999,0.946596878,1312.51204
5,interference,42,recovery,30.3680003,30.5599999,0.993717291,1343.48798
5,interference,43,recovery,28.6720004,30.5599999,0.938219912,1376.25599
5,interference,44,recovery,29.4720009,30.5599999,0.964397939,1408.22399
5,interference,45,recovery,29.8560001,30.5599999,0.976963358,1439.744
5,interference,46,recovery,29.1840006,30.5599999,0.954973845,1472
5,interference,47,recovery,30.4320008,30.5599999,0.995811547,1503.232
5,interference,48,recovery,28.6720004,30.5599999,0.938219912,1536.00001
5,interference,49,recovery,29.4720009,30.5599999,0.964397939,1567.96801
5,interference,50,recovery,29.8239999,30.5599999,0.97591623,1599.48802
5,interference,51,recovery,29.2160008,30.5599999,0.956020973,1631.74403
5,interference,52,recovery,30.1760007,30.5599999,0.987434581,1662.97603
5,interference,53,recovery,28.8960002,30.5599999,0.94554975,1695.52004
5,interference,54,recovery,30.4639991,30.5599999,0.996858615,1726.46403
5,interference,55,recovery,28.6720004,30.5599999,0.938219912,1759.23204
5,interference,56,recovery,29.4720009,30.5599999,0.964397939,1791.20004
5,interference,57,recovery,29.8239999,30.5599999,0.97591623,1822.72005
5,interference,58,recovery,28.9600007,30.5599999,0.947644007,1855.20005
5,interference,59,recovery,30.3680003,30.5599999,0.993717291,1886.20806
5,interference,60,recovery,29.8239999,30.5599999,0.97591623,1918.97595
5,interference,61,recovery,29.2160008,30.5599999,0.956020973,1951.20001
5,interference,62,recovery,30.0799999,30.5599999,0.984293196,1982.46396
5,interference,63,recovery,28.9280005,30.5599999,0.946596878,2014.97602
5,interference,64,recovery,30.4320008,30.5599999,0.995811547,2045.95208
5,interference,65,recovery,28.6720004,30.5599999,0.938219912,2078.72009
5,interference,66,recovery,29.4720009,30.5599999,0.964397939,2110.65602
5,interference,67,recovery,29.9200006,30.5599999,0.979057615,2142.2081
5,interference,68,recovery,29.0879998,30.5599999,0.951832459,2174.56007
5,interference,69,recovery,30.336,30.5599999,0.992670162,2205.69611
5,interference,70,recovery,28.6720004,30.5599999,0.938219912,2238.46412
5,interference,71,recovery,29.3439999,30.5599999,0.960209426,2270.56003
5,interference,72,recovery,29.9520008,30.5599999,0.980104743,2301.95189
5,interference,73,recovery,29.0239993,30.5599999,0.949738203,2334.36799
5,interference,74,recovery,30.2399993,30.5599999,0.989528777,2365.43989
5,interference,75,recovery,28.7679993,30.5599999,0.941361236,2398.11206
5,interference,76,recovery,29.4720009,30.5599999,0.964397939,2430.01604
5,interference,77,recovery,28.6720004,30.5599999,0.938219912,2461.69591
5,interference,78,recovery,29.3760002,30.5599999,0.961256554,2493.76011
5,interference,79,recovery,30.0479997,30.5599999,0.983246068,2525.18392
5,interference,80,recovery,28.9600007,30.5599999,0.947644007,2557.66392
5,interference,81,recovery,29.5039993,30.5599999,0.965445007,2589.76007
5,interference,82,recovery,28.7999995,30.5599999,0.942408365,2621.43993
5,interference,83,recovery,29.3760002,30.5599999,0.961256554,2653.50389
5,interference,84,recovery,30.0159995,30.5599999,0.982198939,2684.92794
5,interference,85,recovery,29.0239993,30.5599999,0.949738203,2717.34405
5,interference,86,recovery,30.1440004,30.5599999,0.986387453,2748.41595
5,interference,87,recovery,29.5039993,30.5599999,0.965445007,2792.51194
5,interference,88,recovery,29.7279991,30.5599999,0.972774845,2824.19205
5,interference,89,recovery,29.3119997,30.5599999,0.959162297,2856.3199
5,interference,90,recovery,30.0479997,30.5599999,0.983246068,2887.68005
5,interference,91,recovery,29.0239993,30.5599999,0.949738203,2920.09592
5,interference,92,recovery,30.3039998,30.5599999,0.991623034,2951.16806
5,interference,93,recovery,28.7360009,30.5599999,0.940314169,2983.87194
5,interference,94,recovery,29.4720009,30.5599999,0.964397939,3015.74397
5,interference,95,recovery,28.6720004,30.5599999,0.938219912,3047.42408
5,interference,96,recovery,29.0559996,30.5599999,0.950785331,3079.808
5,interference,97,recovery,30.3039998,30.5599999,0.991623034,3110.91208
5,interference,98,recovery,28.7360009,30.5599999,0.940314169,3143.61596
5,interference,99,recovery,29.4720009,30.5599999,0.964397939,3175.488
5,interference,100,recovery,28.6720004,30.5599999,0.938219912,3207.1681
5,interference,101,recovery,29.3439999,30.5599999,0.960209426,3239.26401
5,interference,102,recovery,29.9520008,30.5599999,0.980104743,3270.65611
5,interference,103,recovery,29.1200001,30.5599999,0.952879588,3302.97589
5,interference,104,recovery,30.2080009,30.5599999,0.98848171,3334.14412
5,interference,105,recovery,28.8319997,30.5599999,0.943455493,3366.75191
5,interference,106,recovery,30.4639991,30.5599999,0.996858615,3397.63188
5,interference,107,recovery,29.9200006,30.5599999,0.979057615,3430.39989
5,interference,108,recovery,29.0879998,30.5599999,0.951832459,3462.7521
5,interference,109,recovery,30.5279996,30.5599999,0.998952872,3493.8879
5,interference,110,recovery,28.6720004,30.5599999,0.938219912,3526.65591
5,interference,111,recovery,29.4400007,30.5599999,0.963350811,3558.65598
5,interference,112,recovery,29.8880003,30.5599999,0.978010487,3590.14392
5,interference,113,recovery,29.1520003,30.5599999,0.953926716,3622.43199
5,interference,114,recovery,30.1440004,30.5599999,0.986387453,3653.63193
5,interference,115,recovery,28.8960002,30.5599999,0.94554975,3686.17606
5,interference,116,recovery,30.5920001,30.5599999,1.00104713,3717.11993
5,interference,117,recovery,29.6960007,30.5599999,0.971727777,3749.88794
5,interference,118,recovery,29.3119997,30.5599999,0.959162297,3782.01604
5,interference,119,recovery,30.0159995,30.5599999,0.982198939,3813.37595
5,interference,120,recovery,29.0239993,30.5599999,0.949738203,3845.79206
5,interference,121,recovery,30.4959994,30.5599999,0.997905743,3876.86396
5,interference,122,recovery,28.6720004,30.5599999,0.938219912,3909.63197
5,interference,123,recovery,29.4080004,30.5599999,0.962303682,3941.66398
5,interference,124,recovery,29.9520008,30.5599999,0.980104743,3973.11997
5,interference,125,recovery,29.0559996,30.5599999,0.950785331,4005.50413
5,interference,126,recovery,30.2399993,30.5599999,0.989528777,4036.60822
5,interference,127,recovery,28.7999995,30.5599999,0.942408365,4069.2482
5,interference,128,recovery,29.4720009,30.5599999,0.964397939,4101.21584
5,interference,129,recovery,29.7919996,30.5599999,0.974869101,4132.864
5,interference,130,recovery,29.0559996,30.5599999,0.950785331,4165.24792
5,interference,131,recovery,30.2399993,30.5599999,0.989528777,4196.35201
5,interference,132,recovery,28.7999995,30.5599999,0.942408365,4228.99199
5,interference,133,recovery,29.4400007,30.5599999,0.963350811,4260.92815
5,interference,134,recovery,28.6720004,30.5599999,0.938219912,4292.60778
5,interference,135,recovery,29.3439999,30.5599999,0.960209426,4324.70417
5,interference,136,recovery,29.9839992,30.5599999,0.981151811,4356.09579
5,interference,137,recovery,29.0879998,30.5599999,0.951832459,4388.44824
5,interference,138,recovery,30.2719995,30.5599999,0.990575905,4419.5838
5,interference,139,recovery,28.7679993,30.5599999,0.941361236,4452.2562
5,interference,140,recovery,29.4720009,30.5599999,0.964397939,4484.15995
5,interference,141,recovery,29.8560001,30.5599999,0.976963358,4515.84005
5,interference,142,recovery,29.1520003,30.5599999,0.953926716,4548.12813
5,interference,143,recovery,30.2080009,30.5599999,0.98848171,4579.32806
5,interference,144,recovery,28.8319997,30.5599999,0.943455493,4611.93609
5,interference,145,recovery,30.2399993,30.5599999,0.989528777,4642.81607
5,interference,146,recovery,28.8319997,30.5599999,0.943455493,4675.4241
5,interference,147,recovery,29.5039993,30.5599999,0.965445007,4707.35979
5,interference,148,recovery,28.6720004,30.5599999,0.938219912,4739.07185
5,interference,149,recovery,29.3439999,30.5599999,0.960209426,4771.16823
5,interference,150,recovery,30.0159995,30.5599999,0.982198939,4802.55985
5,interference,151,recovery,29.0239993,30.5599999,0.949738203,4834.9762
5,interference,152,recovery,30.3039998,30.5599999,0.991623034,4866.04786
5,interference,153,recovery,28.7040006,30.5599999,0.939267041,4898.78416
5,interference,154,recovery,29.3439999,30.5599999,0.960209426,4930.91202
5,interference,155,recovery,29.9520008,30.5599999,0.980104743,4962.30412
5,interference,156,recovery,29.0879998,30.5599999,0.951832459,4994.65609
5,interference,157,recovery,30.1440004,30.5599999,0.986387453,5025.79212
5,interference,158,recovery,28.8960002,30.5599999,0.94554975,5058.33578
5,interference,159,recovery,30.4320008,30.5599999,0.995811547,5089.28013
5,interference,160,recovery,28.6720004,30.5599999,0.938219912,5122.0479
5,interference,161,recovery,29.3760002,30.5599999,0.961256554,5154.11186
5,interference,162,recovery,29.9839992,30.5599999,0.981151811,5185.53591
5,interference,163,recovery,29.0559996,30.5599999,0.950785331,5217.91983
5,interference,164,recovery,30.4320008,30.5599999,0.995811547,5249.02391
5,interference,165,recovery,28.6720004,30.5599999,0.938219912,5281.79216
5,interference,166,recovery,29.4720009,30.5599999,0.964397939,5313.7598
5,interference,167,recovery,29.8560001,30.5599999,0.976963358,5345.28017
5,interference,168,recovery,29.1840006,30.5599999,0.954973845,5377.53582
5,interference,169,recovery,30.1120002,30.5599999,0.985340324,5408.76818
5,interference,170,recovery,28.9280005,30.5599999,0.946596878,5441.27989
5,interference,171,recovery,30.4639991,30.5599999,0.996858615,5472.25618
5,interference,172,recovery,28.6720004,30.5599999,0.938219912,5505.02396
5,interference,173,recovery,29.4400007,30.5599999,0.963350811,5537.02402
5,interference,174,recovery,30.2080009,30.5599999,0.98848171,5568.51196
5,interference,175,recovery,28.7679993,30.5599999,0.941361236,5601.18389
5,interference,176,recovery,29.4720009,30.5599999,0.964397939,5633.05616
5,interference,177,recovery,28.6720004,30.5599999,0.938219912,5664.76822
5,interference,178,recovery,29.4080004,30.5599999,0.962303682,5696.80023
5,interference,179,recovery,29.9200006,30.5599999,0.979057615,5728.25623
5,interference,180,recovery,29.1200001,30.5599999,0.952879588,5760.57577
5,interference,181,recovery,30.2080009,30.5599999,0.98848171,5791.74423
5,interference,182,recovery,28.7999995,30.5599999,0.942408365,5824.38421
5,interference,183,recovery,29.4720009,30.5599999,0.964397939,5856.25601
5,interference,184,recovery,28.6720004,30.5599999,0.938219912,5888.00001
5,interference,185,recovery,29.1840006,30.5599999,0.954973845,5920.25614
5,interference,186,recovery,30.1120002,30.5599999,0.985340324,5951.48802
5,interference,187,recovery,28.7679993,30.5599999,0.941361236,5984.15995
5,interference,188,recovery,29.4720009,30.5599999,0.964397939,6016.03222
5,interference,189,recovery,28.6720004,30.5599999,0.938219912,6047.7438
5,interference,190,recovery,29.4080004,30.5599999,0.962303682,6079.77581
5,interference,191,recovery,29.8560001,30.5599999,0.976963358,6111.2318
5,interference,192,recovery,29.1840006,30.5599999,0.954973845,6143.48793
5,interference,193,recovery,30.1440004,30.5599999,0.986387453,6174.71981
5,interference,194,recovery,28.8960002,30.5599999,0.94554975,6207.26395
5,interference,195,recovery,30.4000005,30.5599999,0.994764419,6238.20782
5,interference,196,recovery,29.8239999,30.5599999,0.97591623,6270.97607
5,interference,197,recovery,29.2160008,30.5599999,0.956020973,6303.19977
5,interference,198,recovery,30.1120002,30.5599999,0.985340324,6334.46407
5,interference,199,recovery,28.9280005,30.5599999,0.946596878,6366.97578
6,interference,0,recovery,29.4400007,29.7599994,0.989247355,3.32799996
6,interference,1,recovery,29.9839992,29.7599994,1.00752688,34.8160006
6,interference,2,recovery,29.0559996,29.7599994,0.976344093,67.1999976
6,interference,3,recovery,30.3680003,29.7599994,1.02043014,98.3040035
6,interference,4,recovery,28.6720004,29.7599994,0.963440894,131.072
6,interference,5,recovery,29.4080004,29.7599994,0.988172078,163.103998
6,interference,6,recovery,29.9200006,29.7599994,1.00537639,194.560006
6,interference,7,recovery,29.1200001,29.7599994,0.978494647,226.879999
6,interference,8,recovery,30.2719995,29.7599994,1.01720431,258.047998
6,interference,9,recovery,28.7679993,29.7599994,0.966666662,290.719986
6,interference,10,recovery,29.4400007,29.7599994,0.989247355,322.59199
6,interference,11,recovery,28.6720004,29.7599994,0.963440894,354.303986
6,interference,12,recovery,29.4080004,29.7599994,0.988172078,386.335999
6,interference,13,recovery,29.9200006,29.7599994,1.00537639,417.791992
6,interference,14,recovery,29.1200001,29.7599994,0.978494647,450.111985
6,interference,15,recovery,30.2080009,29.7599994,1.01505382,481.279999
6,interference,16,recovery,28.8319997,29.7599994,0.968817217,513.888001
6,interference,17,recovery,30.6560006,29.7599994,1.03010757,544.767976
6,interference,18,recovery,29.7599994,29.7599994,1,577.535987
6,interference,19,recovery,29.3119997,29.7599994,0.984946247,609.664023
6,interference,20,recovery,30.0479997,29.7599994,1.00967743,641.023993
6,interference,21,recovery,28.9600007,29.7599994,0.973118325,673.503995
6,interference,22,recovery,30.4000005,29.7599994,1.02150542,704.512
6,interference,23,recovery,28.6720004,29.7599994,0.963440894,737.280011
6,interference,24,recovery,29.4720009,29.7599994,0.990322632,769.216001
6,interference,25,recovery,29.8239999,29.7599994,1.00215055,800.768018
6,interference,26,recovery,29.2160008,29.7599994,0.981720478,832.992017
6,interference,27,recovery,30.4959994,29.7599994,1.02473118,864.256024
6,interference,28,recovery,29.7279991,29.7599994,0.998924723,897.023976
6,interference,29,recovery,29.3119997,29.7599994,0.984946247,929.152012
6,interference,30,recovery,30.0479997,29.7599994,1.00967743,960.511982
6,interference,31,recovery,28.9919991,29.7599994,0.974193539,992.959976
6,interference,32,recovery,30.4000005,29.7599994,1.02150542,1024.00005
6,interference,33,recovery,28.6720004,29.7599994,0.963440894,1056.76794
6,interference,34,recovery,29.5039993,29.7599994,0.991397846,1088.67204
6,interference,35,recovery,29.8239999,29.7599994,1.00215055,1120.25595
6,interference,36,recovery,29.0879998,29.7599994,0.97741937,1152.60804
6,interference,37,recovery,30.2719995,29.7599994,1.01720431,1183.74395
6,interference,38,recovery,29.7279991,29.7599994,0.998924723,1216.51196
6,interference,39,recovery,29.3119997,29.7599994,0.984946247,1248.63994
6,interference,40,recovery,30.0479997,29.7599994,1.00967743,1279.99997
6,interference,41,recovery,28.9600007,29.7599994,0.973118325,1312.47997
6,interference,42,recovery,30.4320008,29.7599994,1.02258069,1343.48798
6,interference,43,recovery,28.6720004,29.7599994,0.963440894,1376.25599
6,interference,44,recovery,29.4720009,29.7599994,0.990322632,1408.22399
6,interference,45,recovery,30.1760007,29.7599994,1.01397854,1439.744
6,interference,46,recovery,28.7999995,29.7599994,0.96774194,1472.38398
6,interference,47,recovery,29.5039993,29.7599994,0.991397846,1504.28796
6,interference,48,recovery,30.0799999,29.7599994,1.01075271,1536.00001
6,interference,49,recovery,28.9600007,29.7599994,0.973118325,1568.48001
6,interference,50,recovery,30.3680003,29.7599994,1.02043014,1599.48802
6,interference,51,recovery,28.6720004,29.7599994,0.963440894,1632.25603
6,interference,52,recovery,29.4400007,29.7599994,0.989247355,1664.25598
6,interference,53,recovery,29.8880003,29.7599994,1.00430111,1695.74404
6,interference,54,recovery,29.1200001,29.7599994,0.978494647,1728.06394
6,interference,55,recovery,30.2399993,29.7599994,1.01612903,1759.23204
6,interference,56,recovery,28.7999995,29.7599994,0.96774194,1791.87202
6,interference,57,recovery,29.5039993,29.7599994,0.991397846,1823.80795
6,interference,58,recovery,29.8239999,29.7599994,1.00215055,1855.48794
6,interference,59,recovery,29.1520003,29.7599994,0.979569924,1887.77602
6,interference,60,recovery,30.4639991,29.7599994,1.02365591,1918.97595
6,interference,61,recovery,28.6720004,29.7599994,0.963440894,1951.74396
6,interference,62,recovery,29.4720009,29.7599994,0.990322632,1983.71196
6,interference,63,recovery,29.8560001,29.7599994,1.00322583,2015.23209
6,interference,64,recovery,29.1520003,29.7599994,0.979569924,2047.51992
6,interference,65,recovery,30.336,29.7599994,1.01935486,2078.72009
6,interference,66,recovery,28.7040006,29.7599994,0.964516171,2111.45592
6,interference,67,recovery,29.5039993,29.7599994,0.991397846,2143.39209
6,interference,68,recovery,30.1760007,29.7599994,1.01397854,2174.97611
6,interference,69,recovery,28.864,29.7599994,0.969892494,2207.55196
6,interference,70,recovery,30.4639991,29.7599994,1.02365591,2238.46412
6,interference,71,recovery,28.6720004,29.7599994,0.963440894,2271.23189
6,interference,72,recovery,29.4400007,29.7599994,0.989247355,2303.23195
6,interference,73,recovery,29.8560001,29.7599994,1.00322583,2334.7199
6,interference,74,recovery,29.1840006,29.7599994,0.980645201,2366.97602
6,interference,75,recovery,30.1120002,29.7599994,1.01182798,2398.2079
6,interference,76,recovery,28.9280005,29.7599994,0.972043048,2430.72009
6,interference,77,recovery,29.4080004,29.7599994,0.988172078,2463.00793
6,interference,78,recovery,29.9200006,29.7599994,1.00537639,2494.46392
6,interference,79,recovery,29.1200001,29.7599994,0.978494647,2526.78394
6,interference,80,recovery,29.5039993,29.7599994,0.991397846,2558.97593
6,interference,81,recovery,28.6720004,29.7599994,0.963440894,2590.71994
6,interference,82,recovery,29.3760002,29.7599994,0.987096801,2622.7839
6,interference,83,recovery,29.9520008,29.7599994,1.00645166,2654.20794
6,interference,84,recovery,29.0559996,29.7599994,0.976344093,2686.5921
6,interference,85,recovery,30.2399993,29.7599994,1.01612903,2717.69595
6,interference,86,recovery,28.7999995,29.7599994,0.96774194,2750.33593
6,interference,87,recovery,30.4000005,29.7599994,1.02150542,2781.18396
6,interference,88,recovery,28.6720004,29.7599994,0.963440894,2813.95197
6,interference,89,recovery,29.4720009,29.7599994,0.990322632,2845.85595
6,interference,90,recovery,29.7919996,29.7599994,1.00107528,2877.43998
6,interference,91,recovery,29.2479992,29.7599994,0.982795693,2909.63197
6,interference,92,recovery,30.0479997,29.7599994,1.00967743,2940.92798
6,interference,93,recovery,28.9919991,29.7599994,0.974193539,2973.37604
6,interference,94,recovery,30.336,29.7599994,1.01935486,3004.41599
6,interference,95,recovery,28.7040006,29.7599994,0.964516171,3037.15205
6,interference,96,recovery,29.4720009,29.7599994,0.990322632,3069.11993
6,interference,97,recovery,29.7919996,29.7599994,1.00107528,3100.67201
6,interference,98,recovery,29.2479992,29.7599994,0.982795693,3132.864
6,interference,99,recovery,30.4000005,29.7599994,1.02150542,3164.16001
6,interference,100,recovery,28.6720004,29.7599994,0.963440894,3196.92802
6,interference,101,recovery,29.4720009,29.7599994,0.990322632,3228.8959
6,interference,102,recovery,30.1120002,29.7599994,1.01182798,3260.41603
6,interference,103,recovery,28.9280005,29.7599994,0.972043048,3292.92798
6,interference,104,recovery,30.4000005,29.7599994,1.02150542,3323.90404
6,interference,105,recovery,28.6720004,29.7599994,0.963440894,3356.67205
6,interference,106,recovery,29.5039993,29.7599994,0.991397846,3388.60798
6,interference,107,recovery,29.8560001,29.7599994,1.00322583,3420.16006
6,interference,108,recovery,29.1840006,29.7599994,0.980645201,3452.41594
6,interference,109,recovery,30.2080009,29.7599994,1.01505382,3483.64806
6,interference,110,recovery,28.8319997,29.7599994,0.968817217,3516.25609
6,interference,111,recovery,29.4400007,29.7599994,0.989247355,3548.4159
6,interference,112,recovery,29.9200006,29.7599994,1.00537639,3579.90408
6,interference,113,recovery,29.0879998,29.7599994,0.97741937,3612.25605
6,interference,114,recovery,30.2399993,29.7599994,1.01612903,3643.39209
6,interference,115,recovery,28.7999995,29.7599994,0.96774194,3676.03207
6,interference,116,recovery,30.4959994,29.7599994,1.02473118,3715.07192
6,interference,117,recovery,28.6720004,29.7599994,0.963440894,3747.83993
6,interference,118,recovery,29.3760002,29.7599994,0.987096801,3779.90389
6,interference,119,recovery,30.0799999,29.7599994,1.01075271,3811.32793
6,interference,120,recovery,28.9600007,29.7599994,0.973118325,3843.80794
6,interference,121,recovery,30.4000005,29.7599994,1.02150542,3874.81594
6,interference,122,recovery,28.6720004,29.7599994,0.963440894,3907.58395
6,interference,123,recovery,29.3439999,29.7599994,0.986021524,3939.6801
6,interference,124,recovery,30.0159995,29.7599994,1.00860215,3971.07196
6,interference,125,recovery,29.0559996,29.7599994,0.976344093,4003.45612
6,interference,126,recovery,30.3039998,29.7599994,1.01827958,4034.5602
6,interference,127,recovery,28.7360009,29.7599994,0.965591448,4067.26408
6,interference,128,recovery,29.4720009,29.7599994,0.990322632,4099.16782
6,interference,129,recovery,29.6960007,29.7599994,0.997849509,4130.81598
6,interference,130,recovery,29.3439999,29.7599994,0.986021524,4162.91189
6,interference,131,recovery,29.9520008,29.7599994,1.00645166,4194.30399
6,interference,132,recovery,28.6720004,29.7599994,0.963440894,4227.07176
6,interference,133,recovery,29.5039993,29.7599994,0.991397846,4258.94403
6,interference,134,recovery,29.7919996,29.7599994,1.00107528,4290.55977
6,interference,135,recovery,29.2160008,29.7599994,0.981720478,4322.78395
6,interference,136,recovery,30.1760007,29.7599994,1.01397854,4354.04778
6,interference,137,recovery,28.864,29.7599994,0.969892494,4386.62386
6,interference,138,recovery,29.5039993,29.7599994,0.991397846,4418.59198
6,interference,139,recovery,28.7999995,29.7599994,0.96774194,4450.30403
6,interference,140,recovery,29.3439999,29.7599994,0.986021524,4482.39994
6,interference,141,recovery,30.2399993,29.7599994,1.01612903,4513.79204
6,interference,142,recovery,28.7679993,29.7599994,0.966666662,4546.46397
6,interference,143,recovery,29.6,29.7599994,0.994623677,4578.40014
6,interference,144,recovery,29.9520008,29.7599994,1.00645166,4610.04782
6,interference,145,recovery,29.0879998,29.7599994,0.97741937,4642.39979
6,interference,146,recovery,30.3039998,29.7599994,1.01827958,4673.53582
6,interference,147,recovery,28.7360009,29.7599994,0.965591448,4706.24018
6,interference,148,recovery,29.5039993,29.7599994,0.991397846,4738.17587
6,interference,149,recovery,29.7599994,29.7599994,1,4769.79208
6,interference,150,recovery,29.2479992,29.7599994,0.982795693,4801.98383
6,interference,151,recovery,29.1200001,29.7599994,0.978494647,4834.87988
6,interference,152,recovery,30.5920001,29.7599994,1.02795701,4866.04786
6,interference,153,recovery,29.7599994,29.7599994,1,4898.81611
6,interference,154,recovery,29.2799994,29.7599994,0.98387097,4930.97591
6,interference,155,recovery,30.0479997,29.7599994,1.00967743,4962.30412
6,interference,156,recovery,28.8319997,29.7599994,0.968817217,4994.91215
6,interference,157,recovery,29.5359995,29.7599994,0.992473123,5026.81589
6,interference,158,recovery,28.6720004,29.7599994,0.963440894,5058.55989
6,interference,159,recovery,29.3760002,29.7599994,0.987096801,5090.62386
6,interference,160,recovery,30.2719995,29.7599994,1.01720431,5122.0479
6,interference,161,recovery,28.7679993,29.7599994,0.966666662,5154.71983
6,interference,162,recovery,29.6320003,29.7599994,0.995698954,5186.62405
6,interference,163,recovery,29.3119997,29.7599994,0.984946247,5219.71178
6,interference,164,recovery,30.0159995,29.7599994,1.00860215,5251.07193
6,interference,165,recovery,29.0239993,29.7599994,0.975268816,5283.4878
6,interference,166,recovery,30.3680003,29.7599994,1.02043014,5314.55994
6,interference,167,recovery,28.6720004,29.7599994,0.963440894,5347.32819
6,interference,168,recovery,29.4720009,29.7599994,0.990322632,5379.23193
6,interference,169,recovery,30.1120002,29.7599994,1.01182798,5410.81619
6,interference,170,recovery,28.9280005,29.7599994,0.972043048,5443.3279
6,interference,171,recovery,30.7199992,29.7599994,1.03225806,5474.3042
6,interference,172,recovery,29.8880003,29.7599994,1.00430111,5507.07197
6,interference,173,recovery,29.1200001,29.7599994,0.978494647,5539.39199
6,interference,174,recovery,30.2080009,29.7599994,1.01505382,5570.55998
6,interference,175,recovery,28.8319997,29.7599994,0.968817217,5603.16801
6,interference,176,recovery,29.4720009,29.7599994,0.990322632,5635.07223
6,interference,177,recovery,28.6720004,29.7599994,0.963440894,5666.81623
6,interference,178,recovery,29.3439999,29.7599994,0.986021524,5698.91214
6,interference,179,recovery,30.0159995,29.7599994,1.00860215,5730.30376
6,interference,180,recovery,29.0559996,29.7599994,0.976344093,5762.68816
6,interference,181,recovery,29.5039993,29.7599994,0.991397846,5794.81602
6,interference,182,recovery,29.6960007,29.7599994,0.997849509,5826.56002
6,interference,183,recovery,29.3439999,29.7599994,0.986021524,5858.65593
6,interference,184,recovery,30.0479997,29.7599994,1.00967743,5890.04803
6,interference,185,recovery,28.9919991,29.7599994,0.974193539,5922.49584
6,interference,186,recovery,30.4000005,29.7599994,1.02150542,5953.53603
6,interference,187,recovery,28.6720004,29.7599994,0.963440894,5986.30381
6,interference,188,recovery,29.5039993,29.7599994,0.991397846,6018.23997
6,interference,189,recovery,29.8560001,29.7599994,1.00322583,6049.79181
6,interference,190,recovery,28.9919991,29.7599994,0.974193539,6082.2401
6,interference,191,recovery,30.3680003,29.7599994,1.02043014,6113.27982
6,interference,192,recovery,29.7919996,29.7599994,1.00107528,6146.04807
6,interference,193,recovery,29.2479992,29.7599994,0.982795693,6178.23982
6,interference,194,recovery,30.1120002,29.7599994,1.01182798,6209.53608
6,interference,195,recovery,28.9280005,29.7599994,0.972043048,6242.04779
6,interference,196,recovery,30.4000005,29.7599994,1.02150542,6273.02408
6,interference,197,recovery,28.6720004,29.7599994,0.963440894,6305.79185
6,interference,198,recovery,29.4720009,29.7599994,0.990322632,6337.75997
6,interference,199,recovery,29.8239999,29.7599994,1.00215055,6369.27986
7,control,0,recovery,32.7679999,29.4880001,1.11123168,151.552007
7,control,1,recovery,30.4959994,29.4880001,1.03418337,186.368003
7,control,2,recovery,28.6720004,29.4880001,0.972327737,219.136
7,control,3,recovery,29.3760002,29.4880001,0.996201847,251.199991
7,control,4,recovery,30.1760007,29.4880001,1.02333154,282.624006
7,control,5,recovery,28.864,29.4880001,0.978838847,315.200001
7,control,6,recovery,30.2080009,29.4880001,1.02441674,346.112013
7,control,7,recovery,28.8319997,29.4880001,0.977753651,378.719985
7,control,8,recovery,29.6640005,29.4880001,1.00596854,410.656005
7,control,9,recovery,29.7599994,29.4880001,1.00922407,442.368001
7,control,10,recovery,29.2799994,29.4880001,0.992946261,474.528015
7,control,11,recovery,30.3039998,29.4880001,1.02767226,505.855978
7,control,12,recovery,28.7360009,29.4880001,0.974498128,538.559973
7,control,13,recovery,29.3760002,29.4880001,0.996201847,570.464015
7,control,14,recovery,28.6720004,29.4880001,0.972327737,602.111995
7,control,15,recovery,39.8080014,29.4880001,1.34997291,633.984029
7,control,16,recovery,30.0799999,29.4880001,1.02007596,675.84002
7,control,17,recovery,28.9600007,29.4880001,0.982094433,708.320022
7,control,18,recovery,30.4639991,29.4880001,1.03309818,739.328027
7,control,19,recovery,29.7599994,29.4880001,1.00922407,772.095978
7,control,20,recovery,29.2799994,29.4880001,0.992946261,804.256022
7,control,21,recovery,30.0159995,29.4880001,1.01790557,835.583985
7,control,22,recovery,28.9919991,29.4880001,0.983179565,868.031979
7,control,23,recovery,30.4639991,29.4880001,1.03309818,899.071991
7,control,24,recovery,29.8880003,29.4880001,1.01356485,931.840003
7,control,25,recovery,29.0879998,29.4880001,0.986435152,964.191973
7,control,26,recovery,29.3439999,29.4880001,0.995116652,996.384025
7,control,27,recovery,28.7040006,29.4880001,0.973412932,1028.09596
7,control,28,recovery,29.0559996,29.4880001,0.985349956,1060.48
7,control,29,recovery,30.4639991,29.4880001,1.03309818,1091.58397
7,control,30,recovery,28.6720004,29.4880001,0.972327737,1124.35198
7,control,31,recovery,29.4080004,29.4880001,0.997287043,1156.38399
7,control,32,recovery,29.8880003,29.4880001,1.01356485,1187.83998
7,control,33,recovery,29.1520003,29.4880001,0.988605542,1220.12806
7,control,34,recovery,30.2080009,29.4880001,1.02441674,1251.32799
7,control,35,recovery,28.8319997,29.4880001,0.977753651,1283.93602
7,control,36,recovery,29.3760002,29.4880001,0.996201847,1316.15996
7,control,37,recovery,29.9839992,29.4880001,1.01682037,1347.58401
7,control,38,recovery,28.7360009,29.4880001,0.974498128,1380.288
7,control,39,recovery,29.4720009,29.4880001,0.999457434,1412.19199
7,control,40,recovery,28.6720004,29.4880001,0.972327737,1443.84003
7,control,41,recovery,29.3119997,29.4880001,0.994031457,1475.968
7,control,42,recovery,30.0479997,29.4880001,1.01899076,1507.32803
7,control,43,recovery,28.9919991,29.4880001,0.983179565,1539.77597
7,control,44,recovery,30.3039998,29.4880001,1.02767226,1570.81604
7,control,45,recovery,28.7040006,29.4880001,0.973412932,1603.55198
7,control,46,recovery,29.5039993,29.4880001,1.00054257,1635.48803
7,control,47,recovery,30.1440004,29.4880001,1.02224635,1667.07206
7,control,48,recovery,28.8960002,29.4880001,0.979924042,1699.61596
7,control,49,recovery,30.7199992,29.4880001,1.04177968,1730.55995
7,control,50,recovery,29.8239999,29.4880001,1.01139446,1763.32796
7,control,51,recovery,29.2160008,29.4880001,0.990775933,1795.55202
7,control,52,recovery,30.1440004,29.4880001,1.02224635,1826.81596
7,control,53,recovery,36.4799984,29.4880001,1.23711334,1859.32803
7,control,54,recovery,28.9600007,29.4880001,0.982094433,1898.20802
7,control,55,recovery,30.336,29.4880001,1.02875746,1929.21603
7,control,56,recovery,28.7360009,29.4880001,0.974498128,1961.92002
7,control,57,recovery,29.6320003,29.4880001,1.00488335,1993.79206
7,control,58,recovery,29.9520008,29.4880001,1.01573524,2025.47193
7,control,59,recovery,29.0239993,29.4880001,0.984264761,2057.88803
7,control,60,recovery,29.4720009,29.4880001,0.999457434,2090.08002
7,control,61,recovery,29.7279991,29.4880001,1.00813887,2121.72794
7,control,62,recovery,29.3119997,29.4880001,0.994031457,2153.85604
7,control,63,recovery,30.0479997,29.4880001,1.01899076,2185.21595
7,control,64,recovery,28.9919991,29.4880001,0.983179565,2217.664
7,control,65,recovery,30.1120002,29.4880001,1.02116115,2248.70396
7,control,66,recovery,28.9600007,29.4880001,0.982094433,2281.18396
7,control,67,recovery,30.3680003,29.4880001,1.02984265,2312.19196
7,control,68,recovery,28.6720004,29.4880001,0.972327737,2344.95997
7,control,69,recovery,29.3760002,29.4880001,0.996201847,2377.02394
7,control,70,recovery,29.9520008,29.4880001,1.01573524,2408.44798
7,control,71,recovery,28.7679993,29.4880001,0.97558326,2441.11991
7,control,72,recovery,29.4720009,29.4880001,0.999457434,2473.02389
7,control,73,recovery,29.6960007,29.4880001,1.00705374,2504.704
7,control,74,recovery,29.3439999,29.4880001,0.995116652,2536.79991
7,control,75,recovery,30.0159995,29.4880001,1.01790557,2568.19201
7,control,76,recovery,28.9919991,29.4880001,0.983179565,2600.64006
7,control,77,recovery,30.3039998,29.4880001,1.02767226,2631.68001
7,control,78,recovery,28.7360009,29.4880001,0.974498128,2664.38389
7,control,79,recovery,29.5039993,29.4880001,1.00054257,2696.25592
7,control,80,recovery,30.0159995,29.4880001,1.01790557,2727.93603
7,control,81,recovery,29.0239993,29.4880001,0.984264761,2760.3519
7,control,82,recovery,30.3039998,29.4880001,1.02767226,2791.42404
7,control,83,recovery,28.7360009,29.4880001,0.974498128,2824.12791
7,control,84,recovery,29.4720009,29.4880001,0.999457434,2856.03189
7,control,85,recovery,28.7999995,29.4880001,0.976668456,2887.68005
7,control,86,recovery,29.3439999,29.4880001,0.995116652,2919.77596
7,control,87,recovery,29.9520008,29.4880001,1.01573524,2951.16806
7,control,88,recovery,29.0879998,29.4880001,0.986435152,2983.52003
7,control,89,recovery,30.3039998,29.4880001,1.02767226,3014.65607
7,control,90,recovery,28.7679993,29.4880001,0.97558326,3047.328
7,control,91,recovery,29.3760002,29.4880001,0.996201847,3079.48804
7,control,92,recovery,29.9520008,29.4880001,1.01573524,3110.91208
7,control,93,recovery,29.0879998,29.4880001,0.986435152,3143.26406
7,control,94,recovery,29.4720009,29.4880001,0.999457434,3175.488
7,control,95,recovery,28.6720004,29.4880001,0.972327737,3207.1681
7,control,96,recovery,29.3439999,29.4880001,0.995116652,3239.26401
7,control,97,recovery,29.9520008,29.4880001,1.01573524,3270.65611
7,control,98,recovery,29.0879998,29.4880001,0.986435152,3303.00808
7,control,99,recovery,30.2719995,29.4880001,1.02658707,3334.14412
7,control,100,recovery,28.7999995,29.4880001,0.976668456,3366.7841
7,control,101,recovery,29.0879998,29.4880001,0.986435152,3399.2641
7,control,102,recovery,30.2080009,29.4880001,1.02441674,3430.39989
7,control,103,recovery,28.8319997,29.4880001,0.977753651,3463.00793
7,control,104,recovery,30.4959994,29.4880001,1.03418337,3493.8879
7,control,105,recovery,28.6720004,29.4880001,0.972327737,3526.65591
7,control,106,recovery,29.4400007,29.4880001,0.998372238,3558.65598
7,control,107,recovery,29.8560001,29.4880001,1.01247965,3590.14392
7,control,108,recovery,29.2160008,29.4880001,0.990775933,3622.3681
7,control,109,recovery,30.2080009,29.4880001,1.02441674,3653.63193
7,control,110,recovery,28.7679993,29.4880001,0.97558326,3686.30409
7,control,111,recovery,29.4720009,29.4880001,0.999457434,3718.20807
7,control,112,recovery,29.8880003,29.4880001,1.01356485,3749.88794
7,control,113,recovery,29.1200001,29.4880001,0.987520347,3782.20797
7,control,114,recovery,30.1760007,29.4880001,1.02333154,3813.37595
7,control,115,recovery,28.864,29.4880001,0.978838847,3845.95203
7,control,116,recovery,30.4959994,29.4880001,1.03418337,3876.86396
7,control,117,recovery,28.6720004,29.4880001,0.972327737,3909.63197
7,control,118,recovery,29.4400007,29.4880001,0.998372238,3941.63203
7,control,119,recovery,29.8560001,29.4880001,1.01247965,3973.11997
7,control,120,recovery,29.1840006,29.4880001,0.989690738,4005.37586
7,control,121,recovery,30.5920001,29.4880001,1.03743896,4036.60822
7,control,122,recovery,29.6960007,29.4880001,1.00705374,4069.37599
7,control,123,recovery,29.3119997,29.4880001,0.994031457,4101.50385
7,control,124,recovery,30.336,29.4880001,1.02875746,4132.864
7,control,125,recovery,28.7040006,29.4880001,0.973412932,4165.59982
7,control,126,recovery,29.4720009,29.4880001,0.999457434,4197.4721
7,control,127,recovery,29.7279991,29.4880001,1.00813887,4229.11978
7,control,128,recovery,29.2799994,29.4880001,0.992946261,4261.28006
7,control,129,recovery,30.0479997,29.4880001,1.01899076,4292.60778
7,control,130,recovery,28.9600007,29.4880001,0.982094433,4325.08802
7,control,131,recovery,30.1120002,29.4880001,1.02116115,4356.09579
7,control,132,recovery,28.9600007,29.4880001,0.982094433,4388.60798
7,control,133,recovery,29.1520003,29.4880001,0.988605542,4421.15211
7,control,134,recovery,30.2399993,29.4880001,1.02550187,4452.35205
7,control,135,recovery,28.7999995,29.4880001,0.976668456,4484.99203
7,control,136,recovery,29.4400007,29.4880001,0.998372238,4517.11988
7,control,137,recovery,29.8880003,29.4880001,1.01356485,4548.60783
7,control,138,recovery,29.1200001,29.4880001,0.987520347,4580.92785
7,control,139,recovery,30.2080009,29.4880001,1.02441674,4612.09583
7,control,140,recovery,28.8319997,29.4880001,0.977753651,4644.70387
7,control,141,recovery,30.4959994,29.4880001,1.03418337,4675.58384
7,control,142,recovery,28.6720004,29.4880001,0.972327737,4708.35209
7,control,143,recovery,29.4080004,29.4880001,0.997287043,4740.3841
7,control,144,recovery,29.9520008,29.4880001,1.01573524,4771.8401
7,control,145,recovery,28.7999995,29.4880001,0.976668456,4804.48008
7,control,146,recovery,29.5039993,29.4880001,1.00054257,4836.41577
7,control,147,recovery,28.7999995,29.4880001,0.976668456,4868.09587
7,control,148,recovery,29.3439999,29.4880001,0.995116652,4900.19178
7,control,149,recovery,29.9520008,29.4880001,1.01573524,4931.58388
7,control,150,recovery,29.0879998,29.4880001,0.986435152,4963.93585
7,control,151,recovery,30.2719995,29.4880001,1.02658707,4995.07189
7,control,152,recovery,28.7679993,29.4880001,0.97558326,5027.74382
7,control,153,recovery,29.4720009,29.4880001,0.999457434,5059.64804
7,control,154,recovery,28.6720004,29.4880001,0.972327737,5091.32814
7,control,155,recovery,29.3760002,29.4880001,0.996201847,5123.39211
7,control,156,recovery,30.1440004,29.4880001,1.02224635,5154.81615
7,control,157,recovery,28.8960002,29.4880001,0.979924042,5187.35981
7,control,158,recovery,30.4000005,29.4880001,1.03092785,5218.30416
7,control,159,recovery,28.6720004,29.4880001,0.972327737,5251.07193
7,control,160,recovery,29.5039993,29.4880001,1.00054257,5282.97615
7,control,161,recovery,29.7599994,29.4880001,1.00922407,5314.55994
7,control,162,recovery,29.2799994,29.4880001,0.992946261,5346.72022
7,control,163,recovery,30.0479997,29.4880001,1.01899076,5378.04794
7,control,164,recovery,28.9919991,29.4880001,0.983179565,5410.49623
7,control,165,recovery,30.3680003,29.4880001,1.02984265,5441.53595
7,control,166,recovery,28.6720004,29.4880001,0.972327737,5474.3042
7,control,167,recovery,29.1840006,29.4880001,0.989690738,5506.55985
7,control,168,recovery,30.1120002,29.4880001,1.02116115,5537.79221
7,control,169,recovery,28.9280005,29.4880001,0.981009237,5570.30392
7,control,170,recovery,30.3680003,29.4880001,1.02984265,5601.28021
7,control,171,recovery,28.6720004,29.4880001,0.972327737,5634.04799
7,control,172,recovery,29.4720009,29.4880001,0.999457434,5665.95221
7,control,173,recovery,29.7599994,29.4880001,1.00922407,5697.53599
7,control,174,recovery,29.3119997,29.4880001,0.994031457,5729.66385
7,control,175,recovery,30.0159995,29.4880001,1.01790557,5761.024
7,control,176,recovery,29.0239993,29.4880001,0.984264761,5793.43987
7,control,177,recovery,30.3039998,29.4880001,1.02767226,5824.512
7,control,178,recovery,29.7279991,29.4880001,1.00813887,5857.27978
7,control,179,recovery,29.3119997,29.4880001,0.994031457,5889.40811
7,control,180,recovery,30.0159995,29.4880001,1.01790557,5920.76778
7,control,181,recovery,29.0559996,29.4880001,0.985349956,5953.15218
7,control,182,recovery,30.3039998,29.4880001,1.02767226,5984.25579
7,control,183,recovery,28.7360009,29.4880001,0.974498128,6016.96014
7,control,184,recovery,29.4720009,29.4880001,0.999457434,6048.83194
7,control,185,recovery,29.6960007,29.4880001,1.00705374,6080.51205
7,control,186,recovery,29.3439999,29.4880001,0.995116652,6112.60796
7,control,187,recovery,29.9520008,29.4880001,1.01573524,6144.00005
7,control,188,recovery,29.0879998,29.4880001,0.986435152,6176.35202
7,control,189,recovery,29.4720009,29.4880001,0.999457434,6208.54378
7,control,190,recovery,28.6720004,29.4880001,0.972327737,6240.25583
7,control,191,recovery,29.3760002,29.4880001,0.996201847,6272.31979
7,control,192,recovery,29.9200006,29.4880001,1.01465004,6303.74384
7,control,193,recovery,29.1200001,29.4880001,0.987520347,6336.06386
7,control,194,recovery,30.1760007,29.4880001,1.02333154,6367.23185
7,control,195,recovery,28.8319997,29.4880001,0.977753651,6399.83988
7,control,196,recovery,30.5279996,29.4880001,1.03526857,6430.71985
7,control,197,recovery,28.6720004,29.4880001,0.972327737,6463.4881
7,control,198,recovery,29.3760002,29.4880001,0.996201847,6495.55206
7,control,199,recovery,29.9200006,29.4880001,1.01465004,6526.97611
8,control,0,recovery,34.8160006,29.6320003,1.17494601,199.008003
8,control,1,recovery,30.6880008,29.6320003,1.03563717,235.872
8,control,2,recovery,28.6720004,29.6320003,0.967602597,268.640012
8,control,3,recovery,29.4080004,29.6320003,0.99244061,300.671995
8,control,4,recovery,30.1120002,29.6320003,1.0161987,332.127988
8,control,5,recovery,28.9280005,29.6320003,0.976241909,364.639997
8,control,6,recovery,30.3680003,29.6320003,1.02483801,395.615995
8,control,7,recovery,28.7040006,29.6320003,0.968682519,428.351998
8,control,8,recovery,30.4959994,29.6320003,1.02915764,459.104002
8,control,9,recovery,28.6720004,29.6320003,0.967602597,491.872013
8,control,10,recovery,29.3439999,29.6320003,0.990280766,523.967981
8,control,11,recovery,29.9839992,29.6320003,1.01187901,555.360019
8,control,12,recovery,29.0239993,29.6320003,0.979481611,587.776005
8,control,13,recovery,30.2080009,29.6320003,1.01943847,618.848026
8,control,14,recovery,28.8319997,29.6320003,0.973002143,651.455998
8,control,15,recovery,30.3039998,29.6320003,1.02267817,682.335973
8,control,16,recovery,28.7360009,29.6320003,0.96976244,715.040028
8,control,17,recovery,29.3119997,29.6320003,0.989200845,746.94401
8,control,18,recovery,28.6720004,29.6320003,0.967602597,778.59199
8,control,19,recovery,29.3760002,29.6320003,0.991360688,810.52798
8,control,20,recovery,30.336,29.6320003,1.02375809,842.079997
8,control,21,recovery,28.6720004,29.6320003,0.967602597,874.848008
8,control,22,recovery,29.3439999,29.6320003,0.990280766,906.75199
8,control,23,recovery,29.7599994,29.6320003,1.00431962,938.336015
8,control,24,recovery,29.2799994,29.6320003,0.988120923,970.495999
8,control,25,recovery,30.0479997,29.6320003,1.01403886,1001.82402
8,control,26,recovery,28.9919991,29.6320003,0.978401689,1034.27196
8,control,27,recovery,30.2080009,29.6320003,1.01943847,1065.31203
8,control,28,recovery,28.8319997,29.6320003,0.973002143,1097.91994
8,control,29,recovery,30.336,29.6320003,1.02375809,1128.80003
8,control,30,recovery,28.6720004,29.6320003,0.967602597,1161.56805
8,control,31,recovery,29.5359995,29.6320003,0.996760235,1193.47203
8,control,32,recovery,29.8880003,29.6320003,1.00863931,1225.05605
8,control,33,recovery,29.1520003,29.6320003,0.983801298,1257.34401
8,control,34,recovery,30.3680003,29.6320003,1.02483801,1288.67197
8,control,35,recovery,28.6720004,29.6320003,0.967602597,1321.31195
8,control,36,recovery,29.3760002,29.6320003,0.991360688,1353.37603
8,control,37,recovery,29.9520008,29.6320003,1.01079916,1384.79996
8,control,38,recovery,29.0559996,29.6320003,0.980561533,1417.184
8,control,39,recovery,30.3039998,29.6320003,1.02267817,1448.28796
8,control,40,recovery,28.7360009,29.6320003,0.96976244,1480.99196
8,control,41,recovery,29.5039993,29.6320003,0.995680313,1512.86399
8,control,42,recovery,29.6960007,29.6320003,1.00215984,1544.54398
8,control,43,recovery,29.0879998,29.6320003,0.981641455,1576.89595
8,control,44,recovery,30.2080009,29.6320003,1.01943847,1608.03199
8,control,45,recovery,28.8319997,29.6320003,0.973002143,1640.64002
8,control,46,recovery,30.4959994,29.6320003,1.02915764,1671.51999
8,control,47,recovery,28.6720004,29.6320003,0.967602597,1704.28801
8,control,48,recovery,29.4400007,29.6320003,0.993520532,1736.28795
8,control,49,recovery,29.8880003,29.6320003,1.00863931,1767.77601
8,control,50,recovery,29.1200001,29.6320003,0.982721377,1800.09604
8,control,51,recovery,30.2080009,29.6320003,1.01943847,1831.26402
8,control,52,recovery,28.8319997,29.6320003,0.973002143,1863.87205
8,control,53,recovery,29.4720009,29.6320003,0.994600454,1895.80798
8,control,54,recovery,29.8880003,29.6320003,1.00863931,1927.52004
8,control,55,recovery,29.1840006,29.6320003,0.98488122,1959.77604
8,control,56,recovery,30.1440004,29.6320003,1.01727862,1991.00804
8,control,57,recovery,28.8960002,29.6320003,0.975161987,2023.55194
8,control,58,recovery,30.4000005,29.6320003,1.02591794,2054.49605
8,control,59,recovery,28.6720004,29.6320003,0.967602597,2087.26406
8,control,60,recovery,29.4400007,29.6320003,0.993520532,2119.26389
8,control,61,recovery,29.8880003,29.6320003,1.00863931,2150.75207
8,control,62,recovery,29.1520003,29.6320003,0.983801298,2183.0399
8,control,63,recovery,30.2080009,29.6320003,1.01943847,2214.24007
8,control,64,recovery,28.7999995,29.6320003,0.971922221,2246.88005
8,control,65,recovery,29.2479992,29.6320003,0.987041001,2278.87988
8,control,66,recovery,28.6720004,29.6320003,0.967602597,2310.49609
8,control,67,recovery,29.4400007,29.6320003,0.993520532,2342.49592
8,control,68,recovery,29.8880003,29.6320003,1.00863931,2373.9841
8,control,69,recovery,29.1520003,29.6320003,0.983801298,2406.27193
8,control,70,recovery,30.1760007,29.6320003,1.01835855,2437.47211
8,control,71,recovery,28.864,29.6320003,0.974082065,2470.04795
8,control,72,recovery,30.4959994,29.6320003,1.02915764,2500.96011
8,control,73,recovery,28.6720004,29.6320003,0.967602597,2533.72788
8,control,74,recovery,29.4400007,29.6320003,0.993520532,2565.72795
8,control,75,recovery,29.9520008,29.6320003,1.01079916,2597.21589
8,control,76,recovery,29.0559996,29.6320003,0.980561533,2629.60005
8,control,77,recovery,30.2399993,29.6320003,1.02051833,2660.7039
8,control,78,recovery,28.6720004,29.6320003,0.967602597,2693.47191
8,control,79,recovery,29.4720009,29.6320003,0.994600454,2725.40808
8,control,80,recovery,29.7919996,29.6320003,1.00539955,2756.95992
8,control,81,recovery,29.2479992,29.6320003,0.987041001,2789.15191
8,control,82,recovery,30.0479997,29.6320003,1.01403886,2820.44792
8,control,83,recovery,28.9919991,29.6320003,0.978401689,2852.89598
8,control,84,recovery,30.3039998,29.6320003,1.02267817,2883.93593
8,control,85,recovery,28.7360009,29.6320003,0.96976244,2916.64004
8,control,86,recovery,29.4720009,29.6320003,0.994600454,2948.57597
8,control,87,recovery,29.7599994,29.6320003,1.00431962,2980.19195
8,control,88,recovery,29.2799994,29.6320003,0.988120923,3012.35199
8,control,89,recovery,30.336,29.6320003,1.02375809,3043.67995
8,control,90,recovery,28.7040006,29.6320003,0.968682519,3076.41602
8,control,91,recovery,29.5039993,29.6320003,0.995680313,3108.2561
8,control,92,recovery,29.6960007,29.6320003,1.00215984,3139.93597
8,control,93,recovery,29.3439999,29.6320003,0.990280766,3172.03212
8,control,94,recovery,29.9839992,29.6320003,1.01187901,3203.42398
8,control,95,recovery,29.0559996,29.6320003,0.980561533,3235.8079
8,control,96,recovery,30.3039998,29.6320003,1.02267817,3266.91198
8,control,97,recovery,28.6720004,29.6320003,0.967602597,3299.67999
8,control,98,recovery,29.4720009,29.6320003,0.994600454,3331.58398
8,control,99,recovery,29.7599994,29.6320003,1.00431962,3363.168
8,control,100,recovery,29.0879998,29.6320003,0.981641455,3395.51997
8,control,101,recovery,30.0479997,29.6320003,1.01403886,3426.65601
8,control,102,recovery,28.9919991,29.6320003,0.978401689,3459.10406
8,control,103,recovery,30.336,29.6320003,1.02375809,3490.14401
8,control,104,recovery,28.6720004,29.6320003,0.967602597,3522.91203
8,control,105,recovery,29.5039993,29.6320003,0.995680313,3554.78406
8,control,106,recovery,29.7599994,29.6320003,1.00431962,3586.40003
8,control,107,recovery,29.2479992,29.6320003,0.987041001,3618.59202
8,control,108,recovery,30.1120002,29.6320003,1.0161987,3649.88804
8,control,109,recovery,28.9280005,29.6320003,0.976241909,3682.39999
8,control,110,recovery,30.3680003,29.6320003,1.02483801,3713.37605
8,control,111,recovery,28.6720004,29.6320003,0.967602597,3746.14406
8,control,112,recovery,29.5679998,29.6320003,0.997840156,3778.01609
8,control,113,recovery,29.9839992,29.6320003,1.01187901,3809.63206
8,control,114,recovery,29.0879998,29.6320003,0.981641455,3841.98403
8,control,115,recovery,30.2399993,29.6320003,1.02051833,3873.12007
8,control,116,recovery,28.7999995,29.6320003,0.971922221,3905.76005
8,control,117,recovery,29.5039993,29.6320003,0.995680313,3937.63208
8,control,118,recovery,28.6720004,29.6320003,0.967602597,3969.37609
8,control,119,recovery,29.4080004,29.6320003,0.99244061,4001.4081
8,control,120,recovery,30.0159995,29.6320003,1.01295894,4032.86409
8,control,121,recovery,29.0559996,29.6320003,0.980561533,4065.24801
8,control,122,recovery,30.2719995,29.6320003,1.02159825,4096.3521
8,control,123,recovery,28.7999995,29.6320003,0.971922221,4128.99208
8,control,124,recovery,29.4400007,29.6320003,0.993520532,4161.11994
8,control,125,recovery,29.8560001,29.6320003,1.00755939,4192.60788
8,control,126,recovery,29.1840006,29.6320003,0.98488122,4224.86401
8,control,127,recovery,30.0479997,29.6320003,1.01403886,4256.09589
8,control,128,recovery,28.9919991,29.6320003,0.978401689,4288.54418
8,control,129,recovery,30.3039998,29.6320003,1.02267817,4319.58389
8,control,130,recovery,28.7360009,29.6320003,0.96976244,4352.28777
8,control,131,recovery,29.3760002,29.6320003,0.991360688,4384.4161
8,control,132,recovery,30.0479997,29.6320003,1.01403886,4415.84015
8,control,133,recovery,28.7040006,29.6320003,0.968682519,4448.57597
8,control,134,recovery,29.5039993,29.6320003,0.995680313,4480.44777
8,control,135,recovery,29.7599994,29.6320003,1.00431962,4512.09593
8,control,136,recovery,29.3119997,29.6320003,0.989200845,4544.22379
8,control,137,recovery,29.9839992,29.6320003,1.01187901,4575.58393
8,control,138,recovery,29.0559996,29.6320003,0.980561533,4607.96785
8,control,139,recovery,30.3039998,29.6320003,1.02267817,4639.07194
8,control,140,recovery,28.7360009,29.6320003,0.96976244,4671.77582
8,control,141,recovery,29.4720009,29.6320003,0.994600454,4703.64809
8,control,142,recovery,28.6720004,29.6320003,0.967602597,4735.3282
8,control,143,recovery,29.3760002,29.6320003,0.991360688,4767.39216
8,control,144,recovery,30.2399993,29.6320003,1.02051833,4798.8162
8,control,145,recovery,28.7999995,29.6320003,0.971922221,4831.45618
8,control,146,recovery,29.4720009,29.6320003,0.994600454,4863.32798
8,control,147,recovery,28.6720004,29.6320003,0.967602597,4895.07198
8,control,148,recovery,29.4080004,29.6320003,0.99244061,4927.104
8,control,149,recovery,29.8880003,29.6320003,1.00863931,4958.55999
8,control,150,recovery,29.1520003,29.6320003,0.983801298,4990.84806
8,control,151,recovery,30.1760007,29.6320003,1.01835855,5022.048
8,control,152,recovery,28.864,29.6320003,0.974082065,5054.62408
8,control,153,recovery,30.4639991,29.6320003,1.02807772,5085.536
8,control,154,recovery,28.6720004,29.6320003,0.967602597,5118.30378
8,control,155,recovery,29.2160008,29.6320003,0.985961142,5150.52795
8,control,156,recovery,30.0799999,29.6320003,1.01511878,5181.79178
8,control,157,recovery,28.9600007,29.6320003,0.97732183,5214.27202
8,control,158,recovery,30.3680003,29.6320003,1.02483801,5245.27979
8,control,159,recovery,28.6720004,29.6320003,0.967602597,5278.04804
8,control,160,recovery,29.5039993,29.6320003,0.995680313,5309.95178
8,control,161,recovery,29.8239999,29.6320003,1.00647947,5341.53605
8,control,162,recovery,29.2160008,29.6320003,0.985961142,5373.76022
8,control,163,recovery,30.0799999,29.6320003,1.01511878,5405.02405
8,control,164,recovery,28.9600007,29.6320003,0.97732183,5437.50381
8,control,165,recovery,30.4000005,29.6320003,1.02591794,5468.51206
8,control,166,recovery,29.7279991,29.6320003,1.0032397,5501.27983
8,control,167,recovery,29.3119997,29.6320003,0.989200845,5533.40816
8,control,168,recovery,30.0479997,29.6320003,1.01403886,5564.76784
8,control,169,recovery,29.0239993,29.6320003,0.979481611,5597.18418
8,control,170,recovery,30.2719995,29.6320003,1.02159825,5628.25584
8,control,171,recovery,28.7040006,29.6320003,0.968682519,5660.99215
8,control,172,recovery,29.5039993,29.6320003,0.995680313,5692.89589
8,control,173,recovery,29.7279991,29.6320003,1.0032397,5724.5121
8,control,174,recovery,29.3119997,29.6320003,0.989200845,5756.63996
8,control,175,recovery,30.0479997,29.6320003,1.01403886,5788.00011
8,control,176,recovery,28.9919991,29.6320003,0.978401689,5820.44792
8,control,177,recovery,29.5039993,29.6320003,0.995680313,5852.51188
8,control,178,recovery,28.6720004,29.6320003,0.967602597,5884.25589
8,control,179,recovery,29.4080004,29.6320003,0.99244061,5916.2879
8,control,180,recovery,29.9200006,29.6320003,1.00971923,5947.74389
8,control,181,recovery,29.1200001,29.6320003,0.982721377,5980.06392
8,control,182,recovery,30.1760007,29.6320003,1.01835855,6011.2319
8,control,183,recovery,28.864,29.6320003,0.974082065,6043.80798
8,control,184,recovery,30.4639991,29.6320003,1.02807772,6074.71991
8,control,185,recovery,28.6720004,29.6320003,0.967602597,6107.48816
8,control,186,recovery,29.4720009,29.6320003,0.994600454,6139.4558
8,control,187,recovery,29.8560001,29.6320003,1.00755939,6170.97616
8,control,188,recovery,28.864,29.6320003,0.974082065,6203.55177
8,control,189,recovery,30.4959994,29.6320003,1.02915764,6234.46417
8,control,190,recovery,28.6720004,29.6320003,0.967602597,6267.23194
8,control,191,recovery,29.4400007,29.6320003,0.993520532,6299.23201
8,control,192,recovery,29.9200006,29.6320003,1.00971923,6330.71995
8,control,193,recovery,29.1520003,29.6320003,0.983801298,6363.00802
8,control,194,recovery,28.6720004,29.6320003,0.967602597,6400.352
8,control,195,recovery,29.4720009,29.6320003,0.994600454,6432.28817
8,control,196,recovery,29.7919996,29.6320003,1.00539955,6463.84001
8,control,197,recovery,29.2479992,29.6320003,0.987041001,6496.03224
8,control,198,recovery,29.9200006,29.6320003,1.00971923,6527.32801
8,control,199,recovery,29.1200001,29.6320003,0.982721377,6559.64804
9,interference,0,recovery,28.7679993,29.5039993,0.975054229,4.00000019
9,interference,1,recovery,29.2799994,29.5039993,0.992407814,36.2560004
9,interference,2,recovery,30.0159995,29.5039993,1.01735359,67.5840005
9,interference,3,recovery,28.9919991,29.5039993,0.982646415,100.032002
9,interference,4,recovery,30.336,29.5039993,1.02819959,131.072
9,interference,5,recovery,28.6720004,29.5039993,0.971800471,163.839996
9,interference,6,recovery,29.5359995,29.5039993,1.00108461,195.712
9,interference,7,recovery,29.8239999,29.5039993,1.01084601,227.328002
9,interference,8,recovery,29.2160008,29.5039993,0.990238663,259.552002
9,interference,9,recovery,30.3680003,29.5039993,1.0292842,290.816009
9,interference,10,recovery,28.6720004,29.5039993,0.971800471,323.58399
9,interference,11,recovery,29.5039993,29.5039993,1,355.455995
9,interference,12,recovery,29.7599994,29.5039993,1.00867679,387.071997
9,interference,13,recovery,29.2479992,29.5039993,0.991323207,419.263989
9,interference,14,recovery,30.0479997,29.5039993,1.01843819,450.560004
9,interference,15,recovery,28.9600007,29.5039993,0.981561871,483.040005
9,interference,16,recovery,30.336,29.5039993,1.02819959,514.04798
9,interference,17,recovery,28.7040006,29.5039993,0.972885078,546.783984
9,interference,18,recovery,29.4720009,29.5039993,0.998915456,578.656018
9,interference,19,recovery,29.6960007,29.5039993,1.00650764,610.303998
9,interference,20,recovery,29.0239993,29.5039993,0.983731022,642.719984
9,interference,21,recovery,30.3680003,29.5039993,1.0292842,673.792005
9,interference,22,recovery,28.6720004,29.5039993,0.971800471,706.560016
9,interference,23,recovery,29.4720009,29.5039993,0.998915456,738.43199
9,interference,24,recovery,29.7599994,29.5039993,1.00867679,770.048022
9,interference,25,recovery,29.2799994,29.5039993,0.992407814,802.208006
9,interference,26,recovery,30.0159995,29.5039993,1.01735359,833.536029
9,interference,27,recovery,29.0239993,29.5039993,0.983731022,865.952015
9,interference,28,recovery,30.3039998,29.5039993,1.02711499,897.023976
9,interference,29,recovery,28.7360009,29.5039993,0.973969685,929.727972
9,interference,30,recovery,29.4720009,29.5039993,0.998915456,961.600006
9,interference,31,recovery,29.9200006,29.5039993,1.01409983,993.279994
9,interference,32,recovery,29.1200001,29.5039993,0.986984842,1025.59996
9,interference,33,recovery,30.2080009,29.5039993,1.02386123,1056.76794
9,interference,34,recovery,28.8319997,29.5039993,0.977223443,1089.37597
9,interference,35,recovery,30.4639991,29.5039993,1.03253796,1120.25595
9,interference,36,recovery,28.6720004,29.5039993,0.971800471,1153.02396
9,interference,37,recovery,29.4720009,29.5039993,0.998915456,1184.99196
9,interference,38,recovery,29.9200006,29.5039993,1.01409983,1216.51196
9,interference,39,recovery,29.1200001,29.5039993,0.986984842,1248.83199
9,interference,40,recovery,30.1760007,29.5039993,1.02277662,1279.99997
9,interference,41,recovery,28.8319997,29.5039993,0.977223443,1312.608
9,interference,42,recovery,29.4720009,29.5039993,0.998915456,1344.73598
9,interference,43,recovery,29.8560001,29.5039993,1.01193061,1376.25599
9,interference,44,recovery,29.1840006,29.5039993,0.989154056,1408.512
9,interference,45,recovery,30.1120002,29.5039993,1.02060741,1439.744
9,interference,46,recovery,28.9280005,29.5039993,0.980477264,1472.25595
9,interference,47,recovery,30.3680003,29.5039993,1.0292842,1503.232
9,interference,48,recovery,28.6720004,29.5039993,0.971800471,1536.00001
9,interference,49,recovery,29.4720009,29.5039993,0.998915456,1567.93594
9,interference,50,recovery,29.8560001,29.5039993,1.01193061,1599.48802
9,interference,51,recovery,29.1520003,29.5039993,0.988069449,1631.77598
9,interference,52,recovery,30.2080009,29.5039993,1.02386123,1662.97603
9,interference,53,recovery,28.6720004,29.5039993,0.971800471,1695.74404
9,interference,54,recovery,29.3760002,29.5039993,0.995661635,1727.808
9,interference,55,recovery,29.9200006,29.5039993,1.01409983,1759.23204
9,interference,56,recovery,29.1520003,29.5039993,0.988069449,1791.52
9,interference,57,recovery,30.1440004,29.5039993,1.02169201,1822.72005
9,interference,58,recovery,28.864,29.5039993,0.97830805,1855.29602
9,interference,59,recovery,30.4639991,29.5039993,1.03253796,1886.20806
9,interference,60,recovery,28.6720004,29.5039993,0.971800471,1918.97595
9,interference,61,recovery,29.4720009,29.5039993,0.998915456,1950.94395
9,interference,62,recovery,30.1440004,29.5039993,1.02169201,1982.46396
9,interference,63,recovery,28.8960002,29.5039993,0.979392657,2015.00797
9,interference,64,recovery,30.7199992,29.5039993,1.04121475,2045.95208
9,interference,65,recovery,29.9200006,29.5039993,1.01409983,2078.72009
9,interference,66,recovery,29.0879998,29.5039993,0.985900235,2111.07206
9,interference,67,recovery,30.2080009,29.5039993,1.02386123,2142.2081
9,interference,68,recovery,28.8319997,29.5039993,0.977223443,2174.81589
9,interference,69,recovery,30.4639991,29.5039993,1.03253796,2205.69611
9,interference,70,recovery,28.6720004,29.5039993,0.971800471,2238.46412
9,interference,71,recovery,29.4720009,29.5039993,0.998915456,2270.432
9,interference,72,recovery,29.9520008,29.5039993,1.01518443,2301.95189
9,interference,73,recovery,29.0879998,29.5039993,0.985900235,2334.30409
9,interference,74,recovery,29.5039993,29.5039993,1,2366.55998
9,interference,75,recovery,29.8560001,29.5039993,1.01193061,2398.2079
9,interference,76,recovery,29.1840006,29.5039993,0.989154056,2430.46403
9,interference,77,recovery,30.1440004,29.5039993,1.02169201,2461.69591
9,interference,78,recovery,28.8960002,29.5039993,0.979392657,2494.24005
9,interference,79,recovery,30.4000005,29.5039993,1.03036881,2525.18392
9,interference,80,recovery,28.6720004,29.5039993,0.971800471,2557.95193
9,interference,81,recovery,29.4400007,29.5039993,0.997830849,2589.95199
9,interference,82,recovery,29.8560001,29.5039993,1.01193061,2621.43993
9,interference,83,recovery,28.9600007,29.5039993,0.981561871,2653.91994
9,interference,84,recovery,30.4639991,29.5039993,1.03253796,2684.92794
9,interference,85,recovery,29.8560001,29.5039993,1.01193061,2717.69595
9,interference,86,recovery,29.1520003,29.5039993,0.988069449,2749.98403
9,interference,87,recovery,30.1440004,29.5039993,1.02169201,2781.18396
9,interference,88,recovery,28.8960002,29.5039993,0.979392657,2813.72809
9,interference,89,recovery,30.4639991,29.5039993,1.03253796,2844.67196
9,interference,90,recovery,28.6720004,29.5039993,0.971800471,2877.43998
9,interference,91,recovery,29.4080004,29.5039993,0.996746242,2909.47199
9,interference,92,recovery,29.9839992,29.5039993,1.01626898,2940.92798
9,interference,93,recovery,29.0559996,29.5039993,0.984815628,2973.3119
9,interference,94,recovery,30.2399993,29.5039993,1.02494577,3004.41599
9,interference,95,recovery,28.6720004,29.5039993,0.971800471,3037.184
9,interference,96,recovery,29.3439999,29.5039993,0.994577028,3069.27991
9,interference,97,recovery,29.9839992,29.5039993,1.01626898,3100.67201
9,interference,98,recovery,29.0559996,29.5039993,0.984815628,3133.05593
9,interference,99,recovery,30.336,29.5039993,1.02819959,3166.20803
9,interference,100,recovery,28.7040006,29.5039993,0.972885078,3198.94409
9,interference,101,recovery,29.2160008,29.5039993,0.990238663,3231.19998
9,interference,102,recovery,30.0799999,29.5039993,1.0195228,3262.46405
9,interference,103,recovery,29.8880003,29.5039993,1.01301522,3297.28007
9,interference,104,recovery,29.1840006,29.5039993,0.989154056,3329.53596
9,interference,105,recovery,30.1120002,29.5039993,1.02060741,3360.76808
9,interference,106,recovery,28.8960002,29.5039993,0.979392657,3393.31198
9,interference,107,recovery,30.4320008,29.5039993,1.03145341,3424.25609
9,interference,108,recovery,29.9200006,29.5039993,1.01409983,3457.0241
9,interference,109,recovery,29.1520003,29.5039993,0.988069449,3489.31193
9,interference,110,recovery,30.4320008,29.5039993,1.03145341,3520.5121
9,interference,111,recovery,28.6720004,29.5039993,0.971800471,3553.28012
9,interference,112,recovery,29.5039993,29.5039993,1,3585.1841
9,interference,113,recovery,29.7919996,29.5039993,1.0097614,3616.76788
9,interference,114,recovery,29.2799994,29.5039993,0.992407814,3648.96011
9,interference,115,recovery,30.0799999,29.5039993,1.0195228,3680.25589
9,interference,116,recovery,28.9600007,29.5039993,0.981561871,3712.73589
9,interference,117,recovery,30.4959994,29.5039993,1.03362256,3743.7439
9,interference,118,recovery,28.6720004,29.5039993,0.971800471,3776.51191
9,interference,119,recovery,29.4400007,29.5039993,0.997830849,3808.51197
9,interference,120,recovery,30.2399993,29.5039993,1.02494577,3839.99991
9,interference,121,recovery,28.7999995,29.5039993,0.976138836,3872.63989
9,interference,122,recovery,30.4959994,29.5039993,1.03362256,3903.48792
9,interference,123,recovery,28.6720004,29.5039993,0.971800471,3936.25593
9,interference,124,recovery,29.4400007,29.5039993,0.997830849,3968.256
9,interference,125,recovery,29.8560001,29.5039993,1.01193061,3999.74394
9,interference,126,recovery,29.1840006,29.5039993,0.989154056,4032.00006
9,interference,127,recovery,30.1440004,29.5039993,1.02169201,4063.23195
9,interference,128,recovery,28.8960002,29.5039993,0.979392657,4095.77608
9,interference,129,recovery,30.4639991,29.5039993,1.03253796,4126.71995
9,interference,130,recovery,28.6720004,29.5039993,0.971800471,4159.4882
9,interference,131,recovery,29.5039993,29.5039993,1,4191.42389
9,interference,132,recovery,29.9839992,29.5039993,1.01626898,4222.97621
9,interference,133,recovery,29.0559996,29.5039993,0.984815628,4255.36013
9,interference,134,recovery,30.2719995,29.5039993,1.02603038,4286.46421
9,interference,135,recovery,28.7679993,29.5039993,0.975054229,4319.13614
9,interference,136,recovery,29.4720009,29.5039993,0.998915456,4351.03989
9,interference,137,recovery,28.7999995,29.5039993,0.976138836,4382.71999
9,interference,138,recovery,29.3760002,29.5039993,0.995661635,4414.78395
9,interference,139,recovery,29.7599994,29.5039993,1.00867679,4446.208
9,interference,140,recovery,29.2799994,29.5039993,0.992407814,4478.36781
9,interference,141,recovery,30.1440004,29.5039993,1.02169201,4509.69601
9,interference,142,recovery,28.9280005,29.5039993,0.980477264,4542.20819
9,interference,143,recovery,30.7199992,29.5039993,1.04121475,4573.18401
9,interference,144,recovery,29.9200006,29.5039993,1.01409983,4605.95179
9,interference,145,recovery,29.1200001,29.5039993,0.986984842,4638.27181
9,interference,146,recovery,30.2080009,29.5039993,1.02386123,4669.43979
9,interference,147,recovery,28.864,29.5039993,0.97830805,4702.01588
9,interference,148,recovery,30.4639991,29.5039993,1.03253796,4732.9278
9,interference,149,recovery,28.6720004,29.5039993,0.971800471,4765.69605
9,interference,150,recovery,29.4400007,29.5039993,0.997830849,4797.69611
9,interference,151,recovery,30.0479997,29.5039993,1.01843819,4829.18406
9,interference,152,recovery,29.0239993,29.5039993,0.983731022,4861.59992
9,interference,153,recovery,30.0479997,29.5039993,1.01843819,4892.67206
9,interference,154,recovery,28.9600007,29.5039993,0.981561871,4925.15182
9,interference,155,recovery,29.3119997,29.5039993,0.993492421,4957.56817
9,interference,156,recovery,30.0159995,29.5039993,1.01735359,4988.92784
9,interference,157,recovery,29.0239993,29.5039993,0.983731022,5021.34418
9,interference,158,recovery,30.3039998,29.5039993,1.02711499,5052.41585
9,interference,159,recovery,28.7360009,29.5039993,0.973969685,5085.1202
9,interference,160,recovery,29.4720009,29.5039993,0.998915456,5117.02394
9,interference,161,recovery,29.6960007,29.5039993,1.00650764,5148.6721
9,interference,162,recovery,29.2799994,29.5039993,0.992407814,5180.83191
9,interference,163,recovery,30.0159995,29.5039993,1.01735359,5212.16011
9,interference,164,recovery,28.8319997,29.5039993,0.977223443,5244.76814
9,interference,165,recovery,30.5279996,29.5039993,1.03470717,5275.64812
9,interference,166,recovery,28.6720004,29.5039993,0.971800471,5308.41589
9,interference,167,recovery,29.3760002,29.5039993,0.995661635,5340.47985
9,interference,168,recovery,29.9200006,29.5039993,1.01409983,5371.9039
9,interference,169,recovery,29.1200001,29.5039993,0.986984842,5404.22392
9,interference,170,recovery,30.1760007,29.5039993,1.02277662,5435.3919
9,interference,171,recovery,28.8319997,29.5039993,0.977223443,5467.99994
9,interference,172,recovery,30.4959994,29.5039993,1.03362256,5498.87991
9,interference,173,recovery,28.6720004,29.5039993,0.971800471,5531.64816
9,interference,174,recovery,29.4400007,29.5039993,0.997830849,5563.64822
9,interference,175,recovery,30.1440004,29.5039993,1.02169201,5595.13617
9,interference,176,recovery,28.8960002,29.5039993,0.979392657,5627.67982
9,interference,177,recovery,30.4000005,29.5039993,1.03036881,5658.62417
9,interference,178,recovery,28.6720004,29.5039993,0.971800471,5691.39194
9,interference,179,recovery,29.5039993,29.5039993,1,5723.29617
9,interference,180,recovery,29.7919996,29.5039993,1.0097614,5754.87995
9,interference,181,recovery,29.2479992,29.5039993,0.991323207,5787.07218
9,interference,182,recovery,30.0479997,29.5039993,1.01843819,5818.36796
9,interference,183,recovery,29.0239993,29.5039993,0.983731022,5850.81577
9,interference,184,recovery,30.336,29.5039993,1.02819959,5881.85596
9,interference,185,recovery,28.7040006,29.5039993,0.972885078,5914.59179
9,interference,186,recovery,29.2799994,29.5039993,0.992407814,5946.78402
9,interference,187,recovery,29.9839992,29.5039993,1.01626898,5978.11222
9,interference,188,recovery,29.0559996,29.5039993,0.984815628,6010.49614
9,interference,189,recovery,30.2719995,29.5039993,1.02603038,6041.60023
9,interference,190,recovery,28.7360009,29.5039993,0.973969685,6074.3041
9,interference,191,recovery,29.4720009,29.5039993,0.998915456,6106.1759
9,interference,192,recovery,28.6720004,29.5039993,0.971800471,6137.85601
9,interference,193,recovery,29.3760002,29.5039993,0.995661635,6169.91997
9,interference,194,recovery,29.9520008,29.5039993,1.01518443,6201.34401
9,interference,195,recovery,29.0879998,29.5039993,0.985900235,6233.69598
9,interference,196,recovery,30.2399993,29.5039993,1.02494577,6264.83202
9,interference,197,recovery,28.6720004,29.5039993,0.971800471,6297.59979
9,interference,198,recovery,29.4080004,29.5039993,0.996746242,6329.63181
9,interference,199,recovery,29.9839992,29.5039993,1.01626898,6361.0878
10,interference,0,recovery,29.4400007,29.7439992,0.989779498,3.32799996
10,interference,1,recovery,30.0479997,29.7439992,1.01022056,34.8160006
10,interference,2,recovery,28.9919991,29.7439992,0.974717585,67.2639981
10,interference,3,recovery,30.3680003,29.7439992,1.02097906,98.3040035
10,interference,4,recovery,28.6720004,29.7439992,0.963959156,131.072
10,interference,5,recovery,29.5039993,29.7439992,0.991931147,163.008004
10,interference,6,recovery,30.1760007,29.7439992,1.01452399,194.560006
10,interference,7,recovery,28.864,29.7439992,0.970414226,227.136001
10,interference,8,recovery,29.4080004,29.7439992,0.988703643,259.359986
10,interference,9,recovery,29.9520008,29.7439992,1.00699306,290.816009
10,interference,10,recovery,28.8319997,29.7439992,0.96933837,323.424011
10,interference,11,recovery,30.4639991,29.7439992,1.02420656,354.303986
10,interference,12,recovery,28.6720004,29.7439992,0.963959156,387.071997
10,interference,13,recovery,29.4400007,29.7439992,0.989779498,419.072002
10,interference,14,recovery,29.8560001,29.7439992,1.00376549,450.560004
10,interference,15,recovery,29.1840006,29.7439992,0.981172718,482.816011
10,interference,16,recovery,30.3039998,29.7439992,1.01882735,514.04798
10,interference,17,recovery,28.6720004,29.7439992,0.963959156,546.815991
10,interference,18,recovery,29.2160008,29.7439992,0.982248573,579.039991
10,interference,19,recovery,30.1120002,29.7439992,1.01237228,610.303998
10,interference,20,recovery,28.9280005,29.7439992,0.972565937,642.816007
10,interference,21,recovery,30.4320008,29.7439992,1.02313077,673.792005
10,interference,22,recovery,28.6720004,29.7439992,0.963959156,706.560016
10,interference,23,recovery,29.5039993,29.7439992,0.991931147,738.496006
10,interference,24,recovery,29.8560001,29.7439992,1.00376549,770.048022
10,interference,25,recovery,29.1520003,29.7439992,0.980096862,802.335978
10,interference,26,recovery,30.1760007,29.7439992,1.01452399,833.536029
10,interference,27,recovery,28.864,29.7439992,0.970414226,866.111994
10,interference,28,recovery,30.4639991,29.7439992,1.02420656,897.023976
10,interference,29,recovery,29.7599994,29.7439992,1.00053793,929.791987
10,interference,30,recovery,29.2799994,29.7439992,0.984400221,961.951971
10,interference,31,recovery,30.1120002,29.7439992,1.01237228,993.279994
10,interference,32,recovery,28.9280005,29.7439992,0.972565937,1025.792
10,interference,33,recovery,30.3680003,29.7439992,1.02097906,1056.76794
10,interference,34,recovery,28.6720004,29.7439992,0.963959156,1089.53595
10,interference,35,recovery,29.4720009,29.7439992,0.990855354,1121.44005
10,interference,36,recovery,29.8239999,29.7439992,1.00268964,1153.02396
10,interference,37,recovery,29.2160008,29.7439992,0.982248573,1185.24802
10,interference,38,recovery,30.4000005,29.7439992,1.02205491,1216.51196
10,interference,39,recovery,28.6720004,29.7439992,0.963959156,1249.27998
10,interference,40,recovery,29.5679998,29.7439992,0.994082858,1281.15201
10,interference,41,recovery,30.1440004,29.7439992,1.01344813,1312.76798
10,interference,42,recovery,28.8960002,29.7439992,0.971490081,1345.312
10,interference,43,recovery,30.4320008,29.7439992,1.02313077,1376.25599
10,interference,44,recovery,28.6720004,29.7439992,0.963959156,1409.024
10,interference,45,recovery,29.4080004,29.7439992,0.988703643,1441.05601
10,interference,46,recovery,29.9520008,29.7439992,1.00699306,1472.51201
10,interference,47,recovery,29.0879998,29.7439992,0.977945151,1504.86398
10,interference,48,recovery,30.2719995,29.7439992,1.01775149,1536.00001
10,interference,49,recovery,28.7360009,29.7439992,0.966110866,1568.70401
10,interference,50,recovery,29.4080004,29.7439992,0.988703643,1600.80004
10,interference,51,recovery,29.9200006,29.7439992,1.0059172,1632.25603
10,interference,52,recovery,29.0879998,29.7439992,0.977945151,1664.608
10,interference,53,recovery,30.336,29.7439992,1.0199032,1695.74404
10,interference,54,recovery,28.6720004,29.7439992,0.963959156,1728.51205
10,interference,55,recovery,29.4720009,29.7439992,0.990855354,1760.48005
10,interference,56,recovery,29.9839992,29.7439992,1.00806885,1792.00006
10,interference,57,recovery,29.0559996,29.7439992,0.976869296,1824.38397
10,interference,58,recovery,29.6,29.7439992,0.995158713,1856.54402
10,interference,59,recovery,29.7919996,29.7439992,1.00161378,1888.25595
10,interference,60,recovery,29.0879998,29.7439992,0.977945151,1920.60804
10,interference,61,recovery,30.2719995,29.7439992,1.01775149,1951.74396
10,interference,62,recovery,28.6720004,29.7439992,0.963959156,1984.51197
10,interference,63,recovery,29.4080004,29.7439992,0.988703643,2016.5441
10,interference,64,recovery,29.8880003,29.7439992,1.00484135,2048.0001
10,interference,65,recovery,29.1840006,29.7439992,0.981172718,2080.25599
10,interference,66,recovery,30.1760007,29.7439992,1.01452399,2111.4881
10,interference,67,recovery,28.864,29.7439992,0.970414226,2144.06395
10,interference,68,recovery,30.4320008,29.7439992,1.02313077,2174.97611
10,interference,69,recovery,29.7599994,29.7439992,1.00053793,2207.74388
10,interference,70,recovery,29.2799994,29.7439992,0.984400221,2239.90393
10,interference,71,recovery,30.4000005,29.7439992,1.02205491,2271.23189
10,interference,72,recovery,28.6720004,29.7439992,0.963959156,2303.9999
10,interference,73,recovery,29.4400007,29.7439992,0.989779498,2335.99997
10,interference,74,recovery,29.8880003,29.7439992,1.00484135,2367.48791
10,interference,75,recovery,29.1840006,29.7439992,0.981172718,2399.74403
10,interference,76,recovery,30.1760007,29.7439992,1.01452399,2430.97591
10,interference,77,recovery,28.8319997,29.7439992,0.96933837,2463.58395
10,interference,78,recovery,29.5359995,29.7439992,0.993007002,2495.52011
10,interference,79,recovery,28.6720004,29.7439992,0.963959156,2527.23193
10,interference,80,recovery,29.7919996,29.7439992,1.00161378,2562.04796
10,interference,81,recovery,29.2479992,29.7439992,0.983324366,2594.23995
10,interference,82,recovery,30.0799999,29.7439992,1.01129642,2625.53596
10,interference,83,recovery,28.9600007,29.7439992,0.973641792,2658.01597
10,interference,84,recovery,30.4000005,29.7439992,1.02205491,2689.02397
10,interference,85,recovery,28.6720004,29.7439992,0.963959156,2721.79198
10,interference,86,recovery,29.1840006,29.7439992,0.981172718,2754.04811
10,interference,87,recovery,29.9200006,29.7439992,1.0059172,2785.27999
10,interference,88,recovery,29.0559996,29.7439992,0.976869296,2817.66391
10,interference,89,recovery,30.2719995,29.7439992,1.01775149,2848.768
10,interference,90,recovery,28.7040006,29.7439992,0.965035011,2881.50406
10,interference,91,recovery,29.4720009,29.7439992,0.990855354,2913.40804
10,interference,92,recovery,29.6960007,29.7439992,0.998386279,2945.02401
10,interference,93,recovery,29.3439999,29.7439992,0.986551932,2977.11992
10,interference,94,recovery,29.9839992,29.7439992,1.00806885,3008.51202
10,interference,95,recovery,29.0559996,29.7439992,0.976869296,3040.89594
10,interference,96,recovery,30.2719995,29.7439992,1.01775149,3072.00003
10,interference,97,recovery,28.7999995,29.7439992,0.968262515,3104.64001
10,interference,98,recovery,29.5039993,29.7439992,0.991931147,3136.54399
10,interference,99,recovery,29.8880003,29.7439992,1.00484135,3168.25604
10,interference,100,recovery,29.1520003,29.7439992,0.980096862,3200.54412
10,interference,101,recovery,29.8880003,29.7439992,1.00484135,3231.74405
10,interference,102,recovery,29.1840006,29.7439992,0.981172718,3263.99994
10,interference,103,recovery,30.1440004,29.7439992,1.01344813,3295.23206
10,interference,104,recovery,28.8960002,29.7439992,0.971490081,3327.77596
10,interference,105,recovery,30.4959994,29.7439992,1.02528242,3358.72006
10,interference,106,recovery,28.6720004,29.7439992,0.963959156,3391.48808
10,interference,107,recovery,29.3119997,29.7439992,0.985476077,3423.61593
10,interference,108,recovery,30.0799999,29.7439992,1.01129642,3454.97608
10,interference,109,recovery,28.9600007,29.7439992,0.973641792,3487.45608
10,interference,110,recovery,29.4400007,29.7439992,0.989779498,3519.74392
10,interference,111,recovery,29.8560001,29.7439992,1.00376549,3551.2321
10,interference,112,recovery,28.9600007,29.7439992,0.973641792,3583.7121
10,interference,113,recovery,30.4320008,29.7439992,1.02313077,3614.72011
10,interference,114,recovery,28.6720004,29.7439992,0.963959156,3647.48812
10,interference,115,recovery,29.4720009,29.7439992,0.990855354,3679.456
10,interference,116,recovery,29.8560001,29.7439992,1.00376549,3710.97589
10,interference,117,recovery,29.1840006,29.7439992,0.981172718,3743.23201
10,interference,118,recovery,30.3680003,29.7439992,1.02097906,3774.46389
10,interference,119,recovery,28.6720004,29.7439992,0.963959156,3807.2319
10,interference,120,recovery,29.2479992,29.7439992,0.983324366,3839.42389
10,interference,121,recovery,30.0799999,29.7439992,1.01129642,3870.71991
10,interference,122,recovery,28.9600007,29.7439992,0.973641792,3903.19991
10,interference,123,recovery,30.4000005,29.7439992,1.02205491,3934.20792
10,interference,124,recovery,28.6720004,29.7439992,0.963959156,3966.97593
10,interference,125,recovery,29.4720009,29.7439992,0.990855354,3998.9121
10,interference,126,recovery,29.8239999,29.7439992,1.00268964,4030.46417
10,interference,127,recovery,29.2160008,29.7439992,0.982248573,4062.68787
10,interference,128,recovery,30.1120002,29.7439992,1.01237228,4093.95218
10,interference,129,recovery,28.9280005,29.7439992,0.972565937,4126.46389
10,interference,130,recovery,30.4320008,29.7439992,1.02313077,4157.44019
10,interference,131,recovery,29.7279991,29.7439992,0.999462072,4190.20796
10,interference,132,recovery,29.3119997,29.7439992,0.985476077,4222.33582
10,interference,133,recovery,30.1120002,29.7439992,1.01237228,4253.69596
10,interference,134,recovery,28.8319997,29.7439992,0.96933837,4286.304
10,interference,135,recovery,29.4720009,29.7439992,0.990855354,4318.20822
10,interference,136,recovery,28.6720004,29.7439992,0.963959156,4349.95222
10,interference,137,recovery,29.3119997,29.7439992,0.985476077,4382.08008
10,interference,138,recovery,30.2719995,29.7439992,1.01775149,4413.44023
10,interference,139,recovery,28.7679993,29.7439992,0.967186659,4446.11216
10,interference,140,recovery,29.5039993,29.7439992,0.991931147,4478.0159
10,interference,141,recovery,30.0159995,29.7439992,1.00914471,4509.69601
10,interference,142,recovery,29.0239993,29.7439992,0.97579344,4542.11187
10,interference,143,recovery,29.5039993,29.7439992,0.991931147,4574.20778
10,interference,144,recovery,28.6720004,29.7439992,0.963959156,4605.95179
10,interference,145,recovery,29.3760002,29.7439992,0.987627788,4638.01622
10,interference,146,recovery,29.9520008,29.7439992,1.00699306,4669.43979
10,interference,147,recovery,29.0879998,29.7439992,0.977945151,4701.79176
10,interference,148,recovery,30.2080009,29.7439992,1.01559984,4732.9278
10,interference,149,recovery,28.8319997,29.7439992,0.96933837,4765.53583
10,interference,150,recovery,29.4720009,29.7439992,0.990855354,4797.66417
10,interference,151,recovery,29.8239999,29.7439992,1.00268964,4829.18406
10,interference,152,recovery,29.1840006,29.7439992,0.981172718,4861.44018
10,interference,153,recovery,30.4639991,29.7439992,1.02420656,4892.67206
10,interference,154,recovery,28.6720004,29.7439992,0.963959156,4925.43983
10,interference,155,recovery,29.4400007,29.7439992,0.989779498,4957.4399
10,interference,156,recovery,30.1120002,29.7439992,1.01237228,4988.92784
10,interference,157,recovery,28.9600007,29.7439992,0.973641792,5021.40808
10,interference,158,recovery,30.4639991,29.7439992,1.02420656,5052.41585
10,interference,159,recovery,28.6720004,29.7439992,0.963959156,5085.1841
10,interference,160,recovery,29.1200001,29.7439992,0.979021007,5117.50412
10,interference,161,recovery,30.3680003,29.7439992,1.02097906,5148.6721
10,interference,162,recovery,28.6720004,29.7439992,0.963959156,5181.43988
10,interference,163,recovery,29.3760002,29.7439992,0.987627788,5213.50384
10,interference,164,recovery,29.9200006,29.7439992,1.0059172,5244.92788
10,interference,165,recovery,29.0559996,29.7439992,0.976869296,5277.3118
10,interference,166,recovery,30.3680003,29.7439992,1.02097906,5308.41589
10,interference,167,recovery,28.6720004,29.7439992,0.963959156,5341.18414
10,interference,168,recovery,29.4720009,29.7439992,0.990855354,5373.11983
10,interference,169,recovery,29.8239999,29.7439992,1.00268964,5404.67215
10,interference,170,recovery,29.2160008,29.7439992,0.982248573,5436.89585
10,interference,171,recovery,30.1440004,29.7439992,1.01344813,5468.16015
10,interference,172,recovery,28.7040006,29.7439992,0.965035011,5500.89598
10,interference,173,recovery,29.4400007,29.7439992,0.989779498,5532.8002
10,interference,174,recovery,29.7279991,29.7439992,0.999462072,5564.41593
10,interference,175,recovery,29.3439999,29.7439992,0.986551932,5596.51184
10,interference,176,recovery,29.9520008,29.7439992,1.00699306,5627.90394
10,interference,177,recovery,29.0879998,29.7439992,0.977945151,5660.25591
10,interference,178,recovery,30.2080009,29.7439992,1.01559984,5691.39194
10,interference,179,recovery,28.864,29.7439992,0.970414226,5723.96803
10,interference,180,recovery,30.5599999,29.7439992,1.02743413,5754.87995
10,interference,181,recovery,28.6720004,29.7439992,0.963959156,5787.6482
10,interference,182,recovery,29.3760002,29.7439992,0.987627788,5819.71216
10,interference,183,recovery,30.2080009,29.7439992,1.01559984,5851.13621
10,interference,184,recovery,28.7999995,29.7439992,0.968262515,5883.77619
10,interference,185,recovery,29.5039993,29.7439992,0.991931147,5915.64798
10,interference,186,recovery,28.6720004,29.7439992,0.963959156,5947.39199
10,interference,187,recovery,29.4080004,29.7439992,0.988703643,5979.424
10,interference,188,recovery,29.9200006,29.7439992,1.0059172,6010.87999
10,interference,189,recovery,29.1520003,29.7439992,0.980096862,6043.16807
10,interference,190,recovery,30.2080009,29.7439992,1.01559984,6074.368
10,interference,191,recovery,28.8319997,29.7439992,0.96933837,6106.97603
10,interference,192,recovery,30.4959994,29.7439992,1.02528242,6137.85601
10,interference,193,recovery,28.6720004,29.7439992,0.963959156,6170.62378
10,interference,194,recovery,29.2160008,29.7439992,0.982248573,6202.84796
10,interference,195,recovery,30.336,29.7439992,1.0199032,6234.11179
10,interference,196,recovery,28.7040006,29.7439992,0.965035011,6266.84809
10,interference,197,recovery,29.2160008,29.7439992,0.982248573,6298.71988
10,interference,198,recovery,28.7360009,29.7439992,0.966110866,6330.30415
10,interference,199,recovery,29.2160008,29.7439992,0.982248573,6362.20789
11,control,0,recovery,31.2959999,30.5599999,1.02408377,256.415993
11,control,1,recovery,29.5679998,30.5599999,0.967539264,290.912002
11,control,2,recovery,30.0159995,30.5599999,0.982198939,322.528005
11,control,3,recovery,28.9919991,30.5599999,0.948691074,354.975998
11,control,4,recovery,30.2719995,30.5599999,0.990575905,386.016011
11,control,5,recovery,28.7040006,30.5599999,0.939267041,418.720007
11,control,6,recovery,29.5039993,30.5599999,0.965445007,450.720012
11,control,7,recovery,30.0479997,30.5599999,0.983246068,482.271999
11,control,8,recovery,28.9919991,30.5599999,0.948691074,514.720023
11,control,9,recovery,30.336,30.5599999,0.992670162,545.759976
11,control,10,recovery,28.6720004,30.5599999,0.938219912,578.527987
11,control,11,recovery,29.4400007,30.5599999,0.963350811,610.527992
11,control,12,recovery,29.9520008,30.5599999,0.980104743,642.015994
11,control,13,recovery,29.0239993,30.5599999,0.949738203,674.399972
11,control,14,recovery,29.4080004,30.5599999,0.962303682,706.687987
11,control,15,recovery,29.7919996,30.5599999,0.974869101,738.272011
11,control,16,recovery,29.2160008,30.5599999,0.956020973,770.496011
11,control,17,recovery,30.2399993,30.5599999,0.989528777,801.760018
11,control,18,recovery,28.7679993,30.5599999,0.941361236,834.432006
11,control,19,recovery,30.4959994,30.5599999,0.997905743,865.248024
11,control,20,recovery,29.6640005,30.5599999,0.970680649,898.015976
11,control,21,recovery,29.1520003,30.5599999,0.953926716,930.271983
11,control,22,recovery,30.1440004,30.5599999,0.986387453,961.503983
11,control,23,recovery,28.864,30.5599999,0.944502622,994.080007
11,control,24,recovery,30.2399993,30.5599999,0.989528777,1024.99199
11,control,25,recovery,28.7999995,30.5599999,0.942408365,1057.63197
11,control,26,recovery,29.5359995,30.5599999,0.966492135,1089.63203
11,control,27,recovery,29.7599994,30.5599999,0.973821973,1121.24801
11,control,28,recovery,29.2799994,30.5599999,0.958115169,1153.40805
11,control,29,recovery,29.7919996,30.5599999,0.974869101,1184.73601
11,control,30,recovery,29.2160008,30.5599999,0.956020973,1216.95995
11,control,31,recovery,30.1440004,30.5599999,0.986387453,1248.22402
11,control,32,recovery,28.864,30.5599999,0.944502622,1280.79998
11,control,33,recovery,29.6960007,30.5599999,0.971727777,1312.73603
11,control,34,recovery,30.0479997,30.5599999,0.983246068,1344.48004
11,control,35,recovery,28.9600007,30.5599999,0.947644007,1376.96004
11,control,36,recovery,30.3039998,30.5599999,0.991623034,1407.96804
11,control,37,recovery,28.7040006,30.5599999,0.939267041,1440.70399
11,control,38,recovery,29.5359995,30.5599999,0.966492135,1472.64004
11,control,39,recovery,30.0159995,30.5599999,0.982198939,1504.22394
11,control,40,recovery,28.9919991,30.5599999,0.948691074,1536.672
11,control,41,recovery,33.5040018,30.5599999,1.09633514,1568.79997
11,control,42,recovery,30.0159995,30.5599999,0.982198939,1604.57599
11,control,43,recovery,28.9919991,30.5599999,0.948691074,1637.02404
11,control,44,recovery,30.4639991,30.5599999,0.996858615,1668.064
11,control,45,recovery,29.9520008,30.5599999,0.980104743,1700.83201
11,control,46,recovery,29.0879998,30.5599999,0.951832459,1733.18398
11,control,47,recovery,29.5359995,30.5599999,0.966492135,1765.31196
11,control,48,recovery,29.7279991,30.5599999,0.972774845,1797.08803
11,control,49,recovery,29.3119997,30.5599999,0.959162297,1829.216
11,control,50,recovery,30.0799999,30.5599999,0.984293196,1860.57603
11,control,51,recovery,28.8960002,30.5599999,0.94554975,1893.12005
11,control,52,recovery,29.5039993,30.5599999,0.965445007,1925.08805
11,control,53,recovery,29.7599994,30.5599999,0.973821973,1956.83205
11,control,54,recovery,29.2799994,30.5599999,0.958115169,1988.99198
11,control,55,recovery,30.3039998,30.5599999,0.991623034,2020.28799
11,control,56,recovery,28.7679993,30.5599999,0.941361236,2052.99211
11,control,57,recovery,29.6,30.5599999,0.968586392,2084.92804
11,control,58,recovery,30.0159995,30.5599999,0.982198939,2116.57596
11,control,59,recovery,28.9919991,30.5599999,0.948691074,2149.02401
11,control,60,recovery,30.4000005,30.5599999,0.994764419,2180.06396
11,control,61,recovery,28.6400001,30.5599999,0.937172784,2212.83197
11,control,62,recovery,29.4720009,30.5599999,0.964397939,2244.80009
11,control,63,recovery,29.9520008,30.5599999,0.980104743,2276.31998
11,control,64,recovery,29.0559996,30.5599999,0.950785331,2308.7039
11,control,65,recovery,29.2799994,30.5599999,0.958115169,2340.86394
11,control,66,recovery,28.7040006,30.5599999,0.939267041,2372.54405
11,control,67,recovery,29.5359995,30.5599999,0.966492135,2404.47998
11,control,68,recovery,29.8880003,30.5599999,0.978010487,2436.064
11,control,69,recovery,29.0559996,30.5599999,0.950785331,2468.41598
11,control,70,recovery,30.3680003,30.5599999,0.993717291,2499.55201
11,control,71,recovery,28.7040006,30.5599999,0.939267041,2532.28807
11,control,72,recovery,29.4720009,30.5599999,0.964397939,2564.2879
11,control,73,recovery,29.9839992,30.5599999,0.981151811,2595.77608
11,control,74,recovery,29.0559996,30.5599999,0.950785331,2628.19195
11,control,75,recovery,29.5039993,30.5599999,0.965445007,2660.35199
11,control,76,recovery,29.7599994,30.5599999,0.973821973,2692.06405
11,control,77,recovery,29.0879998,30.5599999,0.951832459,2724.41602
11,control,78,recovery,29.5039993,30.5599999,0.965445007,2756.70409
11,control,79,recovery,29.8880003,30.5599999,0.978010487,2788.32006
11,control,80,recovery,29.1200001,30.5599999,0.952879588,2820.64009
11,control,81,recovery,30.336,30.5599999,0.992670162,2851.77588
11,control,82,recovery,28.7360009,30.5599999,0.940314169,2884.51195
11,control,83,recovery,29.5039993,30.5599999,0.965445007,2916.44812
11,control,84,recovery,29.8239999,30.5599999,0.97591623,2948.06409
11,control,85,recovery,29.0559996,30.5599999,0.950785331,2980.44801
11,control,86,recovery,30.336,30.5599999,0.992670162,3011.5521
11,control,87,recovery,29.7599994,30.5599999,0.973821973,3044.32011
11,control,88,recovery,29.2799994,30.5599999,0.958115169,3076.47991
11,control,89,recovery,30.1760007,30.5599999,0.987434581,3107.77593
11,control,90,recovery,28.8960002,30.5599999,0.94554975,3140.35201
11,control,91,recovery,29.5359995,30.5599999,0.966492135,3172.28794
11,control,92,recovery,29.6640005,30.5599999,0.970680649,3204.06389
11,control,93,recovery,29.3119997,30.5599999,0.959162297,3236.19199
11,control,94,recovery,30.0479997,30.5599999,0.983246068,3267.5519
11,control,95,recovery,28.7040006,30.5599999,0.939267041,3300.28796
11,control,96,recovery,29.5359995,30.5599999,0.966492135,3332.22389
11,control,97,recovery,30.1120002,30.5599999,0.985340324,3363.77597
11,control,98,recovery,28.9280005,30.5599999,0.946596878,3396.3201
11,control,99,recovery,30.4959994,30.5599999,0.997905743,3427.29592
11,control,100,recovery,28.6720004,30.5599999,0.938219912,3460.06393
11,control,101,recovery,29.3760002,30.5599999,0.961256554,3492.1279
11,control,102,recovery,29.9839992,30.5599999,0.981151811,3523.55194
11,control,103,recovery,29.0239993,30.5599999,0.949738203,3555.96805
11,control,104,recovery,30.3680003,30.5599999,0.993717291,3587.03995
11,control,105,recovery,29.7919996,30.5599999,0.974869101,3619.77601
11,control,106,recovery,29.2479992,30.5599999,0.95706804,3651.99995
11,control,107,recovery,30.3680003,30.5599999,0.993717291,3683.29597
11,control,108,recovery,28.6720004,30.5599999,0.938219912,3716.06398
11,control,109,recovery,29.4720009,30.5599999,0.964397939,3748.03209
11,control,110,recovery,29.9520008,30.5599999,0.980104743,3779.52003
11,control,111,recovery,29.0879998,30.5599999,0.951832459,3811.90395
11,control,112,recovery,30.3039998,30.5599999,0.991623034,3843.03999
11,control,113,recovery,28.7040006,30.5599999,0.939267041,3875.77605
11,control,114,recovery,29.5039993,30.5599999,0.965445007,3907.71198
11,control,115,recovery,30.1120002,30.5599999,0.985340324,3939.29601
11,control,116,recovery,28.9280005,30.5599999,0.946596878,3971.80796
11,control,117,recovery,30.6880008,30.5599999,1.00418851,4002.78378
11,control,118,recovery,29.8880003,30.5599999,0.978010487,4035.55202
11,control,119,recovery,29.1520003,30.5599999,0.953926716,4067.8401
11,control,120,recovery,30.2399993,30.5599999,0.989528777,4099.04003
11,control,121,recovery,28.7679993,30.5599999,0.941361236,4131.71196
11,control,122,recovery,29.5359995,30.5599999,0.966492135,4163.64813
11,control,123,recovery,29.7919996,30.5599999,0.974869101,4195.29581
11,control,124,recovery,29.2160008,30.5599999,0.956020973,4227.51999
11,control,125,recovery,30.4639991,30.5599999,0.996858615,4258.78382
11,control,126,recovery,28.6720004,30.5599999,0.938219912,4291.55207
11,control,127,recovery,29.3439999,30.5599999,0.960209426,4323.64798
11,control,128,recovery,30.2719995,30.5599999,0.990575905,4355.04007
11,control,129,recovery,28.7679993,30.5599999,0.941361236,4387.712
11,control,130,recovery,29.5039993,30.5599999,0.965445007,4419.68012
11,control,131,recovery,28.6720004,30.5599999,0.938219912,4451.29585
11,control,132,recovery,29.4080004,30.5599999,0.962303682,4483.32787
11,control,133,recovery,29.9839992,30.5599999,0.981151811,4514.78386
11,control,134,recovery,29.0559996,30.5599999,0.950785331,4547.16778
11,control,135,recovery,30.3680003,30.5599999,0.993717291,4578.27187
11,control,136,recovery,28.6720004,30.5599999,0.938219912,4611.04012
11,control,137,recovery,29.3439999,30.5599999,0.960209426,4643.13602
11,control,138,recovery,30.0479997,30.5599999,0.983246068,4674.52812
11,control,139,recovery,28.9919991,30.5599999,0.948691074,4706.97594
11,control,140,recovery,30.4320008,30.5599999,0.995811547,4738.01613
11,control,141,recovery,28.6400001,30.5599999,0.937172784,4770.7839
11,control,142,recovery,29.3760002,30.5599999,0.961256554,4802.84786
11,control,143,recovery,30.0159995,30.5599999,0.982198939,4834.27191
11,control,144,recovery,29.0239993,30.5599999,0.949738203,4866.68777
11,control,145,recovery,29.5039993,30.5599999,0.965445007,4898.88
11,control,146,recovery,29.8239999,30.5599999,0.97591623,4930.52816
11,control,147,recovery,29.0879998,30.5599999,0.951832459,4962.88013
11,control,148,recovery,30.3039998,30.5599999,0.991623034,4994.01617
11,control,149,recovery,28.7040006,30.5599999,0.939267041,5026.72005
11,control,150,recovery,29.5039993,30.5599999,0.965445007,5058.62379
11,control,151,recovery,29.7919996,30.5599999,0.974869101,5090.27195
11,control,152,recovery,29.2479992,30.5599999,0.95706804,5122.46418
11,control,153,recovery,30.1760007,30.5599999,0.987434581,5153.75996
11,control,154,recovery,29.8560001,30.5599999,0.976963358,5186.33604
11,control,155,recovery,29.3760002,30.5599999,0.961256554,5218.59217
11,control,156,recovery,30.0159995,30.5599999,0.982198939,5250.01621
11,control,157,recovery,28.7360009,30.5599999,0.940314169,5282.68814
11,control,158,recovery,29.5039993,30.5599999,0.965445007,5314.62383
11,control,159,recovery,29.7919996,30.5599999,0.974869101,5346.27199
11,control,160,recovery,29.2160008,30.5599999,0.956020973,5378.49617
11,control,161,recovery,30.1760007,30.5599999,0.987434581,5409.76
11,control,162,recovery,28.864,30.5599999,0.944502622,5442.33608
11,control,163,recovery,29.5359995,30.5599999,0.966492135,5474.27177
11,control,164,recovery,29.9839992,30.5599999,0.981151811,5506.01578
11,control,165,recovery,29.0239993,30.5599999,0.949738203,5538.40017
11,control,166,recovery,30.3680003,30.5599999,0.993717291,5569.50378
11,control,167,recovery,29.7279991,30.5599999,0.972774845,5602.27203
11,control,168,recovery,29.2799994,30.5599999,0.958115169,5634.43184
11,control,169,recovery,30.1120002,30.5599999,0.985340324,5665.76004
11,control,170,recovery,28.9280005,30.5599999,0.946596878,5698.27223
11,control,171,recovery,30.4320008,30.5599999,0.995811547,5729.24805
11,control,172,recovery,28.6720004,30.5599999,0.938219912,5762.01582
11,control,173,recovery,29.3760002,30.5599999,0.961256554,5794.04783
11,control,174,recovery,30.2719995,30.5599999,0.990575905,5825.50383
11,control,175,recovery,28.7360009,30.5599999,0.940314169,5858.20818
11,control,176,recovery,29.5359995,30.5599999,0.966492135,5890.17582
11,control,177,recovery,30.1120002,30.5599999,0.985340324,5921.76008
11,control,178,recovery,28.9280005,30.5599999,0.946596878,5954.27179
11,control,179,recovery,30.4320008,30.5599999,0.995811547,5985.24809
11,control,180,recovery,28.6720004,30.5599999,0.938219912,6018.01586
11,control,181,recovery,29.4080004,30.5599999,0.962303682,6050.01593
11,control,182,recovery,29.9520008,30.5599999,0.980104743,6081.50387
11,control,183,recovery,29.0559996,30.5599999,0.950785331,6113.88779
11,control,184,recovery,30.5920001,30.5599999,1.00104713,6144.99187
11,control,185,recovery,29.8239999,30.5599999,0.97591623,6177.76012
11,control,186,recovery,29.2160008,30.5599999,0.956020973,6209.98383
11,control,187,recovery,30.3680003,30.5599999,0.993717291,6241.24813
11,control,188,recovery,28.6720004,30.5599999,0.938219912,6274.0159
11,control,189,recovery,29.5039993,30.5599999,0.965445007,6305.92012
11,control,190,recovery,29.8239999,30.5599999,0.97591623,6337.50391
11,control,191,recovery,29.1840006,30.5599999,0.954973845,6369.76004
11,control,192,recovery,30.1760007,30.5599999,0.987434581,6400.99192
11,control,193,recovery,28.8319997,30.5599999,0.943455493,6433.59995
11,control,194,recovery,29.5039993,30.5599999,0.965445007,6465.50417
11,control,195,recovery,29.6960007,30.5599999,0.971727777,6497.24817
11,control,196,recovery,29.1840006,30.5599999,0.954973845,6529.50382
11,control,197,recovery,30.0159995,30.5599999,0.982198939,6560.73618
11,control,198,recovery,28.9919991,30.5599999,0.948691074,6593.18399
11,control,199,recovery,30.4000005,30.5599999,0.994764419,6624.22419
12,interference,0,recovery,30.336,29.6800006,1.02210241,2.14400003
12,interference,1,recovery,28.7040006,29.6800006,0.967115904,34.9120013
12,interference,2,recovery,29.5039993,29.6800006,0.994070036,66.8480024
12,interference,3,recovery,29.8239999,29.6800006,1.00485173,98.431997
12,interference,4,recovery,28.8960002,29.6800006,0.973584893,130.976006
12,interference,5,recovery,29.5359995,29.6800006,0.995148211,162.911996
12,interference,6,recovery,29.6640005,29.6800006,0.999460912,194.688007
12,interference,7,recovery,29.3439999,29.6800006,0.988679222,226.784006
12,interference,8,recovery,30.0799999,29.6800006,1.01347707,258.175999
12,interference,9,recovery,28.9600007,29.6800006,0.975741244,290.656
12,interference,10,recovery,30.4639991,29.6800006,1.02641504,321.631998
12,interference,11,recovery,29.8560001,29.6800006,1.0059299,354.431987
12,interference,12,recovery,29.1520003,29.6800006,0.982210233,386.720002
12,interference,13,recovery,30.2080009,29.6800006,1.01778977,417.919993
12,interference,14,recovery,28.6400001,29.6800006,0.964959554,450.688004
12,interference,15,recovery,29.4400007,29.6800006,0.991913748,482.68801
12,interference,16,recovery,30.0799999,29.6800006,1.01347707,514.144003
12,interference,17,recovery,28.9919991,29.6800006,0.976819356,546.624005
12,interference,18,recovery,30.4000005,29.6800006,1.02425876,577.63201
12,interference,19,recovery,28.6720004,29.6800006,0.966037729,610.432029
12,interference,20,recovery,29.4400007,29.6800006,0.991913748,642.431974
12,interference,21,recovery,29.8880003,29.6800006,1.00700808,673.919976
12,interference,22,recovery,28.7040006,29.6800006,0.967115904,714.847982
12,interference,23,recovery,29.5359995,29.6800006,0.995148211,746.783972
12,interference,24,recovery,30.0159995,29.6800006,1.01132072,778.367996
12,interference,25,recovery,29.0239993,29.6800006,0.977897532,810.783982
12,interference,26,recovery,30.4639991,29.6800006,1.02641504,841.856003
12,interference,27,recovery,28.6720004,29.6800006,0.966037729,874.624014
12,interference,28,recovery,29.3439999,29.6800006,0.988679222,906.719983
12,interference,29,recovery,30.0479997,29.6800006,1.01239889,938.11202
12,interference,30,recovery,30.4959994,29.6800006,1.02749322,974.976003
12,interference,31,recovery,29.6960007,29.6800006,1.00053909,1007.74395
12,interference,32,recovery,29.3119997,29.6800006,0.987601047,1039.83998
12,interference,33,recovery,30.2080009,29.6800006,1.01778977,1071.20001
12,interference,34,recovery,28.7999995,29.6800006,0.970350367,1103.87194
12,interference,35,recovery,29.4400007,29.6800006,0.991913748,1136.00004
12,interference,36,recovery,30.0479997,29.6800006,1.01239889,1167.45603
12,interference,37,recovery,30.4320008,29.6800006,1.02533693,1200.25599
12,interference,38,recovery,29.6960007,29.6800006,1.00053909,1233.024
12,interference,39,recovery,29.3119997,29.6800006,0.987601047,1265.15198
12,interference,40,recovery,30.1440004,29.6800006,1.01563342,1296.51201
12,interference,41,recovery,28.864,29.6800006,0.972506718,1329.08797
12,interference,42,recovery,29.5679998,29.6800006,0.996226386,1360.99195
12,interference,43,recovery,29.7279991,29.6800006,1.0016172,1392.76803
12,interference,44,recovery,29.2799994,29.6800006,0.986522871,1424.92795
12,interference,45,recovery,30.7199992,29.6800006,1.03504038,1456.25603
12,interference,46,recovery,30.1440004,29.6800006,1.01563342,1489.02404
12,interference,47,recovery,28.8960002,29.6800006,0.973584893,1521.56794
12,interference,48,recovery,30.4959994,29.6800006,1.02749322,1552.51205
12,interference,49,recovery,28.6720004,29.6800006,0.966037729,1585.27994
12,interference,50,recovery,29.3439999,29.6800006,0.988679222,1617.34402
12,interference,51,recovery,30.336,29.6800006,1.02210241,1648.76795
12,interference,52,recovery,28.6720004,29.6800006,0.966037729,1681.53596
12,interference,53,recovery,29.4720009,29.6800006,0.992991923,1713.50396
12,interference,54,recovery,30.0479997,29.6800006,1.01239889,1745.02397
12,interference,55,recovery,28.9600007,29.6800006,0.975741244,1777.50397
12,interference,56,recovery,30.4320008,29.6800006,1.02533693,1808.51197
12,interference,57,recovery,28.6720004,29.6800006,0.966037729,1841.27998
12,interference,58,recovery,29.3760002,29.6800006,0.989757397,1873.34394
12,interference,59,recovery,28.7040006,29.6800006,0.967115904,1912.92799
12,interference,60,recovery,29.4720009,29.6800006,0.992991923,1944.92805
12,interference,61,recovery,30.2080009,29.6800006,1.01778977,1976.44806
12,interference,62,recovery,28.8319997,29.6800006,0.971428543,2009.05609
12,interference,63,recovery,29.5039993,29.6800006,0.994070036,2040.99202
12,interference,64,recovery,29.9839992,29.6800006,1.01024254,2072.70408
12,interference,65,recovery,29.0559996,29.6800006,0.978975707,2105.088
12,interference,66,recovery,30.3680003,29.6800006,1.02318058,2136.19208
12,interference,67,recovery,28.7040006,29.6800006,0.967115904,2168.92791
12,interference,68,recovery,29.5039993,29.6800006,0.994070036,2200.89602
12,interference,69,recovery,29.8880003,29.6800006,1.00700808,2232.4481
12,interference,70,recovery,29.1520003,29.6800006,0.982210233,2264.73594
12,interference,71,recovery,30.5279996,29.6800006,1.02857139,2295.93611
12,interference,72,recovery,29.7599994,29.6800006,1.00269538,2328.67193
12,interference,73,recovery,29.2799994,29.6800006,0.986522871,2360.86392
12,interference,74,recovery,30.3039998,29.6800006,1.02102423,2392.19189
12,interference,75,recovery,28.7360009,29.6800006,0.96819408,2424.896
12,interference,76,recovery,29.5039993,29.6800006,0.994070036,2456.86412
12,interference,77,recovery,29.8560001,29.6800006,1.0059299,2488.4479
12,interference,78,recovery,29.1200001,29.6800006,0.981132058,2520.73598
12,interference,79,recovery,30.2719995,29.6800006,1.01994605,2551.93591
12,interference,80,recovery,28.7679993,29.6800006,0.969272192,2584.60808
12,interference,81,recovery,29.6,29.6800006,0.997304562,2616.51206
12,interference,82,recovery,30.0479997,29.6800006,1.01239889,2648.15998
12,interference,83,recovery,28.9919991,29.6800006,0.976819356,2680.63998
12,interference,84,recovery,29.5359995,29.6800006,0.995148211,2712.86392
12,interference,85,recovery,29.8880003,29.6800006,1.00700808,2744.44795
12,interference,86,recovery,29.1200001,29.6800006,0.981132058,2776.76797
12,interference,87,recovery,30.336,29.6800006,1.02210241,2807.90401
12,interference,88,recovery,28.6720004,29.6800006,0.966037729,2840.70396
12,interference,89,recovery,29.5359995,29.6800006,0.995148211,2872.60795
12,interference,90,recovery,29.8560001,29.6800006,1.0059299,2904.19197
12,interference,91,recovery,29.1200001,29.6800006,0.981132058,2936.51199
12,interference,92,recovery,30.336,29.6800006,1.02210241,2967.67998
12,interference,93,recovery,28.7040006,29.6800006,0.967115904,3000.41604
12,interference,94,recovery,28.9600007,29.6800006,0.975741244,3034.97601
12,interference,95,recovery,30.4320008,29.6800006,1.02533693,3065.98401
12,interference,96,recovery,28.6720004,29.6800006,0.966037729,3098.75202
12,interference,97,recovery,29.4720009,29.6800006,0.992991923,3132.76792
12,interference,98,recovery,29.9200006,29.6800006,1.00808625,3164.28804
12,interference,99,recovery,29.1200001,29.6800006,0.981132058,3196.60807
12,interference,100,recovery,29.5359995,29.6800006,0.995148211,3228.80006
12,interference,101,recovery,29.7279991,29.6800006,1.0016172,3260.54406
12,interference,102,recovery,29.2799994,29.6800006,0.986522871,3292.70411
12,interference,103,recovery,30.1440004,29.6800006,1.01563342,3324.03207
12,interference,104,recovery,28.864,29.6800006,0.972506718,3356.60791
12,interference,105,recovery,29.5359995,29.6800006,0.995148211,3388.5119
12,interference,106,recovery,29.7599994,29.6800006,1.00269538,3420.2559
12,interference,107,recovery,29.1200001,29.6800006,0.981132058,3452.60811
12,interference,108,recovery,30.3039998,29.6800006,1.02102423,3483.74391
12,interference,109,recovery,28.7679993,29.6800006,0.969272192,3516.44802
12,interference,110,recovery,29.3760002,29.6800006,0.989757397,3548.60806
12,interference,111,recovery,30.0159995,29.6800006,1.01132072,3580.03211
12,interference,112,recovery,29.0239993,29.6800006,0.977897532,3612.44798
12,interference,113,recovery,30.3680003,29.6800006,1.02318058,3643.52012
12,interference,114,recovery,28.6400001,29.6800006,0.964959554,3676.28789
12,interference,115,recovery,29.4720009,29.6800006,0.992991923,3708.25601
12,interference,116,recovery,29.8560001,29.6800006,1.0059299,3739.7759
12,interference,117,recovery,28.8319997,29.6800006,0.971428543,3772.38393
12,interference,118,recovery,29.5039993,29.6800006,0.994070036,3804.3201
12,interference,119,recovery,29.9520008,29.6800006,1.00916443,3836.03191
12,interference,120,recovery,29.0879998,29.6800006,0.980053882,3868.38388
12,interference,121,recovery,30.336,29.6800006,1.02210241,3899.51992
12,interference,122,recovery,28.6720004,29.6800006,0.966037729,3932.25598
12,interference,123,recovery,29.5039993,29.6800006,0.994070036,3964.2241
12,interference,124,recovery,29.9200006,29.6800006,1.00808625,3995.74399
12,interference,125,recovery,29.1200001,29.6800006,0.981132058,4028.0962
12,interference,126,recovery,30.2719995,29.6800006,1.01994605,4059.26418
12,interference,127,recovery,29.7919996,29.6800006,1.00377355,4092.03196
12,interference,128,recovery,29.2160008,29.6800006,0.984366584,4124.25613
12,interference,129,recovery,30.4320008,29.6800006,1.02533693,4155.51996
12,interference,130,recovery,28.6400001,29.6800006,0.964959554,4188.28821
12,interference,131,recovery,29.3439999,29.6800006,0.988679222,4220.38412
12,interference,132,recovery,30.1120002,29.6800006,1.01455524,4251.74379
12,interference,133,recovery,28.8960002,29.6800006,0.973584893,4284.31988
12,interference,134,recovery,30.4639991,29.6800006,1.02641504,4315.26423
12,interference,135,recovery,29.8560001,29.6800006,1.0059299,4348.032
12,interference,136,recovery,29.1520003,29.6800006,0.982210233,4380.28812
12,interference,137,recovery,30.2080009,29.6800006,1.01778977,4411.52
12,interference,138,recovery,28.6720004,29.6800006,0.966037729,4444.25583
12,interference,139,recovery,29.3439999,29.6800006,0.988679222,4476.38416
12,interference,140,recovery,30.0799999,29.6800006,1.01347707,4507.74384
12,interference,141,recovery,28.9600007,29.6800006,0.975741244,4540.25602
12,interference,142,recovery,30.4000005,29.6800006,1.02425876,4571.26379
12,interference,143,recovery,28.6720004,29.6800006,0.966037729,4604.03204
12,interference,144,recovery,29.4400007,29.6800006,0.991913748,4636.0321
12,interference,145,recovery,30.2719995,29.6800006,1.01994605,4667.52005
12,interference,146,recovery,28.7040006,29.6800006,0.967115904,4700.22392
12,interference,147,recovery,29.5359995,29.6800006,0.995148211,4732.19204
12,interference,148,recovery,29.9520008,29.6800006,1.00916443,4763.77583
12,interference,149,recovery,29.0239993,29.6800006,0.977897532,4796.19217
12,interference,150,recovery,30.4320008,29.6800006,1.02533693,4827.26383
12,interference,151,recovery,28.6720004,29.6800006,0.966037729,4860.03208
12,interference,152,recovery,29.5359995,29.6800006,0.995148211,4891.87193
12,interference,153,recovery,29.8239999,29.6800006,1.00485173,4923.52009
12,interference,154,recovery,29.1840006,29.6800006,0.983288408,4955.74379
12,interference,155,recovery,30.5279996,29.6800006,1.02857139,4986.97615
12,interference,156,recovery,28.7999995,29.6800006,0.970350367,5019.74392
12,interference,157,recovery,29.3119997,29.6800006,0.987601047,5051.9042
12,interference,158,recovery,30.3039998,29.6800006,1.02102423,5083.26387
12,interference,159,recovery,28.7040006,29.6800006,0.967115904,5116.00018
12,interference,160,recovery,29.5039993,29.6800006,0.994070036,5147.93587
12,interference,161,recovery,29.8560001,29.6800006,1.0059299,5179.52013
12,interference,162,recovery,29.1520003,29.6800006,0.982210233,5211.77578
12,interference,163,recovery,30.2080009,29.6800006,1.01778977,5243.00814
12,interference,164,recovery,28.8319997,29.6800006,0.971428543,5275.61617
12,interference,165,recovery,29.6640005,29.6800006,0.999460912,5307.55186
12,interference,166,recovery,29.9520008,29.6800006,1.00916443,5339.26392
12,interference,167,recovery,29.0559996,29.6800006,0.978975707,5371.64783
12,interference,168,recovery,29.5359995,29.6800006,0.995148211,5403.80812
12,interference,169,recovery,29.7599994,29.6800006,1.00269538,5435.52017
12,interference,170,recovery,29.2479992,29.6800006,0.985444696,5467.67998
12,interference,171,recovery,30.1440004,29.6800006,1.01563342,5498.97623
12,interference,172,recovery,28.8960002,29.6800006,0.973584893,5531.55184
12,interference,173,recovery,30.4000005,29.6800006,1.02425876,5562.59203
12,interference,174,recovery,28.6720004,29.6800006,0.966037729,5595.26396
12,interference,175,recovery,29.3760002,29.6800006,0.989757397,5627.32792
12,interference,176,recovery,30.336,29.6800006,1.02210241,5658.75196
12,interference,177,recovery,28.7040006,29.6800006,0.967115904,5691.48779
12,interference,178,recovery,29.2479992,29.6800006,0.985444696,5723.68002
12,interference,179,recovery,30.1120002,29.6800006,1.01455524,5755.00822
12,interference,180,recovery,28.864,29.6800006,0.972506718,5787.58383
12,interference,181,recovery,29.5359995,29.6800006,0.995148211,5819.48805
12,interference,182,recovery,28.7679993,29.6800006,0.969272192,5851.264
12,interference,183,recovery,29.3760002,29.6800006,0.989757397,5883.32796
12,interference,184,recovery,30.0159995,29.6800006,1.01132072,5914.75201
12,interference,185,recovery,28.9919991,29.6800006,0.976819356,5947.19982
12,interference,186,recovery,29.4720009,29.6800006,0.992991923,5979.45595
12,interference,187,recovery,29.8560001,29.6800006,1.0059299,6011.00779
12,interference,188,recovery,29.0239993,29.6800006,0.977897532,6043.42413
12,interference,189,recovery,30.3680003,29.6800006,1.02318058,6074.49579
12,interference,190,recovery,28.6400001,29.6800006,0.964959554,6107.26404
12,interference,191,recovery,29.4720009,29.6800006,0.992991923,6139.20021
12,interference,192,recovery,29.9200006,29.6800006,1.00808625,6170.75205
12,interference,193,recovery,29.0879998,29.6800006,0.980053882,6203.07207
12,interference,194,recovery,30.3039998,29.6800006,1.02102423,6234.20811
12,interference,195,recovery,28.7360009,29.6800006,0.96819408,6266.94393
12,interference,196,recovery,29.5359995,29.6800006,0.995148211,6298.84815
12,interference,197,recovery,29.8560001,29.6800006,1.0059299,6330.49583
12,interference,198,recovery,29.1200001,29.6800006,0.981132058,6362.78391
12,interference,199,recovery,30.4320008,29.6800006,1.02533693,6393.98384
13,interference,0,recovery,29.8880003,29.5359995,1.01191769,2.78400001
13,interference,1,recovery,29.1200001,29.5359995,0.985915512,35.1039991
13,interference,2,recovery,30.3680003,29.5359995,1.02816904,66.3039982
13,interference,3,recovery,28.6720004,29.5359995,0.970747591,99.0720019
13,interference,4,recovery,29.3119997,29.5359995,0.99241604,131.167993
13,interference,5,recovery,30.0799999,29.5359995,1.01841822,162.560001
13,interference,6,recovery,28.9280005,29.5359995,0.979414983,195.071995
13,interference,7,recovery,30.4959994,29.5359995,1.0325027,226.047993
13,interference,8,recovery,28.7679993,29.5359995,0.973997824,258.816004
13,interference,9,recovery,29.3439999,29.5359995,0.993499472,290.912002
13,interference,10,recovery,30.0479997,29.5359995,1.01733478,322.30401
13,interference,11,recovery,28.9600007,29.5359995,0.980498415,354.784012
13,interference,12,recovery,29.1200001,29.5359995,0.985915512,387.360007
13,interference,13,recovery,30.2719995,29.5359995,1.02491874,418.559998
13,interference,14,recovery,28.7040006,29.5359995,0.971831023,451.296002
13,interference,15,recovery,29.5359995,29.5359995,1,483.231992
13,interference,16,recovery,29.8880003,29.5359995,1.01191769,514.815986
13,interference,17,recovery,29.0879998,29.5359995,0.98483208,547.136009
13,interference,18,recovery,30.3039998,29.5359995,1.02600218,578.303993
13,interference,19,recovery,28.7040006,29.5359995,0.971831023,611.039996
13,interference,20,recovery,29.4720009,29.5359995,0.997833199,643.007994
13,interference,21,recovery,29.9520008,29.5359995,1.01408455,674.528003
13,interference,22,recovery,28.7679993,29.5359995,0.973997824,707.231998
13,interference,23,recovery,29.5359995,29.5359995,1,739.167988
13,interference,24,recovery,30.0479997,29.5359995,1.01733478,770.816028
13,interference,25,recovery,28.9280005,29.5359995,0.979414983,803.327978
13,interference,26,recovery,30.4959994,29.5359995,1.0325027,834.303975
13,interference,27,recovery,29.6640005,29.5359995,1.00433373,867.071986
13,interference,28,recovery,29.3119997,29.5359995,0.99241604,899.168015
13,interference,29,recovery,30.0159995,29.5359995,1.01625135,930.559993
13,interference,30,recovery,29.0239993,29.5359995,0.982665216,962.975979
13,interference,31,recovery,29.4720009,29.5359995,0.997833199,995.296001
13,interference,32,recovery,29.9520008,29.5359995,1.01408455,1026.81601
13,interference,33,recovery,28.864,29.5359995,0.97724812,1059.36003
13,interference,34,recovery,29.5359995,29.5359995,1,1091.29596
13,interference,35,recovery,29.6960007,29.5359995,1.00541716,1123.07203
13,interference,36,recovery,29.2799994,29.5359995,0.991332608,1155.2
13,interference,37,recovery,30.1120002,29.5359995,1.01950165,1186.56003
13,interference,38,recovery,28.8960002,29.5359995,0.978331551,1219.10405
13,interference,39,recovery,30.4959994,29.5359995,1.0325027,1250.04804
13,interference,40,recovery,28.6720004,29.5359995,0.970747591,1282.81605
13,interference,41,recovery,29.3760002,29.5359995,0.994582904,1314.88001
13,interference,42,recovery,30.1120002,29.5359995,1.01950165,1346.30406
13,interference,43,recovery,28.6720004,29.5359995,0.970747591,1379.07195
13,interference,44,recovery,29.3760002,29.5359995,0.994582904,1411.10396
13,interference,45,recovery,29.9839992,29.5359995,1.01516792,1442.55996
13,interference,46,recovery,29.0559996,29.5359995,0.983748648,1474.944
13,interference,47,recovery,30.336,29.5359995,1.02708561,1506.04796
13,interference,48,recovery,28.6720004,29.5359995,0.970747591,1538.81598
13,interference,49,recovery,29.4400007,29.5359995,0.996749767,1570.81604
13,interference,50,recovery,30.3680003,29.5359995,1.02816904,1602.30398
13,interference,51,recovery,28.6720004,29.5359995,0.970747591,1635.07199
13,interference,52,recovery,29.4400007,29.5359995,0.996749767,1667.03999
13,interference,53,recovery,30.1440004,29.5359995,1.02058508,1698.56
13,interference,54,recovery,28.864,29.5359995,0.97724812,1731.13596
13,interference,55,recovery,29.5039993,29.5359995,0.998916568,1763.10396
13,interference,56,recovery,29.7919996,29.5359995,1.00866739,1794.81602
13,interference,57,recovery,28.9600007,29.5359995,0.980498415,1827.29602
13,interference,58,recovery,30.4639991,29.5359995,1.03141927,1858.30402
13,interference,59,recovery,29.9839992,29.5359995,1.01516792,1891.07203
13,interference,60,recovery,29.0239993,29.5359995,0.982665216,1923.45595
13,interference,61,recovery,30.4000005,29.5359995,1.02925247,1954.56004
13,interference,62,recovery,29.7919996,29.5359995,1.00866739,1987.32805
13,interference,63,recovery,29.1520003,29.5359995,0.986998943,2019.61589
13,interference,64,recovery,30.2399993,29.5359995,1.02383531,2050.81606
13,interference,65,recovery,28.7360009,29.5359995,0.972914455,2083.51994
13,interference,66,recovery,29.5679998,29.5359995,1.00108343,2115.42392
13,interference,67,recovery,29.8560001,29.5359995,1.01083426,2147.07208
13,interference,68,recovery,29.1200001,29.5359995,0.985915512,2179.35991
13,interference,69,recovery,30.3680003,29.5359995,1.02816904,2210.5279
13,interference,70,recovery,28.6720004,29.5359995,0.970747591,2243.32809
13,interference,71,recovery,29.5359995,29.5359995,1,2275.23208
13,interference,72,recovery,30.0479997,29.5359995,1.01733478,2306.8161
13,interference,73,recovery,28.8960002,29.5359995,0.978331551,2339.32805
13,interference,74,recovery,28.6720004,29.5359995,0.970747591,2380.54395
13,interference,75,recovery,29.3760002,29.5359995,0.994582904,2412.60791
13,interference,76,recovery,30.0479997,29.5359995,1.01733478,2444.03195
13,interference,77,recovery,28.9600007,29.5359995,0.980498415,2476.51196
13,interference,78,recovery,29.5359995,29.5359995,1,2508.51202
13,interference,79,recovery,29.6960007,29.5359995,1.00541716,2540.28797
13,interference,80,recovery,29.0559996,29.5359995,0.983748648,2572.67189
13,interference,81,recovery,29.5039993,29.5359995,0.998916568,2604.99191
13,interference,82,recovery,29.9200006,29.5359995,1.01300112,2636.54399
13,interference,83,recovery,29.0879998,29.5359995,0.98483208,2668.89596
13,interference,84,recovery,30.3039998,29.5359995,1.02600218,2700.032
13,interference,85,recovery,28.7360009,29.5359995,0.972914455,2732.73611
13,interference,86,recovery,29.5359995,29.5359995,1,2764.70399
13,interference,87,recovery,29.9520008,29.5359995,1.01408455,2796.28801
13,interference,88,recovery,28.9919991,29.5359995,0.981581784,2828.73607
13,interference,89,recovery,30.4320008,29.5359995,1.0303359,2859.77602
13,interference,90,recovery,29.8239999,29.5359995,1.00975082,2892.54403
13,interference,91,recovery,29.1520003,29.5359995,0.986998943,2924.83211
13,interference,92,recovery,30.2719995,29.5359995,1.02491874,2956.03204
13,interference,93,recovery,28.7360009,29.5359995,0.972914455,2988.73591
13,interference,94,recovery,29.5359995,29.5359995,1,3020.6399
13,interference,95,recovery,29.8880003,29.5359995,1.01191769,3052.28806
13,interference,96,recovery,29.0879998,29.5359995,0.98483208,3084.64003
13,interference,97,recovery,29.5359995,29.5359995,1,3116.86397
13,interference,98,recovery,29.8560001,29.5359995,1.01083426,3148.54407
13,interference,99,recovery,28.7679993,29.5359995,0.973997824,3181.216
13,interference,100,recovery,29.3760002,29.5359995,0.994582904,3213.37605
13,interference,101,recovery,30.0479997,29.5359995,1.01733478,3244.80009
13,interference,102,recovery,28.9600007,29.5359995,0.980498415,3277.28009
13,interference,103,recovery,30.4000005,29.5359995,1.02925247,3308.2881
13,interference,104,recovery,28.6720004,29.5359995,0.970747591,3341.05611
13,interference,105,recovery,29.4720009,29.5359995,0.997833199,3373.02399
13,interference,106,recovery,30.0159995,29.5359995,1.01625135,3404.54412
13,interference,107,recovery,28.864,29.5359995,0.97724812,3437.11996
13,interference,108,recovery,29.5039993,29.5359995,0.998916568,3469.08808
13,interference,109,recovery,29.7279991,29.5359995,1.00650053,3500.79989
13,interference,110,recovery,29.3119997,29.5359995,0.99241604,3532.92799
13,interference,111,recovery,30.1760007,29.5359995,1.02166851,3564.2879
13,interference,112,recovery,28.8319997,29.5359995,0.976164688,3596.86399
13,interference,113,recovery,29.5039993,29.5359995,0.998916568,3628.86405
13,interference,114,recovery,29.7599994,29.5359995,1.00758396,3660.54392
13,interference,115,recovery,29.2799994,29.5359995,0.991332608,3692.70396
13,interference,116,recovery,30.1760007,29.5359995,1.02166851,3724.03193
13,interference,117,recovery,28.8319997,29.5359995,0.976164688,3756.63996
13,interference,118,recovery,29.5039993,29.5359995,0.998916568,3788.57589
13,interference,119,recovery,29.7919996,29.5359995,1.00866739,3820.28794
13,interference,120,recovery,29.1840006,29.5359995,0.988082375,3852.51188
13,interference,121,recovery,30.2399993,29.5359995,1.02383531,3883.77595
13,interference,122,recovery,28.7999995,29.5359995,0.975081256,3916.41593
13,interference,123,recovery,29.5359995,29.5359995,1,3948.3521
13,interference,124,recovery,29.7599994,29.5359995,1.00758396,3980.03197
13,interference,125,recovery,29.2160008,29.5359995,0.989165807,4012.25615
13,interference,126,recovery,30.336,29.5359995,1.02708561,4043.51997
13,interference,127,recovery,28.6720004,29.5359995,0.970747591,4076.28822
13,interference,128,recovery,29.4720009,29.5359995,0.997833199,4108.25586
13,interference,129,recovery,30.1120002,29.5359995,1.01950165,4139.77623
13,interference,130,recovery,28.9280005,29.5359995,0.979414983,4172.28794
13,interference,131,recovery,29.5359995,29.5359995,1,4204.28801
13,interference,132,recovery,29.6960007,29.5359995,1.00541716,4236.03201
13,interference,133,recovery,29.3439999,29.5359995,0.993499472,4268.12792
13,interference,134,recovery,30.0479997,29.5359995,1.01733478,4299.52002
13,interference,135,recovery,28.9600007,29.5359995,0.980498415,4331.99978
13,interference,136,recovery,30.6240004,29.5359995,1.03683643,4363.00802
13,interference,137,recovery,29.8239999,29.5359995,1.00975082,4395.77579
13,interference,138,recovery,29.1840006,29.5359995,0.988082375,4428.03192
13,interference,139,recovery,30.4000005,29.5359995,1.02925247,4459.23185
13,interference,140,recovery,28.7040006,29.5359995,0.971831023,4492.0001
13,interference,141,recovery,29.3760002,29.5359995,0.994582904,4524.09601
13,interference,142,recovery,30.0159995,29.5359995,1.01625135,4555.52006
13,interference,143,recovery,28.9919991,29.5359995,0.981581784,4587.96787
13,interference,144,recovery,30.4000005,29.5359995,1.02925247,4619.00806
13,interference,145,recovery,28.6720004,29.5359995,0.970747591,4651.77584
13,interference,146,recovery,29.4400007,29.5359995,0.996749767,4683.7759
13,interference,147,recovery,30.2080009,29.5359995,1.02275194,4715.26384
13,interference,148,recovery,28.8319997,29.5359995,0.976164688,4747.87188
13,interference,149,recovery,29.5039993,29.5359995,0.998916568,4779.96778
13,interference,150,recovery,29.8880003,29.5359995,1.01191769,4811.5201
13,interference,151,recovery,29.1200001,29.5359995,0.985915512,4843.84012
13,interference,152,recovery,30.3039998,29.5359995,1.02600218,4875.00811
13,interference,153,recovery,28.7040006,29.5359995,0.971831023,4907.71198
13,interference,154,recovery,29.5359995,29.5359995,1,4939.64815
13,interference,155,recovery,29.8880003,29.5359995,1.01191769,4971.26389
13,interference,156,recovery,29.1200001,29.5359995,0.985915512,5003.58391
13,interference,157,recovery,30.4639991,29.5359995,1.03141927,5034.75189
13,interference,158,recovery,28.6720004,29.5359995,0.970747591,5067.52014
13,interference,159,recovery,29.1520003,29.5359995,0.986998943,5099.80822
13,interference,160,recovery,30.2080009,29.5359995,1.02275194,5131.00815
13,interference,161,recovery,28.7999995,29.5359995,0.975081256,5163.64813
13,interference,162,recovery,29.5039993,29.5359995,0.998916568,5195.55187
13,interference,163,recovery,29.7279991,29.5359995,1.00650053,5227.26393
13,interference,164,recovery,29.3119997,29.5359995,0.99241604,5259.39178
13,interference,165,recovery,30.1120002,29.5359995,1.01950165,5290.75193
13,interference,166,recovery,28.864,29.5359995,0.97724812,5323.32802
13,interference,167,recovery,29.4400007,29.5359995,0.996749767,5355.48782
13,interference,168,recovery,29.9200006,29.5359995,1.01300112,5387.00819
13,interference,169,recovery,28.7999995,29.5359995,0.975081256,5419.64817
13,interference,170,recovery,29.5039993,29.5359995,0.998916568,5451.61581
13,interference,171,recovery,29.8239999,29.5359995,1.00975082,5483.26397
13,interference,172,recovery,29.1840006,29.5359995,0.988082375,5515.5201
13,interference,173,recovery,30.2399993,29.5359995,1.02383531,5546.75198
13,interference,174,recovery,28.7679993,29.5359995,0.973997824,5579.4239
13,interference,175,recovery,29.5359995,29.5359995,1,5611.36007
13,interference,176,recovery,29.8560001,29.5359995,1.01083426,5643.00823
13,interference,177,recovery,29.1520003,29.5359995,0.986998943,5675.29583
13,interference,178,recovery,30.3039998,29.5359995,1.02600218,5706.49576
13,interference,179,recovery,29.6640005,29.5359995,1.00433373,5739.26401
13,interference,180,recovery,29.3760002,29.5359995,0.994582904,5771.32797
13,interference,181,recovery,30.0159995,29.5359995,1.01625135,5802.75202
13,interference,182,recovery,28.9919991,29.5359995,0.981581784,5835.19983
13,interference,183,recovery,30.4639991,29.5359995,1.03141927,5866.24002
13,interference,184,recovery,29.6640005,29.5359995,1.00433373,5899.0078
13,interference,185,recovery,29.3119997,29.5359995,0.99241604,5931.13613
13,interference,186,recovery,30.1760007,29.5359995,1.02166851,5962.46386
13,interference,187,recovery,28.864,29.5359995,0.97724812,5995.07189
13,interference,188,recovery,29.5039993,29.5359995,0.998916568,6026.97611
13,interference,189,recovery,29.9520008,29.5359995,1.01408455,6058.75206
13,interference,190,recovery,29.0239993,29.5359995,0.982665216,6091.16793
13,interference,191,recovery,30.336,29.5359995,1.02708561,6122.24007
13,interference,192,recovery,28.6720004,29.5359995,0.970747591,6155.00784
13,interference,193,recovery,29.5359995,29.5359995,1,6186.91206
13,interference,194,recovery,29.9520008,29.5359995,1.01408455,6218.4639
13,interference,195,recovery,29.1200001,29.5359995,0.985915512,6250.81587
13,interference,196,recovery,30.5920001,29.5359995,1.035753,6281.98385
13,interference,197,recovery,29.7599994,29.5359995,1.00758396,6314.7521
13,interference,198,recovery,29.2479992,29.5359995,0.990249176,6346.94386
13,interference,199,recovery,30.2719995,29.5359995,1.02491874,6378.24011
14,interference,0,recovery,29.3760002,29.5039993,0.995661635,3.39199998
14,interference,1,recovery,30.0159995,29.5039993,1.01735359,34.8160006
14,interference,2,recovery,28.9600007,29.5039993,0.981561871,67.2639981
14,interference,3,recovery,30.4320008,29.5039993,1.03145341,98.3040035
14,interference,4,recovery,28.6720004,29.5039993,0.971800471,131.072
14,interference,5,recovery,29.4080004,29.5039993,0.996746242,163.103998
14,interference,6,recovery,30.2399993,29.5039993,1.02494577,194.560006
14,interference,7,recovery,28.7040006,29.5039993,0.972885078,227.264002
14,interference,8,recovery,29.6,29.5039993,1.00325382,259.167999
14,interference,9,recovery,29.9520008,29.5039993,1.01518443,290.816009
14,interference,10,recovery,29.0559996,29.5039993,0.984815628,323.199987
14,interference,11,recovery,30.3680003,29.5039993,1.0292842,354.303986
14,interference,12,recovery,28.6720004,29.5039993,0.971800471,387.071997
14,interference,13,recovery,29.5039993,29.5039993,1,419.007987
14,interference,14,recovery,29.8880003,29.5039993,1.01301522,450.560004
14,interference,15,recovery,29.1200001,29.5039993,0.986984842,482.879996
14,interference,16,recovery,30.3680003,29.5039993,1.0292842,514.176011
14,interference,17,recovery,29.6960007,29.5039993,1.00650764,546.815991
14,interference,18,recovery,29.2799994,29.5039993,0.992407814,578.975976
14,interference,19,recovery,30.2399993,29.5039993,1.02494577,610.303998
14,interference,20,recovery,28.7360009,29.5039993,0.973969685,642.975986
14,interference,21,recovery,29.3119997,29.5039993,0.993492421,674.880028
14,interference,22,recovery,28.7040006,29.5039993,0.972885078,706.528008
14,interference,23,recovery,29.4080004,29.5039993,0.996746242,738.592029
14,interference,24,recovery,29.9839992,29.5039993,1.01626898,770.048022
14,interference,25,recovery,29.0239993,29.5039993,0.983731022,802.464008
14,interference,26,recovery,30.3680003,29.5039993,1.0292842,833.536029
14,interference,27,recovery,28.6720004,29.5039993,0.971800471,866.30398
14,interference,28,recovery,29.2799994,29.5039993,0.992407814,898.464024
14,interference,29,recovery,30.1440004,29.5039993,1.02169201,929.759979
14,interference,30,recovery,28.9280005,29.5039993,0.980477264,962.303996
14,interference,31,recovery,30.5279996,29.5039993,1.03470717,993.247986
14,interference,32,recovery,29.6640005,29.5039993,1.00542303,1026.04795
14,interference,33,recovery,29.3439999,29.5039993,0.994577028,1058.14397
14,interference,34,recovery,30.0479997,29.5039993,1.01843819,1089.53595
14,interference,35,recovery,28.9919991,29.5039993,0.982646415,1121.984
14,interference,36,recovery,29.5359995,29.5039993,1.00108461,1154.176
14,interference,37,recovery,29.8560001,29.5039993,1.01193061,1185.79197
14,interference,38,recovery,29.8560001,29.5039993,1.01193061,1218.4
14,interference,39,recovery,29.3119997,29.5039993,0.993492421,1250.68796
14,interference,40,recovery,30.0799999,29.5039993,1.0195228,1282.04799
14,interference,41,recovery,28.9600007,29.5039993,0.981561871,1314.52799
14,interference,42,recovery,30.4639991,29.5039993,1.03253796,1345.53599
14,interference,43,recovery,28.6720004,29.5039993,0.971800471,1378.304
14,interference,44,recovery,29.4080004,29.5039993,0.996746242,1410.33602
14,interference,45,recovery,30.1120002,29.5039993,1.02060741,1441.75994
14,interference,46,recovery,28.7679993,29.5039993,0.975054229,1474.46406
14,interference,47,recovery,29.5359995,29.5039993,1.00108461,1506.36804
14,interference,48,recovery,30.0159995,29.5039993,1.01735359,1538.04803
14,interference,49,recovery,29.0239993,29.5039993,0.983731022,1570.46402
14,interference,50,recovery,30.3680003,29.5039993,1.0292842,1601.53604
14,interference,51,recovery,28.6400001,29.5039993,0.970715864,1634.30405
14,interference,52,recovery,29.4720009,29.5039993,0.998915456,1666.27204
14,interference,53,recovery,29.8880003,29.5039993,1.01301522,1697.79205
14,interference,54,recovery,29.1200001,29.5039993,0.986984842,1730.11196
14,interference,55,recovery,30.336,29.5039993,1.02819959,1761.24799
14,interference,56,recovery,29.7279991,29.5039993,1.00759219,1794.04795
14,interference,57,recovery,29.2799994,29.5039993,0.992407814,1826.208
14,interference,58,recovery,30.336,29.5039993,1.02819959,1857.53596
14,interference,59,recovery,28.7040006,29.5039993,0.972885078,1890.27202
14,interference,60,recovery,29.4720009,29.5039993,0.998915456,1922.20795
14,interference,61,recovery,29.8560001,29.5039993,1.01193061,1953.76003
14,interference,62,recovery,29.1520003,29.5039993,0.988069449,1986.08005
14,interference,63,recovery,30.3039998,29.5039993,1.02711499,2017.24792
14,interference,64,recovery,28.7360009,29.5039993,0.973969685,2049.98398
14,interference,65,recovery,29.5039993,29.5039993,1,2081.9521
14,interference,66,recovery,30.0479997,29.5039993,1.01843819,2113.53588
14,interference,67,recovery,28.9919991,29.5039993,0.982646415,2145.98393
14,interference,68,recovery,30.6560006,29.5039993,1.0390456,2176.99194
14,interference,69,recovery,29.8560001,29.5039993,1.01193061,2209.75995
14,interference,70,recovery,29.2160008,29.5039993,0.990238663,2242.01608
14,interference,71,recovery,30.2719995,29.5039993,1.02603038,2273.24796
14,interference,72,recovery,28.7999995,29.5039993,0.976138836,2305.91989
14,interference,73,recovery,29.5039993,29.5039993,1,2337.85605
14,interference,74,recovery,29.7279991,29.5039993,1.00759219,2369.53592
14,interference,75,recovery,29.2799994,29.5039993,0.992407814,2401.69597
14,interference,76,recovery,30.336,29.5039993,1.02819959,2433.02393
14,interference,77,recovery,28.6720004,29.5039993,0.971800471,2465.79194
14,interference,78,recovery,29.5359995,29.5039993,1.00108461,2497.69592
14,interference,79,recovery,30.2080009,29.5039993,1.02386123,2529.248
14,interference,80,recovery,28.8319997,29.5039993,0.977223443,2561.88798
14,interference,81,recovery,29.4720009,29.5039993,0.998915456,2593.82391
14,interference,82,recovery,29.6960007,29.5039993,1.00650764,2625.53596
14,interference,83,recovery,29.3119997,29.5039993,0.993492421,2657.66406
14,interference,84,recovery,30.0799999,29.5039993,1.0195228,2689.02397
14,interference,85,recovery,28.9600007,29.5039993,0.981561871,2721.50397
14,interference,86,recovery,30.5279996,29.5039993,1.03470717,2752.48003
14,interference,87,recovery,29.6960007,29.5039993,1.00650764,2785.24804
14,interference,88,recovery,29.3119997,29.5039993,0.993492421,2817.40808
14,interference,89,recovery,30.4320008,29.5039993,1.03145341,2848.768
14,interference,90,recovery,28.6400001,29.5039993,0.970715864,2881.53601
14,interference,91,recovery,29.3760002,29.5039993,0.995661635,2913.59997
14,interference,92,recovery,29.9839992,29.5039993,1.01626898,2945.02401
14,interference,93,recovery,29.0239993,29.5039993,0.983731022,2977.44012
14,interference,94,recovery,30.4000005,29.5039993,1.03036881,3008.51202
14,interference,95,recovery,28.7040006,29.5039993,0.972885078,3041.24808
14,interference,96,recovery,29.2160008,29.5039993,0.990238663,3073.50397
14,interference,97,recovery,30.1760007,29.5039993,1.02277662,3104.76804
14,interference,98,recovery,28.864,29.5039993,0.97830805,3137.34388
14,interference,99,recovery,29.4720009,29.5039993,0.998915456,3169.50393
14,interference,100,recovery,29.9839992,29.5039993,1.01626898,3200.99211
14,interference,101,recovery,29.0559996,29.5039993,0.984815628,3233.40797
14,interference,102,recovery,30.336,29.5039993,1.02819959,3264.51206
14,interference,103,recovery,28.7040006,29.5039993,0.972885078,3297.24789
14,interference,104,recovery,29.5039993,29.5039993,1,3329.216
14,interference,105,recovery,29.8880003,29.5039993,1.01301522,3360.76808
14,interference,106,recovery,28.9280005,29.5039993,0.980477264,3393.28003
14,interference,107,recovery,29.2799994,29.5039993,0.992407814,3425.66395
14,interference,108,recovery,30.0799999,29.5039993,1.0195228,3457.0241
14,interference,109,recovery,28.8960002,29.5039993,0.979392657,3489.568
14,interference,110,recovery,30.4959994,29.5039993,1.03362256,3520.5121
14,interference,111,recovery,28.7040006,29.5039993,0.972885078,3553.24793
14,interference,112,recovery,29.4080004,29.5039993,0.996746242,3585.31189
14,interference,113,recovery,29.9520008,29.5039993,1.01518443,3616.76788
14,interference,114,recovery,29.0559996,29.5039993,0.984815628,3649.15204
14,interference,115,recovery,30.336,29.5039993,1.02819959,3680.25589
14,interference,116,recovery,28.6720004,29.5039993,0.971800471,3713.0239
14,interference,117,recovery,29.4080004,29.5039993,0.996746242,3745.05591
14,interference,118,recovery,30.4000005,29.5039993,1.03036881,3776.47996
14,interference,119,recovery,28.7040006,29.5039993,0.972885078,3809.24797
14,interference,120,recovery,29.4400007,29.5039993,0.997830849,3841.27998
14,interference,121,recovery,29.9839992,29.5039993,1.01626898,3872.76793
14,interference,122,recovery,28.9919991,29.5039993,0.982646415,3905.18403
14,interference,123,recovery,30.4000005,29.5039993,1.03036881,3936.22398
14,interference,124,recovery,29.8239999,29.5039993,1.01084601,3969.02394
14,interference,125,recovery,29.2160008,29.5039993,0.990238663,4001.24788
14,interference,126,recovery,30.2080009,29.5039993,1.02386123,4032.51219
14,interference,127,recovery,28.7040006,29.5039993,0.972885078,4065.24801
14,interference,128,recovery,29.4400007,29.5039993,0.997830849,4097.28003
14,interference,129,recovery,29.9200006,29.5039993,1.01409983,4128.76797
14,interference,130,recovery,29.0559996,29.5039993,0.984815628,4161.11994
14,interference,131,recovery,30.336,29.5039993,1.02819959,4192.22403
14,interference,132,recovery,28.7360009,29.5039993,0.973969685,4224.95985
14,interference,133,recovery,29.5039993,29.5039993,1,4256.89602
14,interference,134,recovery,30.0799999,29.5039993,1.0195228,4288.51223
14,interference,135,recovery,28.9600007,29.5039993,0.981561871,4320.99199
14,interference,136,recovery,30.4000005,29.5039993,1.03036881,4352.00024
14,interference,137,recovery,29.8239999,29.5039993,1.01084601,4384.76801
14,interference,138,recovery,29.1840006,29.5039993,0.989154056,4417.02414
14,interference,139,recovery,30.2080009,29.5039993,1.02386123,4448.25602
14,interference,140,recovery,28.8319997,29.5039993,0.977223443,4480.86405
14,interference,141,recovery,29.5039993,29.5039993,1,4512.80022
14,interference,142,recovery,29.7279991,29.5039993,1.00759219,4544.5118
14,interference,143,recovery,29.3119997,29.5039993,0.993492421,4576.64013
14,interference,144,recovery,30.3680003,29.5039993,1.0292842,4607.9998
14,interference,145,recovery,28.6720004,29.5039993,0.971800471,4640.76805
14,interference,146,recovery,29.4080004,29.5039993,0.996746242,4672.80006
14,interference,147,recovery,30.1760007,29.5039993,1.02277662,4704.22411
14,interference,148,recovery,28.8960002,29.5039993,0.979392657,4736.80019
14,interference,149,recovery,29.5039993,29.5039993,1,4768.76783
14,interference,150,recovery,29.7279991,29.5039993,1.00759219,4800.47989
14,interference,151,recovery,29.3119997,29.5039993,0.993492421,4832.64017
14,interference,152,recovery,30.1760007,29.5039993,1.02277662,4863.99984
14,interference,153,recovery,28.8319997,29.5039993,0.977223443,4896.57593
14,interference,154,recovery,29.6,29.5039993,1.00325382,4928.60794
14,interference,155,recovery,29.8880003,29.5039993,1.01301522,4960.22415
14,interference,156,recovery,29.1520003,29.5039993,0.988069449,4992.54417
14,interference,157,recovery,29.5039993,29.5039993,1,5024.79982
14,interference,158,recovery,29.6960007,29.5039993,1.00650764,5056.51188
14,interference,159,recovery,29.3439999,29.5039993,0.994577028,5088.60779
14,interference,160,recovery,30.0479997,29.5039993,1.01843819,5119.99989
14,interference,161,recovery,28.9600007,29.5039993,0.981561871,5152.48013
14,interference,162,recovery,30.4639991,29.5039993,1.03253796,5183.48789
14,interference,163,recovery,28.6720004,29.5039993,0.971800471,5216.22419
14,interference,164,recovery,29.4080004,29.5039993,0.996746242,5248.28815
14,interference,165,recovery,30.2080009,29.5039993,1.02386123,5279.74415
14,interference,166,recovery,28.7040006,29.5039993,0.972885078,5312.47997
14,interference,167,recovery,29.3439999,29.5039993,0.994577028,5344.60783
14,interference,168,recovery,30.0479997,29.5039993,1.01843819,5375.99993
14,interference,169,recovery,28.9600007,29.5039993,0.981561871,5408.48017
14,interference,170,recovery,30.4320008,29.5039993,1.03145341,5439.48793
14,interference,171,recovery,28.6720004,29.5039993,0.971800471,5472.22424
14,interference,172,recovery,29.4720009,29.5039993,0.998915456,5504.22382
14,interference,173,recovery,29.8880003,29.5039993,1.01301522,5535.74419
14,interference,174,recovery,29.1520003,29.5039993,0.988069449,5568.03179
14,interference,175,recovery,29.5039993,29.5039993,1,5600.22402
14,interference,176,recovery,28.7679993,29.5039993,0.975054229,5631.99997
14,interference,177,recovery,29.0239993,29.5039993,0.983731022,5664.41584
14,interference,178,recovery,30.4320008,29.5039993,1.03145341,5695.48798
14,interference,179,recovery,28.6720004,29.5039993,0.971800471,5728.2238
14,interference,180,recovery,29.3439999,29.5039993,0.994577028,5760.35213
14,interference,181,recovery,30.0799999,29.5039993,1.0195228,5791.74423
14,interference,182,recovery,28.9280005,29.5039993,0.980477264,5824.25594
14,interference,183,recovery,30.4000005,29.5039993,1.03036881,5855.32808
14,interference,184,recovery,29.6640005,29.5039993,1.00542303,5888.00001
14,interference,185,recovery,29.3119997,29.5039993,0.993492421,5920.09592
14,interference,186,recovery,30.1120002,29.5039993,1.02060741,5951.48802
14,interference,187,recovery,28.7999995,29.5039993,0.976138836,5984.09605
14,interference,188,recovery,29.5039993,29.5039993,1,6016.09612
14,interference,189,recovery,29.8239999,29.5039993,1.01084601,6047.7438
14,interference,190,recovery,29.1840006,29.5039993,0.989154056,6079.99992
14,interference,191,recovery,30.2080009,29.5039993,1.02386123,6111.2318
14,interference,192,recovery,28.7999995,29.5039993,0.976138836,6143.87178
14,interference,193,recovery,29.5039993,29.5039993,1,6175.776
14,interference,194,recovery,29.9520008,29.5039993,1.01518443,6207.48806
14,interference,195,recovery,29.0239993,29.5039993,0.983731022,6239.87198
14,interference,196,recovery,30.3680003,29.5039993,1.0292842,6270.97607
14,interference,197,recovery,29.7279991,29.5039993,1.00759219,6303.71189
14,interference,198,recovery,29.3439999,29.5039993,0.994577028,6335.84023
14,interference,199,recovery,30.0479997,29.5039993,1.01843819,6367.23185
15,control,0,recovery,31.6799991,29.7280001,1.06566197,157.504007
15,control,1,recovery,33.5999988,29.7280001,1.13024754,192.448005
15,control,2,recovery,30.0799999,29.7280001,1.01184069,228.095993
15,control,3,recovery,28.9280005,29.7280001,0.973089358,260.607988
15,control,4,recovery,30.4000005,29.7280001,1.02260497,291.584015
15,control,5,recovery,29.7279991,29.7280001,0.999999969,324.351996
15,control,6,recovery,28.9919991,29.7280001,0.975242164,356.79999
15,control,7,recovery,30.4959994,29.7280001,1.02583421,387.840003
15,control,8,recovery,29.7919996,29.7280001,1.00215284,420.608014
15,control,9,recovery,29.1840006,29.7280001,0.981700771,452.863991
15,control,10,recovery,29.8880003,29.7280001,1.00538214,484.064013
15,control,11,recovery,29.1520003,29.7280001,0.980624336,516.384006
15,control,12,recovery,30.1440004,29.7280001,1.01399355,547.583997
15,control,13,recovery,28.8319997,29.7280001,0.969860054,580.192029
15,control,14,recovery,29.3439999,29.7280001,0.98708288,612.064004
15,control,15,recovery,28.6720004,29.7280001,0.964477945,643.840015
15,control,16,recovery,29.3119997,29.7280001,0.986006446,675.84002
15,control,17,recovery,30.1120002,29.7280001,1.01291712,707.328022
15,control,18,recovery,28.7040006,29.7280001,0.965554379,740.064025
15,control,19,recovery,29.4400007,29.7280001,0.990312184,772.095978
15,control,20,recovery,30.1120002,29.7280001,1.01291712,803.58398
15,control,21,recovery,28.8960002,29.7280001,0.972012923,836.127996
15,control,22,recovery,29.6320003,29.7280001,0.996770728,868.095994
15,control,23,recovery,29.7599994,29.7280001,1.0010764,899.839997
15,control,24,recovery,29.2160008,29.7280001,0.982777205,932.063997
15,control,25,recovery,30.3680003,29.7280001,1.02152853,963.328004
15,control,26,recovery,28.6720004,29.7280001,0.964477945,996.096015
15,control,27,recovery,29.3119997,29.7280001,0.986006446,1028
15,control,28,recovery,29.9520008,29.7280001,1.00753501,1059.58402
15,control,29,recovery,29.0559996,29.7280001,0.977395033,1091.96806
15,control,30,recovery,30.4000005,29.7280001,1.02260497,1123.07203
15,control,31,recovery,28.6720004,29.7280001,0.964477945,1155.84004
15,control,32,recovery,29.4720009,29.7280001,0.991388618,1187.80804
15,control,33,recovery,29.9839992,29.7280001,1.00861138,1219.29598
15,control,34,recovery,29.0239993,29.7280001,0.976318599,1251.74403
15,control,35,recovery,30.4320008,29.7280001,1.0236814,1282.78399
15,control,36,recovery,28.6720004,29.7280001,0.964477945,1315.58394
15,control,37,recovery,29.3760002,29.7280001,0.988159315,1347.64802
15,control,38,recovery,30.2399993,29.7280001,1.01722279,1379.07195
15,control,39,recovery,28.7679993,29.7280001,0.967707186,1411.744
15,control,40,recovery,29.5039993,29.7280001,0.99246499,1443.68005
15,control,41,recovery,29.8560001,29.7280001,1.00430571,1475.32797
15,control,42,recovery,29.1840006,29.7280001,0.981700771,1507.58398
15,control,43,recovery,30.2399993,29.7280001,1.01722279,1538.78403
15,control,44,recovery,28.7999995,29.7280001,0.96878362,1571.45596
15,control,45,recovery,29.5039993,29.7280001,0.99246499,1603.392
15,control,46,recovery,29.7599994,29.7280001,1.0010764,1635.07199
15,control,47,recovery,29.2160008,29.7280001,0.982777205,1667.29605
15,control,48,recovery,30.2399993,29.7280001,1.01722279,1698.56
15,control,49,recovery,29.7919996,29.7280001,1.00215284,1731.23205
15,control,50,recovery,29.2799994,29.7280001,0.984930012,1763.48805
15,control,51,recovery,30.1440004,29.7280001,1.01399355,1794.78395
15,control,52,recovery,28.8960002,29.7280001,0.972012923,1827.36003
15,control,53,recovery,30.5279996,29.7280001,1.02691064,1858.30402
15,control,54,recovery,29.7599994,29.7280001,1.0010764,1891.07203
15,control,55,recovery,29.2479992,29.7280001,0.983853577,1923.23196
15,control,56,recovery,30.3039998,29.7280001,1.01937566,1954.56004
15,control,57,recovery,28.7360009,29.7280001,0.966630814,1987.26404
15,control,58,recovery,29.3439999,29.7280001,0.98708288,2019.42396
15,control,59,recovery,30.0799999,29.7280001,1.01184069,2050.78411
15,control,60,recovery,28.9280005,29.7280001,0.973089358,2083.32801
15,control,61,recovery,30.4959994,29.7280001,1.02583421,2114.30407
15,control,62,recovery,28.6720004,29.7280001,0.964477945,2147.07208
15,control,63,recovery,29.3760002,29.7280001,0.988159315,2179.13604
15,control,64,recovery,30.0479997,29.7280001,1.01076425,2210.56008
15,control,65,recovery,28.9919991,29.7280001,0.975242164,2243.0079
15,control,66,recovery,29.5039993,29.7280001,0.99246499,2275.19989
15,control,67,recovery,29.8239999,29.7280001,1.00322927,2306.78391
15,control,68,recovery,29.0559996,29.7280001,0.977395033,2339.20002
15,control,69,recovery,30.3680003,29.7280001,1.02152853,2370.30411
15,control,70,recovery,28.6720004,29.7280001,0.964477945,2403.07212
15,control,71,recovery,29.4720009,29.7280001,0.991388618,2435.04
15,control,72,recovery,30.0159995,29.7280001,1.00968782,2466.55989
15,control,73,recovery,28.9919991,29.7280001,0.975242164,2499.00794
15,control,74,recovery,30.4320008,29.7280001,1.0236814,2530.04789
15,control,75,recovery,29.8239999,29.7280001,1.00322927,2562.78396
15,control,76,recovery,29.2479992,29.7280001,0.983853577,2595.0079
15,control,77,recovery,32.7679999,29.7280001,1.10226049,2626.30391
15,control,78,recovery,30.4639991,29.7280001,1.02475777,2661.11994
15,control,79,recovery,29.7279991,29.7280001,0.999999969,2693.88795
15,control,80,recovery,29.3119997,29.7280001,0.986006446,2726.01604
15,control,81,recovery,30.1440004,29.7280001,1.01399355,2757.37596
15,control,82,recovery,28.8319997,29.7280001,0.969860054,2789.95204
15,control,83,recovery,29.5359995,29.7280001,0.993541425,2821.88797
15,control,84,recovery,29.9839992,29.7280001,1.00861138,2853.63197
15,control,85,recovery,28.9919991,29.7280001,0.975242164,2886.04808
15,control,86,recovery,30.4320008,29.7280001,1.0236814,2917.11998
15,control,87,recovery,28.6720004,29.7280001,0.964477945,2949.88799
15,control,88,recovery,29.4400007,29.7280001,0.990312184,2981.88806
15,control,89,recovery,29.9520008,29.7280001,1.00753501,3013.376
15,control,90,recovery,29.0559996,29.7280001,0.977395033,3045.72797
15,control,91,recovery,30.3039998,29.7280001,1.01937566,3076.864
15,control,92,recovery,28.7360009,29.7280001,0.966630814,3109.56812
15,control,93,recovery,29.5359995,29.7280001,0.993541425,3141.50405
15,control,94,recovery,29.8560001,29.7280001,1.00430571,3173.12002
15,control,95,recovery,29.1840006,29.7280001,0.981700771,3205.37591
15,control,96,recovery,30.336,29.7280001,1.0204521,3236.60803
15,control,97,recovery,28.6400001,29.7280001,0.96340151,3269.37604
15,control,98,recovery,29.4400007,29.7280001,0.990312184,3301.34392
15,control,99,recovery,29.9200006,29.7280001,1.00645858,3332.86405
15,control,100,recovery,29.1200001,29.7280001,0.979547902,3365.18407
15,control,101,recovery,30.3039998,29.7280001,1.01937566,3396.35205
15,control,102,recovery,28.7040006,29.7280001,0.965554379,3429.08812
15,control,103,recovery,29.3119997,29.7280001,0.986006446,3461.24792
15,control,104,recovery,30.1440004,29.7280001,1.01399355,3492.60807
15,control,105,recovery,28.8960002,29.7280001,0.972012923,3525.15197
15,control,106,recovery,29.5039993,29.7280001,0.99246499,3557.28006
15,control,107,recovery,29.9520008,29.7280001,1.00753501,3588.8319
15,control,108,recovery,29.0559996,29.7280001,0.977395033,3621.24801
15,control,109,recovery,30.3680003,29.7280001,1.02152853,3652.35209
15,control,110,recovery,28.6720004,29.7280001,0.964477945,3685.12011
15,control,111,recovery,29.4080004,29.7280001,0.989235749,3717.11993
15,control,112,recovery,30.3039998,29.7280001,1.01937566,3748.60811
15,control,113,recovery,28.7040006,29.7280001,0.965554379,3781.34394
15,control,114,recovery,29.3760002,29.7280001,0.988159315,3813.4079
15,control,115,recovery,30.0159995,29.7280001,1.00968782,3844.86389
15,control,116,recovery,29.0239993,29.7280001,0.976318599,3877.28
15,control,117,recovery,30.4000005,29.7280001,1.02260497,3908.3519
15,control,118,recovery,28.6720004,29.7280001,0.964477945,3941.11991
15,control,119,recovery,29.4400007,29.7280001,0.990312184,3973.11997
15,control,120,recovery,29.9520008,29.7280001,1.00753501,4004.60815
15,control,121,recovery,29.0559996,29.7280001,0.977395033,4036.99207
15,control,122,recovery,30.3680003,29.7280001,1.02152853,4068.09616
15,control,123,recovery,29.7599994,29.7280001,1.0010764,4100.83199
15,control,124,recovery,29.0239993,29.7280001,0.976318599,4133.2798
15,control,125,recovery,30.4320008,29.7280001,1.0236814,4164.35194
15,control,126,recovery,28.6720004,29.7280001,0.964477945,4197.12019
15,control,127,recovery,29.3760002,29.7280001,0.988159315,4229.18415
15,control,128,recovery,30.0159995,29.7280001,1.00968782,4260.6082
15,control,129,recovery,28.9919991,29.7280001,0.975242164,4293.05601
15,control,130,recovery,29.4720009,29.7280001,0.991388618,4325.31214
15,control,131,recovery,29.8239999,29.7280001,1.00322927,4356.86398
15,control,132,recovery,29.1840006,29.7280001,0.981700771,4389.1201
15,control,133,recovery,30.2080009,29.7280001,1.01614642,4420.35198
15,control,134,recovery,28.7040006,29.7280001,0.965554379,4453.08781
15,control,135,recovery,29.5039993,29.7280001,0.99246499,4484.99203
15,control,136,recovery,29.8239999,29.7280001,1.00322927,4516.60824
15,control,137,recovery,29.2160008,29.7280001,0.982777205,4548.83194
15,control,138,recovery,30.2080009,29.7280001,1.01614642,4580.09577
15,control,139,recovery,28.8319997,29.7280001,0.969860054,4612.7038
15,control,140,recovery,29.5039993,29.7280001,0.99246499,4644.63997
15,control,141,recovery,30.0799999,29.7280001,1.01184069,4676.35202
15,control,142,recovery,28.9600007,29.7280001,0.974165792,4708.83179
15,control,143,recovery,30.4639991,29.7280001,1.02475777,4739.84003
15,control,144,recovery,29.7279991,29.7280001,0.999999969,4772.6078
15,control,145,recovery,29.2799994,29.7280001,0.984930012,4804.76809
15,control,146,recovery,30.2399993,29.7280001,1.01722279,4836.09581
15,control,147,recovery,28.7999995,29.7280001,0.96878362,4868.73579
15,control,148,recovery,29.5359995,29.7280001,0.993541425,4900.67196
15,control,149,recovery,29.7599994,29.7280001,1.0010764,4932.35207
15,control,150,recovery,28.7360009,29.7280001,0.966630814,4971.19999
15,control,151,recovery,29.5359995,29.7280001,0.993541425,5003.13616
15,control,152,recovery,29.8880003,29.7280001,1.00538214,5034.75189
15,control,153,recovery,29.0879998,29.7280001,0.978471467,5067.10386
15,control,154,recovery,29.5359995,29.7280001,0.993541425,5099.2322
15,control,155,recovery,29.7279991,29.7280001,0.999999969,5131.00815
15,control,156,recovery,29.2799994,29.7280001,0.984930012,5163.16795
15,control,157,recovery,30.4320008,29.7280001,1.0236814,5194.49615
15,control,158,recovery,28.6720004,29.7280001,0.964477945,5227.26393
15,control,159,recovery,29.4400007,29.7280001,0.990312184,5259.26399
15,control,160,recovery,29.9520008,29.7280001,1.00753501,5290.75193
15,control,161,recovery,29.0879998,29.7280001,0.978471467,5323.1039
15,control,162,recovery,30.3039998,29.7280001,1.01937566,5354.23994
15,control,163,recovery,28.7040006,29.7280001,0.965554379,5386.97577
15,control,164,recovery,29.1840006,29.7280001,0.981700771,5419.26384
15,control,165,recovery,30.2719995,29.7280001,1.01829923,5450.4962
15,control,166,recovery,28.7679993,29.7280001,0.967707186,5483.16813
15,control,167,recovery,29.5039993,29.7280001,0.99246499,5515.16819
15,control,168,recovery,29.8880003,29.7280001,1.00538214,5546.72003
15,control,169,recovery,29.1520003,29.7280001,0.980624336,5579.04005
15,control,170,recovery,30.3039998,29.7280001,1.01937566,5610.23998
15,control,171,recovery,28.7360009,29.7280001,0.966630814,5642.94386
15,control,172,recovery,29.5359995,29.7280001,0.993541425,5674.91198
15,control,173,recovery,30.2399993,29.7280001,1.01722279,5706.49576
15,control,174,recovery,28.7040006,29.7280001,0.965554379,5739.23206
15,control,175,recovery,29.4080004,29.7280001,0.989235749,5771.29602
15,control,176,recovery,30.0479997,29.7280001,1.01076425,5802.72007
15,control,177,recovery,28.9919991,29.7280001,0.975242164,5835.19983
15,control,178,recovery,30.4000005,29.7280001,1.02260497,5866.24002
15,control,179,recovery,28.6720004,29.7280001,0.964477945,5899.0078
15,control,180,recovery,29.4720009,29.7280001,0.991388618,5930.97591
15,control,181,recovery,29.9200006,29.7280001,1.00645858,5962.4958
15,control,182,recovery,29.0879998,29.7280001,0.978471467,5994.84777
15,control,183,recovery,29.2479992,29.7280001,0.983853577,6027.45581
15,control,184,recovery,30.2080009,29.7280001,1.01614642,6058.75206
15,control,185,recovery,28.7679993,29.7280001,0.967707186,6091.42399
15,control,186,recovery,29.4080004,29.7280001,0.989235749,6123.55185
15,control,187,recovery,29.9839992,29.7280001,1.00861138,6155.00784
15,control,188,recovery,28.9919991,29.7280001,0.975242164,6187.42418
15,control,189,recovery,30.3680003,29.7280001,1.02152853,6218.49585
15,control,190,recovery,28.7040006,29.7280001,0.965554379,6251.23215
15,control,191,recovery,29.4720009,29.7280001,0.991388618,6283.23221
15,control,192,recovery,30.0159995,29.7280001,1.00968782,6314.72015
15,control,193,recovery,28.7040006,29.7280001,0.965554379,6347.48793
15,control,194,recovery,29.2799994,29.7280001,0.984930012,6379.68016
15,control,195,recovery,30.1760007,29.7280001,1.01506999,6411.00788
15,control,196,recovery,28.864,29.7280001,0.970936489,6443.58397
15,control,197,recovery,29.5679998,29.7280001,0.994617859,6475.61598
15,control,198,recovery,29.8880003,29.7280001,1.00538214,6507.26414
15,control,199,recovery,29.1200001,29.7280001,0.979547902,6539.58416
16,interference,0,recovery,29.9839992,29.4560008,1.01792499,2.52799992
16,interference,1,recovery,29.0239993,29.4560008,0.98533401,34.9120013
16,interference,2,recovery,30.3680003,29.4560008,1.03096142,66.0160035
16,interference,3,recovery,28.6720004,29.4560008,0.973384018,98.7519994
16,interference,4,recovery,29.4400007,29.4560008,0.999456813,130.784005
16,interference,5,recovery,29.9520008,29.4560008,1.01683868,162.272006
16,interference,6,recovery,28.8319997,29.4560008,0.978815827,194.879994
16,interference,7,recovery,29.5039993,29.4560008,1.0016295,226.784006
16,interference,8,recovery,29.6960007,29.4560008,1.00814774,258.527994
16,interference,9,recovery,29.3119997,29.4560008,0.995111315,290.656
16,interference,10,recovery,30.0799999,29.4560008,1.02118411,322.016001
16,interference,11,recovery,28.8960002,29.4560008,0.980988575,354.52801
16,interference,12,recovery,30.4639991,29.4560008,1.03422048,385.504007
16,interference,13,recovery,29.8880003,29.4560008,1.01466593,418.271989
16,interference,14,recovery,29.0879998,29.4560008,0.987506758,450.623989
16,interference,15,recovery,30.3039998,29.4560008,1.02878867,481.759995
16,interference,16,recovery,28.6720004,29.4560008,0.973384018,514.527977
16,interference,17,recovery,29.3760002,29.4560008,0.997284064,546.591997
16,interference,18,recovery,30.0159995,29.4560008,1.01901136,578.015983
16,interference,19,recovery,28.9600007,29.4560008,0.983161324,610.463977
16,interference,20,recovery,30.4000005,29.4560008,1.03204779,641.471982
16,interference,21,recovery,28.7040006,29.4560008,0.974470393,674.239993
16,interference,22,recovery,29.4080004,29.4560008,0.998370438,706.304014
16,interference,23,recovery,30.1760007,29.4560008,1.02444323,737.760007
16,interference,24,recovery,28.8319997,29.4560008,0.978815827,770.335972
16,interference,25,recovery,29.5039993,29.4560008,1.0016295,802.272022
16,interference,26,recovery,29.9520008,29.4560008,1.01683868,834.016025
16,interference,27,recovery,29.0559996,29.4560008,0.986420384,866.367996
16,interference,28,recovery,30.336,29.4560008,1.02987504,897.472024
16,interference,29,recovery,28.7040006,29.4560008,0.974470393,930.239975
16,interference,30,recovery,29.5039993,29.4560008,1.0016295,962.144017
16,interference,31,recovery,29.8239999,29.4560008,1.01249318,993.75999
16,interference,32,recovery,29.2160008,29.4560008,0.991852256,1025.98405
16,interference,33,recovery,30.5279996,29.4560008,1.03639322,1057.248
16,interference,34,recovery,29.6960007,29.4560008,1.00814774,1090.01601
16,interference,35,recovery,29.3119997,29.4560008,0.995111315,1122.11204
16,interference,36,recovery,30.4000005,29.4560008,1.03204779,1153.47195
16,interference,37,recovery,28.6720004,29.4560008,0.973384018,1186.27203
16,interference,38,recovery,29.5039993,29.4560008,1.0016295,1218.20796
16,interference,39,recovery,29.8880003,29.4560008,1.01466593,1249.76003
16,interference,40,recovery,29.1520003,29.4560008,0.989679507,1282.04799
16,interference,41,recovery,30.2399993,29.4560008,1.02661592,1313.24804
16,interference,42,recovery,28.7999995,29.4560008,0.977729452,1345.88802
16,interference,43,recovery,29.6,29.4560008,1.00488862,1377.82395
16,interference,44,recovery,30.0159995,29.4560008,1.01901136,1409.50406
16,interference,45,recovery,28.9919991,29.4560008,0.984247635,1441.95199
16,interference,46,recovery,29.4720009,29.4560008,1.00054319,1474.07997
16,interference,47,recovery,29.7279991,29.4560008,1.00923406,1505.75995
16,interference,48,recovery,29.3119997,29.4560008,0.995111315,1537.88805
16,interference,49,recovery,30.0799999,29.4560008,1.02118411,1569.24796
16,interference,50,recovery,28.9280005,29.4560008,0.98207495,1601.76003
16,interference,51,recovery,30.4639991,29.4560008,1.03422048,1632.70402
16,interference,52,recovery,28.6720004,29.4560008,0.973384018,1665.50398
16,interference,53,recovery,29.4080004,29.4560008,0.998370438,1697.53599
16,interference,54,recovery,30.3039998,29.4560008,1.02878867,1728.99199
16,interference,55,recovery,28.7040006,29.4560008,0.974470393,1761.72805
16,interference,56,recovery,29.3119997,29.4560008,0.995111315,1793.88797
16,interference,57,recovery,30.0479997,29.4560008,1.02009774,1825.248
16,interference,58,recovery,28.8960002,29.4560008,0.980988575,1857.79202
16,interference,59,recovery,30.4639991,29.4560008,1.03422048,1888.73601
16,interference,60,recovery,28.6720004,29.4560008,0.973384018,1921.50402
16,interference,61,recovery,29.4080004,29.4560008,0.998370438,1953.53603
16,interference,62,recovery,30.0159995,29.4560008,1.01901136,1984.99203
16,interference,63,recovery,29.0239993,29.4560008,0.98533401,2017.40789
16,interference,64,recovery,29.5359995,29.4560008,1.00271587,2049.63207
16,interference,65,recovery,29.8880003,29.4560008,1.01466593,2081.24804
16,interference,66,recovery,29.1200001,29.4560008,0.988593133,2113.56807
16,interference,67,recovery,30.3039998,29.4560008,1.02878867,2144.73605
16,interference,68,recovery,28.7040006,29.4560008,0.974470393,2177.47211
16,interference,69,recovery,29.5039993,29.4560008,1.0016295,2209.43999
16,interference,70,recovery,29.8880003,29.4560008,1.01466593,2240.99207
16,interference,71,recovery,29.1520003,29.4560008,0.989679507,2273.27991
16,interference,72,recovery,30.336,29.4560008,1.02987504,2304.48008
16,interference,73,recovery,29.8560001,29.4560008,1.01357955,2337.2159
16,interference,74,recovery,29.2160008,29.4560008,0.991852256,2369.47203
16,interference,75,recovery,30.1760007,29.4560008,1.02444323,2400.73609
16,interference,76,recovery,28.6720004,29.4560008,0.973384018,2433.5041
16,interference,77,recovery,29.4400007,29.4560008,0.999456813,2465.50393
16,interference,78,recovery,29.9200006,29.4560008,1.0157523,2496.99211
16,interference,79,recovery,29.1200001,29.4560008,0.988593133,2529.3119
16,interference,80,recovery,30.3039998,29.4560008,1.02878867,2560.48012
16,interference,81,recovery,28.6720004,29.4560008,0.973384018,2593.21594
16,interference,82,recovery,29.5039993,29.4560008,1.0016295,2625.15211
16,interference,83,recovery,30.0799999,29.4560008,1.02118411,2656.7359
16,interference,84,recovery,28.9280005,29.4560008,0.98207495,2689.24809
16,interference,85,recovery,29.6960007,29.4560008,1.00814774,2721.24791
16,interference,86,recovery,30.5599999,29.4560008,1.0374796,2755.03993
16,interference,87,recovery,29.7279991,29.4560008,1.00923406,2787.77599
16,interference,88,recovery,29.3119997,29.4560008,0.995111315,2819.93604
16,interference,89,recovery,30.1440004,29.4560008,1.02335686,2851.29595
16,interference,90,recovery,28.8960002,29.4560008,0.980988575,2883.84008
16,interference,91,recovery,29.5359995,29.4560008,1.00271587,2915.90405
16,interference,92,recovery,29.8239999,29.4560008,1.01249318,2947.55197
16,interference,93,recovery,29.1520003,29.4560008,0.989679507,2979.84004
16,interference,94,recovery,29.5359995,29.4560008,1.00271587,3012.09593
16,interference,95,recovery,29.8239999,29.4560008,1.01249318,3043.77604
16,interference,96,recovery,29.2160008,29.4560008,0.991852256,3076.03192
16,interference,97,recovery,30.1760007,29.4560008,1.02444323,3107.29599
16,interference,98,recovery,28.8319997,29.4560008,0.978815827,3139.90402
16,interference,99,recovery,29.6640005,29.4560008,1.00706137,3171.83995
16,interference,100,recovery,30.0159995,29.4560008,1.01901136,3203.52006
16,interference,101,recovery,29.0239993,29.4560008,0.98533401,3235.96811
16,interference,102,recovery,29.5039993,29.4560008,1.0016295,3268.09597
16,interference,103,recovery,29.7599994,29.4560008,1.01032043,3299.77608
16,interference,104,recovery,29.2799994,29.4560008,0.994024941,3331.96807
16,interference,105,recovery,30.1120002,29.4560008,1.02227048,3363.29603
16,interference,106,recovery,28.8319997,29.4560008,0.978815827,3395.87212
16,interference,107,recovery,29.5039993,29.4560008,1.0016295,3427.83999
16,interference,108,recovery,29.7279991,29.4560008,1.00923406,3459.5201
16,interference,109,recovery,29.2799994,29.4560008,0.994024941,3491.71209
16,interference,110,recovery,30.3039998,29.4560008,1.02878867,3523.04006
16,interference,111,recovery,28.7040006,29.4560008,0.974470393,3555.77588
16,interference,112,recovery,29.3439999,29.4560008,0.99619769,3587.90398
16,interference,113,recovery,30.0479997,29.4560008,1.02009774,3619.29607
16,interference,114,recovery,28.9919991,29.4560008,0.984247635,3651.74389
16,interference,115,recovery,30.3680003,29.4560008,1.03096142,3682.78408
16,interference,116,recovery,28.6720004,29.4560008,0.973384018,3715.55209
16,interference,117,recovery,29.4400007,29.4560008,0.999456813,3747.55192
16,interference,118,recovery,29.9839992,29.4560008,1.01792499,3779.0401
16,interference,119,recovery,28.9919991,29.4560008,0.984247635,3811.48791
16,interference,120,recovery,29.5039993,29.4560008,1.0016295,3843.64796
16,interference,121,recovery,29.8239999,29.4560008,1.01249318,3875.29612
16,interference,122,recovery,29.0239993,29.4560008,0.98533401,3907.71198
16,interference,123,recovery,30.4000005,29.4560008,1.03204779,3938.78388
16,interference,124,recovery,28.6720004,29.4560008,0.973384018,3971.5519
16,interference,125,recovery,29.4080004,29.4560008,0.998370438,4003.58391
16,interference,126,recovery,29.9839992,29.4560008,1.01792499,4035.0399
16,interference,127,recovery,29.0239993,29.4560008,0.98533401,4067.45577
16,interference,128,recovery,30.3680003,29.4560008,1.03096142,4098.52791
16,interference,129,recovery,29.6960007,29.4560008,1.00814774,4131.29616
16,interference,130,recovery,29.3119997,29.4560008,0.995111315,4163.42402
16,interference,131,recovery,30.0799999,29.4560008,1.02118411,4194.75222
16,interference,132,recovery,28.7040006,29.4560008,0.974470393,4227.51999
16,interference,133,recovery,29.4720009,29.4560008,1.00054319,4259.52005
16,interference,134,recovery,29.9200006,29.4560008,1.0157523,4291.008
16,interference,135,recovery,29.0879998,29.4560008,0.987506758,4323.39191
16,interference,136,recovery,30.3680003,29.4560008,1.03096142,4354.52795
16,interference,137,recovery,28.6720004,29.4560008,0.973384018,4387.2962
16,interference,138,recovery,29.4720009,29.4560008,1.00054319,4419.26384
16,interference,139,recovery,30.0479997,29.4560008,1.02009774,4450.75178
16,interference,140,recovery,29.0239993,29.4560008,0.98533401,4483.20007
16,interference,141,recovery,30.4000005,29.4560008,1.03204779,4514.27221
16,interference,142,recovery,29.8239999,29.4560008,1.01249318,4547.00804
16,interference,143,recovery,29.2160008,29.4560008,0.991852256,4579.26416
16,interference,144,recovery,30.1760007,29.4560008,1.02444323,4610.52799
16,interference,145,recovery,28.864,29.4560008,0.979902201,4643.10408
16,interference,146,recovery,29.5359995,29.4560008,1.00271587,4675.00782
16,interference,147,recovery,29.7279991,29.4560008,1.00923406,4706.75182
16,interference,148,recovery,29.3439999,29.4560008,0.99619769,4738.88016
16,interference,149,recovery,30.3039998,29.4560008,1.02878867,4770.27178
16,interference,150,recovery,28.7040006,29.4560008,0.974470393,4803.00808
16,interference,151,recovery,29.5039993,29.4560008,1.0016295,4834.94377
16,interference,152,recovery,30.1760007,29.4560008,1.02444323,4866.52803
16,interference,153,recovery,28.864,29.4560008,0.979902201,4899.10412
16,interference,154,recovery,29.5039993,29.4560008,1.0016295,4931.03981
16,interference,155,recovery,29.7599994,29.4560008,1.01032043,4962.75187
16,interference,156,recovery,29.3119997,29.4560008,0.995111315,4994.91215
16,interference,157,recovery,30.0799999,29.4560008,1.02118411,5026.27182
16,interference,158,recovery,28.9600007,29.4560008,0.983161324,5058.75206
16,interference,159,recovery,30.6560006,29.4560008,1.04073872,5089.75983
16,interference,160,recovery,29.8239999,29.4560008,1.01249318,5122.52808
16,interference,161,recovery,29.1840006,29.4560008,0.990765881,5154.7842
16,interference,162,recovery,30.4000005,29.4560008,1.03204779,5186.01608
16,interference,163,recovery,28.6720004,29.4560008,0.973384018,5218.75191
16,interference,164,recovery,29.4400007,29.4560008,0.999456813,5250.78392
16,interference,165,recovery,29.9520008,29.4560008,1.01683868,5282.27186
16,interference,166,recovery,29.0879998,29.4560008,0.987506758,5314.62383
16,interference,167,recovery,30.336,29.4560008,1.02987504,5345.75987
16,interference,168,recovery,28.6720004,29.4560008,0.973384018,5378.52812
16,interference,169,recovery,29.4720009,29.4560008,1.00054319,5410.49623
16,interference,170,recovery,30.1760007,29.4560008,1.02444323,5442.01612
16,interference,171,recovery,28.8319997,29.4560008,0.978815827,5474.59221
16,interference,172,recovery,29.5039993,29.4560008,1.0016295,5506.72007
16,interference,173,recovery,29.9200006,29.4560008,1.0157523,5538.23996
16,interference,174,recovery,29.1200001,29.4560008,0.988593133,5570.59193
16,interference,175,recovery,30.2719995,29.4560008,1.02770229,5601.75991
16,interference,176,recovery,28.7679993,29.4560008,0.976643078,5634.43184
16,interference,177,recovery,29.5359995,29.4560008,1.00271587,5666.33606
16,interference,178,recovery,29.7919996,29.4560008,1.0114068,5698.01617
16,interference,179,recovery,29.1840006,29.4560008,0.990765881,5730.23987
16,interference,180,recovery,30.4639991,29.4560008,1.03422048,5761.50417
16,interference,181,recovery,28.6720004,29.4560008,0.973384018,5794.27195
16,interference,182,recovery,29.1840006,29.4560008,0.990765881,5826.52807
16,interference,183,recovery,30.2080009,29.4560008,1.02552961,5857.75995
16,interference,184,recovery,28.8319997,29.4560008,0.978815827,5890.36798
16,interference,185,recovery,29.5039993,29.4560008,1.0016295,5922.3361
16,interference,186,recovery,29.7919996,29.4560008,1.0114068,5954.01621
16,interference,187,recovery,29.1840006,29.4560008,0.990765881,5986.23991
16,interference,188,recovery,30.2080009,29.4560008,1.02552961,6017.50422
16,interference,189,recovery,28.8319997,29.4560008,0.978815827,6050.11177
16,interference,190,recovery,29.4400007,29.4560008,0.999456813,6082.27205
16,interference,191,recovery,29.9520008,29.4560008,1.01683868,6113.75999
16,interference,192,recovery,28.864,29.4560008,0.979902201,6146.33608
16,interference,193,recovery,29.5039993,29.4560008,1.0016295,6178.27177
16,interference,194,recovery,29.6960007,29.4560008,1.00814774,6210.01577
16,interference,195,recovery,29.3119997,29.4560008,0.995111315,6242.11216
16,interference,196,recovery,30.1120002,29.4560008,1.02227048,6273.47183
16,interference,197,recovery,28.9280005,29.4560008,0.98207495,6306.01597
16,interference,198,recovery,30.4639991,29.4560008,1.03422048,6336.99179
16,interference,199,recovery,29.8880003,29.4560008,1.01466593,6369.76004
17,control,0,recovery,33.1519991,29.6960007,1.11637925,192.192003
17,control,1,recovery,29.5039993,29.6960007,0.993534434,228.640005
17,control,2,recovery,29.9200006,29.6960007,1.0075431,260.159999
17,control,3,recovery,29.1200001,29.6960007,0.980603427,292.512
17,control,4,recovery,30.2399993,29.6960007,1.01831892,323.680013
17,control,5,recovery,28.7679993,29.6960007,0.968749951,356.352001
17,control,6,recovery,30.6560006,29.6960007,1.03232758,387.16799
17,control,7,recovery,29.9839992,29.6960007,1.00969822,419.936001
17,control,8,recovery,29.0239993,29.6960007,0.977370643,452.351987
17,control,9,recovery,30.5279996,29.6960007,1.0280172,483.424008
17,control,10,recovery,29.7599994,29.6960007,1.00215513,516.160011
17,control,11,recovery,29.2799994,29.6960007,0.985991336,548.352003
17,control,12,recovery,30.2399993,29.6960007,1.01831892,579.680026
17,control,13,recovery,28.7679993,29.6960007,0.968749951,612.352014
17,control,14,recovery,29.5039993,29.6960007,0.993534434,644.19198
17,control,15,recovery,28.6720004,29.6960007,0.965517231,675.935984
17,control,16,recovery,29.4720009,29.6960007,0.992456902,707.903981
17,control,17,recovery,29.8560001,29.6960007,1.00538791,739.42399
17,control,18,recovery,29.1840006,29.6960007,0.982758615,771.679997
17,control,19,recovery,30.1760007,29.6960007,1.01616379,802.911997
17,control,20,recovery,28.8319997,29.6960007,0.97090514,835.520029
17,control,21,recovery,29.5039993,29.6960007,0.993534434,867.392004
17,control,22,recovery,29.6960007,29.6960007,1,899.168015
17,control,23,recovery,29.3119997,29.6960007,0.98706893,931.295991
17,control,24,recovery,30.1120002,29.6960007,1.0140086,962.656021
17,control,25,recovery,28.864,29.6960007,0.971982734,995.199978
17,control,26,recovery,29.6,29.6960007,0.996767217,1027.16804
17,control,27,recovery,29.8560001,29.6960007,1.00538791,1058.91204
17,control,28,recovery,29.1520003,29.6960007,0.981681021,1091.19999
17,control,29,recovery,30.0799999,29.6960007,1.01293101,1122.40005
17,control,30,recovery,28.8960002,29.6960007,0.973060329,1154.94394
17,control,31,recovery,30.4320008,29.6960007,1.02478448,1185.88805
17,control,32,recovery,29.9520008,29.6960007,1.00862069,1218.65594
17,control,33,recovery,29.0239993,29.6960007,0.977370643,1251.03998
17,control,34,recovery,30.3680003,29.6960007,1.02262929,1282.14395
17,control,35,recovery,28.6720004,29.6960007,0.965517231,1314.91196
17,control,36,recovery,29.4720009,29.6960007,0.992456902,1346.87996
17,control,37,recovery,29.9200006,29.6960007,1.0075431,1378.39997
17,control,38,recovery,29.1200001,29.6960007,0.980603427,1410.71999
17,control,39,recovery,30.2719995,29.6960007,1.01939651,1441.88797
17,control,40,recovery,28.6720004,29.6960007,0.965517231,1474.65599
17,control,41,recovery,29.3439999,29.6960007,0.988146524,1506.71995
17,control,42,recovery,30.2719995,29.6960007,1.01939651,1538.14399
17,control,43,recovery,28.7040006,29.6960007,0.966594825,1570.88006
17,control,44,recovery,29.5359995,29.6960007,0.994612028,1602.81599
17,control,45,recovery,29.8880003,29.6960007,1.0064655,1634.40001
17,control,46,recovery,29.1200001,29.6960007,0.980603427,1666.72003
17,control,47,recovery,29.5359995,29.6960007,0.994612028,1698.97604
17,control,48,recovery,29.8560001,29.6960007,1.00538791,1730.65603
17,control,49,recovery,29.1200001,29.6960007,0.980603427,1762.94398
17,control,50,recovery,30.2399993,29.6960007,1.01831892,1794.14403
17,control,51,recovery,28.6720004,29.6960007,0.965517231,1826.91205
17,control,52,recovery,29.4080004,29.6960007,0.990301713,1858.94406
17,control,53,recovery,29.9200006,29.6960007,1.0075431,1890.40005
17,control,54,recovery,29.1200001,29.6960007,0.980603427,1922.71996
17,control,55,recovery,30.336,29.6960007,1.0215517,1953.88806
17,control,56,recovery,28.7040006,29.6960007,0.966594825,1986.624
17,control,57,recovery,29.5359995,29.6960007,0.994612028,2018.52798
17,control,58,recovery,30.0799999,29.6960007,1.01293101,2050.14396
17,control,59,recovery,28.9280005,29.6960007,0.974137923,2082.65591
17,control,60,recovery,30.4959994,29.6960007,1.02693961,2113.63196
17,control,61,recovery,29.8880003,29.6960007,1.0064655,2146.39997
17,control,62,recovery,29.0879998,29.6960007,0.979525832,2178.75195
17,control,63,recovery,30.336,29.6960007,1.0215517,2209.88798
17,control,64,recovery,28.7040006,29.6960007,0.966594825,2242.62404
17,control,65,recovery,29.5039993,29.6960007,0.993534434,2274.55997
17,control,66,recovery,29.9520008,29.6960007,1.00862069,2306.144
17,control,67,recovery,29.0559996,29.6960007,0.978448238,2338.52792
17,control,68,recovery,30.4320008,29.6960007,1.02478448,2369.63201
17,control,69,recovery,30.1760007,29.6960007,1.01616379,2410.59208
17,control,70,recovery,28.8319997,29.6960007,0.97090514,2443.20011
17,control,71,recovery,29.5359995,29.6960007,0.994612028,2475.16799
17,control,72,recovery,29.8560001,29.6960007,1.00538791,2506.81591
17,control,73,recovery,29.2160008,29.6960007,0.98383621,2539.07204
17,control,74,recovery,30.2080009,29.6960007,1.01724138,2570.3361
17,control,75,recovery,28.8319997,29.6960007,0.97090514,2602.9439
17,control,76,recovery,29.5039993,29.6960007,0.993534434,2634.88007
17,control,77,recovery,29.9839992,29.6960007,1.00969822,2666.59188
17,control,78,recovery,28.7040006,29.6960007,0.966594825,2699.32795
17,control,79,recovery,29.4720009,29.6960007,0.992456902,2731.26411
17,control,80,recovery,30.1760007,29.6960007,1.01616379,2762.8479
17,control,81,recovery,28.8319997,29.6960007,0.97090514,2795.45593
17,control,82,recovery,29.5039993,29.6960007,0.993534434,2827.42405
17,control,83,recovery,29.8239999,29.6960007,1.00431031,2859.10392
17,control,84,recovery,29.1840006,29.6960007,0.982758615,2891.36004
17,control,85,recovery,30.2080009,29.6960007,1.01724138,2922.59192
17,control,86,recovery,29.8239999,29.6960007,1.00431031,2955.2319
17,control,87,recovery,29.2799994,29.6960007,0.985991336,2987.51998
17,control,88,recovery,30.0799999,29.6960007,1.01293101,3018.84794
17,control,89,recovery,28.7360009,29.6960007,0.967672419,3051.55206
17,control,90,recovery,29.5039993,29.6960007,0.993534434,3083.51994
17,control,91,recovery,29.8880003,29.6960007,1.0064655,3115.10396
17,control,92,recovery,29.1520003,29.6960007,0.981681021,3147.39203
17,control,93,recovery,30.3039998,29.6960007,1.02047411,3178.59197
17,control,94,recovery,28.7360009,29.6960007,0.967672419,3211.29608
17,control,95,recovery,29.5039993,29.6960007,0.993534434,3243.29591
17,control,96,recovery,30.1120002,29.6960007,1.0140086,3274.84798
17,control,97,recovery,28.9280005,29.6960007,0.974137923,3307.35993
17,control,98,recovery,30.4639991,29.6960007,1.02586201,3338.33599
17,control,99,recovery,29.7599994,29.6960007,1.00215513,3371.104
17,control,100,recovery,29.2479992,29.6960007,0.984913741,3403.29599
17,control,101,recovery,30.1440004,29.6960007,1.0150862,3434.59201
17,control,102,recovery,28.864,29.6960007,0.971982734,3467.16809
17,control,103,recovery,29.5039993,29.6960007,0.993534434,3499.13597
17,control,104,recovery,29.7279991,29.6960007,1.00107753,3530.84803
17,control,105,recovery,29.2799994,29.6960007,0.985991336,3563.00807
17,control,106,recovery,30.3680003,29.6960007,1.02262929,3594.33603
17,control,107,recovery,28.6720004,29.6960007,0.965517231,3627.10404
17,control,108,recovery,29.4720009,29.6960007,0.992456902,3659.07192
17,control,109,recovery,30.0799999,29.6960007,1.01293101,3690.59205
17,control,110,recovery,28.9280005,29.6960007,0.974137923,3723.104
17,control,111,recovery,30.4639991,29.6960007,1.02586201,3754.08006
17,control,112,recovery,28.6720004,29.6960007,0.965517231,3786.84807
17,control,113,recovery,29.4080004,29.6960007,0.990301713,3818.88008
17,control,114,recovery,29.9520008,29.6960007,1.00862069,3850.33607
17,control,115,recovery,29.0239993,29.6960007,0.977370643,3882.75194
17,control,116,recovery,30.6880008,29.6960007,1.03340518,3913.82408
17,control,117,recovery,29.9200006,29.6960007,1.0075431,3946.59209
17,control,118,recovery,29.0879998,29.6960007,0.979525832,3978.94406
17,control,119,recovery,30.4320008,29.6960007,1.02478448,4010.07986
17,control,120,recovery,28.6400001,29.6960007,0.964439636,4042.84811
17,control,121,recovery,29.4400007,29.6960007,0.991379308,4074.84818
17,control,122,recovery,29.9520008,29.6960007,1.00862069,4106.33612
17,control,123,recovery,29.0559996,29.6960007,0.978448238,4138.72004
17,control,124,recovery,30.336,29.6960007,1.0215517,4169.82412
17,control,125,recovery,28.6720004,29.6960007,0.965517231,4202.5919
17,control,126,recovery,29.5039993,29.6960007,0.993534434,4234.52806
17,control,127,recovery,29.8880003,29.6960007,1.0064655,4266.0799
17,control,128,recovery,29.1520003,29.6960007,0.981681021,4298.36798
17,control,129,recovery,30.3039998,29.6960007,1.02047411,4329.53596
17,control,130,recovery,28.7360009,29.6960007,0.967672419,4362.27179
17,control,131,recovery,29.3760002,29.6960007,0.989224119,4394.40012
17,control,132,recovery,30.0159995,29.6960007,1.01077582,4425.82417
17,control,133,recovery,28.9919991,29.6960007,0.976293049,4458.27198
17,control,134,recovery,30.4639991,29.6960007,1.02586201,4489.28022
17,control,135,recovery,28.6720004,29.6960007,0.965517231,4522.07994
17,control,136,recovery,29.3760002,29.6960007,0.989224119,4554.14391
17,control,137,recovery,30.1120002,29.6960007,1.0140086,4585.536
17,control,138,recovery,28.8319997,29.6960007,0.97090514,4618.17598
17,control,139,recovery,29.5039993,29.6960007,0.993534434,4650.11215
17,control,140,recovery,29.7279991,29.6960007,1.00107753,4681.82421
17,control,141,recovery,29.2799994,29.6960007,0.985991336,4713.98401
17,control,142,recovery,30.1760007,29.6960007,1.01616379,4745.31221
17,control,143,recovery,28.864,29.6960007,0.971982734,4777.88782
17,control,144,recovery,29.5039993,29.6960007,0.993534434,4809.79204
17,control,145,recovery,29.6960007,29.6960007,1,4841.53605
17,control,146,recovery,34.7520001,29.6960007,1.1702586,4873.63195
17,control,147,recovery,29.0559996,29.6960007,0.978448238,4910.81619
17,control,148,recovery,30.4320008,29.6960007,1.02478448,4941.88786
17,control,149,recovery,28.6720004,29.6960007,0.965517231,4974.68805
17,control,150,recovery,29.4720009,29.6960007,0.992456902,5006.65617
17,control,151,recovery,30.2080009,29.6960007,1.01724138,5038.17606
17,control,152,recovery,28.8319997,29.6960007,0.97090514,5070.78409
17,control,153,recovery,29.4080004,29.6960007,0.990301713,5102.97585
17,control,154,recovery,29.9839992,29.6960007,1.00969822,5134.43184
17,control,155,recovery,29.0559996,29.6960007,0.978448238,5166.81623
17,control,156,recovery,30.3680003,29.6960007,1.02262929,5197.8879
17,control,157,recovery,28.7040006,29.6960007,0.966594825,5230.65615
17,control,158,recovery,29.5039993,29.6960007,0.993534434,5262.59184
17,control,159,recovery,29.8239999,29.6960007,1.00431031,5294.1761
17,control,160,recovery,29.1840006,29.6960007,0.982758615,5326.43223
17,control,161,recovery,29.5039993,29.6960007,0.993534434,5358.68788
17,control,162,recovery,29.6960007,29.6960007,1,5390.43188
17,control,163,recovery,29.0559996,29.6960007,0.978448238,5422.8158
17,control,164,recovery,30.3680003,29.6960007,1.02262929,5453.88794
17,control,165,recovery,28.6720004,29.6960007,0.965517231,5486.68814
17,control,166,recovery,29.5039993,29.6960007,0.993534434,5518.59188
17,control,167,recovery,29.8880003,29.6960007,1.0064655,5550.17614
17,control,168,recovery,29.1520003,29.6960007,0.981681021,5582.46422
17,control,169,recovery,30.2399993,29.6960007,1.01831892,5613.66415
17,control,170,recovery,28.7679993,29.6960007,0.968749951,5646.33608
17,control,171,recovery,29.4080004,29.6960007,0.990301713,5678.46394
17,control,172,recovery,30.0159995,29.6960007,1.01077582,5709.88798
17,control,173,recovery,28.7679993,29.6960007,0.968749951,5742.59186
17,control,174,recovery,29.5039993,29.6960007,0.993534434,5774.52803
17,control,175,recovery,29.7599994,29.6960007,1.00215513,5806.17619
17,control,176,recovery,29.2160008,29.6960007,0.98383621,5838.39989
17,control,177,recovery,30.1760007,29.6960007,1.01616379,5869.66419
17,control,178,recovery,28.864,29.6960007,0.971982734,5902.2398
17,control,179,recovery,29.5359995,29.6960007,0.994612028,5934.20792
17,control,180,recovery,29.9839992,29.6960007,1.00969822,5965.88802
17,control,181,recovery,29.0559996,29.6960007,0.978448238,5998.30389
17,control,182,recovery,30.3039998,29.6960007,1.02047411,6029.40798
17,control,183,recovery,29.7599994,29.6960007,1.00215513,6062.17623
17,control,184,recovery,29.2799994,29.6960007,0.985991336,6094.33603
17,control,185,recovery,30.1760007,29.6960007,1.01616379,6125.63181
17,control,186,recovery,28.8960002,29.6960007,0.973060329,6158.20789
17,control,187,recovery,30.4959994,29.6960007,1.02693961,6189.15176
17,control,188,recovery,30.1120002,29.6960007,1.0140086,6232.16009
17,control,189,recovery,28.8960002,29.6960007,0.973060329,6264.70423
17,control,190,recovery,33.76,29.6960007,1.13685342,6296.70382
17,control,191,recovery,29.9839992,29.6960007,1.00969822,6332.5119
17,control,192,recovery,29.0559996,29.6960007,0.978448238,6364.89582
17,control,193,recovery,30.4000005,29.6960007,1.02370689,6395.99991
17,control,194,recovery,29.7599994,29.6960007,1.00215513,6428.76816
17,control,195,recovery,29.2479992,29.6960007,0.984913741,6460.95991
17,control,196,recovery,30.1440004,29.6960007,1.0150862,6492.25616
17,control,197,recovery,28.864,29.6960007,0.971982734,6524.83177
17,control,198,recovery,29.5359995,29.6960007,0.994612028,6556.73599
17,control,199,recovery,29.6960007,29.6960007,1,6588.51194
18,interference,0,recovery,29.1840006,31.1520007,0.936825885,3.58400005
18,interference,1,recovery,30.336,31.1520007,0.973805836,34.8160006
18,interference,2,recovery,28.6720004,31.1520007,0.920390338,67.5840005
18,interference,3,recovery,29.5039993,31.1520007,0.947098057,99.4879976
18,interference,4,recovery,29.8560001,31.1520007,0.958397518,131.072
18,interference,5,recovery,29.1520003,31.1520007,0.935798655,163.328007
18,interference,6,recovery,30.2080009,31.1520007,0.969696979,194.560006
18,interference,7,recovery,28.7999995,31.1520007,0.924499194,227.200001
18,interference,8,recovery,29.6320003,31.1520007,0.951206973,259.135991
18,interference,9,recovery,30.0159995,31.1520007,0.963533604,290.816009
18,interference,10,recovery,28.9919991,31.1520007,0.93066251,323.264003
18,interference,11,recovery,30.4000005,31.1520007,0.975860294,354.303986
18,interference,12,recovery,28.6720004,31.1520007,0.920390338,387.071997
18,interference,13,recovery,29.3119997,31.1520007,0.940934741,419.167995
18,interference,14,recovery,30.0799999,31.1520007,0.965588062,450.527996
18,interference,15,recovery,28.9919991,31.1520007,0.93066251,483.007997
18,interference,16,recovery,30.4000005,31.1520007,0.975860294,514.04798
18,interference,17,recovery,28.6720004,31.1520007,0.920390338,546.815991
18,interference,18,recovery,29.4080004,31.1520007,0.944016429,578.848004
18,interference,19,recovery,29.9839992,31.1520007,0.962506375,610.303998
18,interference,20,recovery,28.864,31.1520007,0.926553653,642.880023
18,interference,21,recovery,29.5359995,31.1520007,0.948125286,674.816012
18,interference,22,recovery,29.9520008,31.1520007,0.961479205,706.560016
18,interference,23,recovery,29.0559996,31.1520007,0.932716968,738.943994
18,interference,24,recovery,30.336,31.1520007,0.973805836,770.048022
18,interference,25,recovery,28.6720004,31.1520007,0.920390338,802.815974
18,interference,26,recovery,29.5039993,31.1520007,0.947098057,834.752023
18,interference,27,recovery,29.8560001,31.1520007,0.958397518,866.30398
18,interference,28,recovery,29.1520003,31.1520007,0.935798655,898.591995
18,interference,29,recovery,30.2080009,31.1520007,0.969696979,929.791987
18,interference,30,recovery,28.6720004,31.1520007,0.920390338,962.559998
18,interference,31,recovery,29.4400007,31.1520007,0.945043658,994.560003
18,interference,32,recovery,30.1760007,31.1520007,0.96866975,1026.04795
18,interference,33,recovery,28.8319997,31.1520007,0.925526424,1058.65598
18,interference,34,recovery,29.5039993,31.1520007,0.947098057,1090.55996
18,interference,35,recovery,29.6960007,31.1520007,0.953261432,1122.30396
18,interference,36,recovery,29.3119997,31.1520007,0.940934741,1154.43206
18,interference,37,recovery,30.0799999,31.1520007,0.965588062,1185.79197
18,interference,38,recovery,28.9280005,31.1520007,0.928608111,1218.30404
18,interference,39,recovery,29.5359995,31.1520007,0.948125286,1250.27204
18,interference,40,recovery,29.8880003,31.1520007,0.959424747,1282.04799
18,interference,41,recovery,29.0879998,31.1520007,0.933744197,1314.39996
18,interference,42,recovery,30.3039998,31.1520007,0.972778606,1345.53599
18,interference,43,recovery,28.7040006,31.1520007,0.921417567,1378.27206
18,interference,44,recovery,29.5359995,31.1520007,0.948125286,1410.20799
18,interference,45,recovery,29.8880003,31.1520007,0.959424747,1441.75994
18,interference,46,recovery,29.1520003,31.1520007,0.935798655,1474.07997
18,interference,47,recovery,30.2399993,31.1520007,0.970724148,1505.28002
18,interference,48,recovery,28.7360009,31.1520007,0.922444796,1537.98401
18,interference,49,recovery,29.5359995,31.1520007,0.948125286,1569.888
18,interference,50,recovery,29.8239999,31.1520007,0.957370289,1601.53604
18,interference,51,recovery,29.2160008,31.1520007,0.937853114,1633.75998
18,interference,52,recovery,30.3680003,31.1520007,0.974833065,1665.02404
18,interference,53,recovery,28.6720004,31.1520007,0.920390338,1697.79205
18,interference,54,recovery,29.4400007,31.1520007,0.945043658,1729.792
18,interference,55,recovery,29.9520008,31.1520007,0.961479205,1761.27994
18,interference,56,recovery,29.0559996,31.1520007,0.932716968,1793.66398
18,interference,57,recovery,30.336,31.1520007,0.973805836,1824.76795
18,interference,58,recovery,28.6720004,31.1520007,0.920390338,1857.53596
18,interference,59,recovery,29.4400007,31.1520007,0.945043658,1889.53602
18,interference,60,recovery,30.0799999,31.1520007,0.965588062,1921.02396
18,interference,61,recovery,28.9280005,31.1520007,0.928608111,1953.53603
18,interference,62,recovery,29.5359995,31.1520007,0.948125286,1985.63194
18,interference,63,recovery,29.8239999,31.1520007,0.957370289,2017.2801
18,interference,64,recovery,29.1520003,31.1520007,0.935798655,2049.56794
18,interference,65,recovery,30.2399993,31.1520007,0.970724148,2080.76811
18,interference,66,recovery,28.7999995,31.1520007,0.924499194,2113.40809
18,interference,67,recovery,29.5039993,31.1520007,0.947098057,2145.34402
18,interference,68,recovery,29.7919996,31.1520007,0.956343059,2176.99194
18,interference,69,recovery,29.2799994,31.1520007,0.939907512,2209.18393
18,interference,70,recovery,30.4000005,31.1520007,0.975860294,2240.47995
18,interference,71,recovery,28.6720004,31.1520007,0.920390338,2273.27991
18,interference,72,recovery,29.2479992,31.1520007,0.938880283,2305.4719
18,interference,73,recovery,30.1120002,31.1520007,0.966615291,2336.76791
18,interference,74,recovery,28.864,31.1520007,0.926553653,2369.344
18,interference,75,recovery,29.5359995,31.1520007,0.948125286,2401.24798
18,interference,76,recovery,29.6960007,31.1520007,0.953261432,2432.99198
18,interference,77,recovery,29.3760002,31.1520007,0.9429892,2465.08789
18,interference,78,recovery,30.1120002,31.1520007,0.966615291,2496.47999
18,interference,79,recovery,28.9600007,31.1520007,0.92963534,2528.99194
18,interference,80,recovery,29.5039993,31.1520007,0.947098057,2561.21612
18,interference,81,recovery,29.8880003,31.1520007,0.959424747,2592.76795
18,interference,82,recovery,28.9280005,31.1520007,0.928608111,2625.24796
18,interference,83,recovery,29.5359995,31.1520007,0.948125286,2657.24802
18,interference,84,recovery,29.8239999,31.1520007,0.957370289,2688.99202
18,interference,85,recovery,29.1840006,31.1520007,0.936825885,2721.2801
18,interference,86,recovery,30.4639991,31.1520007,0.977914693,2752.48003
18,interference,87,recovery,29.7279991,31.1520007,0.954288601,2785.27999
18,interference,88,recovery,29.2479992,31.1520007,0.938880283,2817.47198
18,interference,89,recovery,30.3680003,31.1520007,0.974833065,2848.768
18,interference,90,recovery,28.6720004,31.1520007,0.920390338,2881.53601
18,interference,91,recovery,29.0879998,31.1520007,0.933744197,2913.88798
18,interference,92,recovery,30.4000005,31.1520007,0.975860294,2945.02401
18,interference,93,recovery,28.6720004,31.1520007,0.920390338,2977.79202
18,interference,94,recovery,29.4720009,31.1520007,0.946070887,3009.7599
18,interference,95,recovery,29.9520008,31.1520007,0.961479205,3041.28003
18,interference,96,recovery,29.0559996,31.1520007,0.932716968,3073.66395
18,interference,97,recovery,30.3039998,31.1520007,0.972778606,3104.76804
18,interference,98,recovery,28.7360009,31.1520007,0.922444796,3137.47191
18,interference,99,recovery,29.4080004,31.1520007,0.944016429,3169.56806
18,interference,100,recovery,29.9839992,31.1520007,0.962506375,3201.02406
18,interference,101,recovery,28.7679993,31.1520007,0.923471965,3233.69598
18,interference,102,recovery,29.5039993,31.1520007,0.947098057,3265.59997
18,interference,103,recovery,29.7279991,31.1520007,0.954288601,3297.28007
18,interference,104,recovery,29.2799994,31.1520007,0.939907512,3329.44012
18,interference,105,recovery,30.2080009,31.1520007,0.969696979,3360.76808
18,interference,106,recovery,28.7679993,31.1520007,0.923471965,3393.40806
18,interference,107,recovery,29.5359995,31.1520007,0.948125286,3425.31204
18,interference,108,recovery,30.4000005,31.1520007,0.975860294,3459.07211
18,interference,109,recovery,28.6720004,31.1520007,0.920390338,3491.80794
18,interference,110,recovery,29.4080004,31.1520007,0.944016429,3523.8719
18,interference,111,recovery,29.9839992,31.1520007,0.962506375,3555.32789
18,interference,112,recovery,29.0559996,31.1520007,0.932716968,3587.71205
18,interference,113,recovery,30.3680003,31.1520007,0.974833065,3618.8159
18,interference,114,recovery,28.6720004,31.1520007,0.920390338,3651.58391
18,interference,115,recovery,29.4400007,31.1520007,0.945043658,3683.58397
18,interference,116,recovery,30.1120002,31.1520007,0.966615291,3715.07192
18,interference,117,recovery,28.864,31.1520007,0.926553653,3747.61605
18,interference,118,recovery,29.5039993,31.1520007,0.947098057,3779.74391
18,interference,119,recovery,29.8560001,31.1520007,0.958397518,3811.32793
18,interference,120,recovery,29.1520003,31.1520007,0.935798655,3843.61601
18,interference,121,recovery,30.2399993,31.1520007,0.970724148,3874.81594
18,interference,122,recovery,28.7999995,31.1520007,0.924499194,3907.45592
18,interference,123,recovery,29.5039993,31.1520007,0.947098057,3939.3599
18,interference,124,recovery,29.7279991,31.1520007,0.954288601,3971.07196
18,interference,125,recovery,29.2479992,31.1520007,0.938880283,4003.232
18,interference,126,recovery,30.3039998,31.1520007,0.972778606,4034.5602
18,interference,127,recovery,28.7040006,31.1520007,0.921417567,4067.29603
18,interference,128,recovery,29.3119997,31.1520007,0.940934741,4099.45583
18,interference,129,recovery,30.0799999,31.1520007,0.965588062,4130.81598
18,interference,130,recovery,28.8960002,31.1520007,0.927580882,4163.32817
18,interference,131,recovery,29.5039993,31.1520007,0.947098057,4195.32824
18,interference,132,recovery,29.6640005,31.1520007,0.952234203,4227.07176
18,interference,133,recovery,29.3119997,31.1520007,0.940934741,4259.16815
18,interference,134,recovery,30.1120002,31.1520007,0.966615291,4290.52782
18,interference,135,recovery,28.8960002,31.1520007,0.927580882,4323.1039
18,interference,136,recovery,29.5039993,31.1520007,0.947098057,4355.26419
18,interference,137,recovery,29.9200006,31.1520007,0.960451976,4386.81602
18,interference,138,recovery,29.0879998,31.1520007,0.933744197,4419.168
18,interference,139,recovery,30.2719995,31.1520007,0.971751377,4450.30403
18,interference,140,recovery,28.7679993,31.1520007,0.923471965,4482.97596
18,interference,141,recovery,29.5359995,31.1520007,0.948125286,4514.91213
18,interference,142,recovery,29.8239999,31.1520007,0.957370289,4546.52786
18,interference,143,recovery,29.2160008,31.1520007,0.937853114,4578.78399
18,interference,144,recovery,30.1760007,31.1520007,0.96866975,4610.04782
18,interference,145,recovery,28.8319997,31.1520007,0.925526424,4642.65585
18,interference,146,recovery,29.5039993,31.1520007,0.947098057,4674.62397
18,interference,147,recovery,29.8880003,31.1520007,0.959424747,4706.30407
18,interference,148,recovery,29.0879998,31.1520007,0.933744197,4738.65604
18,interference,149,recovery,30.5920001,31.1520007,0.982023609,4769.76013
18,interference,150,recovery,29.7599994,31.1520007,0.95531583,4802.5279
18,interference,151,recovery,29.3119997,31.1520007,0.940934741,4834.68819
18,interference,152,recovery,30.1760007,31.1520007,0.96866975,4866.04786
18,interference,153,recovery,28.864,31.1520007,0.926553653,4898.62394
18,interference,154,recovery,28.6720004,31.1520007,0.920390338,4933.6319
18,interference,155,recovery,29.4080004,31.1520007,0.944016429,4965.66391
18,interference,156,recovery,30.1120002,31.1520007,0.966615291,4997.1199
18,interference,157,recovery,28.8960002,31.1520007,0.927580882,5029.66404
18,interference,158,recovery,30.4639991,31.1520007,0.977914693,5060.60791
18,interference,159,recovery,28.7040006,31.1520007,0.921417567,5093.34421
18,interference,160,recovery,29.3439999,31.1520007,0.941961971,5125.47207
18,interference,161,recovery,30.0479997,31.1520007,0.964560833,5156.83222
18,interference,162,recovery,28.9919991,31.1520007,0.93066251,5189.28003
18,interference,163,recovery,29.5359995,31.1520007,0.948125286,5221.53616
18,interference,164,recovery,29.8560001,31.1520007,0.958397518,5253.11995
18,interference,165,recovery,29.1840006,31.1520007,0.936825885,5285.37607
18,interference,166,recovery,30.4000005,31.1520007,0.975860294,5316.60795
18,interference,167,recovery,28.7040006,31.1520007,0.921417567,5349.34378
18,interference,168,recovery,29.4720009,31.1520007,0.946070887,5381.34384
18,interference,169,recovery,29.9520008,31.1520007,0.961479205,5412.83178
18,interference,170,recovery,29.1200001,31.1520007,0.934771426,5445.18423
18,interference,171,recovery,30.3039998,31.1520007,0.972778606,5476.35221
18,interference,172,recovery,28.7360009,31.1520007,0.922444796,5509.05609
18,interference,173,recovery,29.2799994,31.1520007,0.939907512,5541.27979
18,interference,174,recovery,30.1440004,31.1520007,0.96764252,5572.60799
18,interference,175,recovery,28.864,31.1520007,0.926553653,5605.18408
18,interference,176,recovery,29.4400007,31.1520007,0.945043658,5637.37583
18,interference,177,recovery,30.0479997,31.1520007,0.964560833,5668.83183
18,interference,178,recovery,29.0239993,31.1520007,0.931689739,5701.28012
18,interference,179,recovery,30.3680003,31.1520007,0.974833065,5732.35178
18,interference,180,recovery,28.6400001,31.1520007,0.919363108,5765.12003
18,interference,181,recovery,29.5039993,31.1520007,0.947098057,5797.0562
18,interference,182,recovery,29.9200006,31.1520007,0.960451976,5828.60804
18,interference,183,recovery,28.8960002,31.1520007,0.927580882,5861.15217
18,interference,184,recovery,29.5039993,31.1520007,0.947098057,5893.08786
18,interference,185,recovery,29.8239999,31.1520007,0.957370289,5924.83187
18,interference,186,recovery,29.1840006,31.1520007,0.936825885,5957.11994
18,interference,187,recovery,30.2080009,31.1520007,0.969696979,5988.35182
18,interference,188,recovery,28.8319997,31.1520007,0.925526424,6020.95985
18,interference,189,recovery,29.5039993,31.1520007,0.947098057,6052.86407
18,interference,190,recovery,29.6960007,31.1520007,0.953261432,6084.60808
18,interference,191,recovery,29.3439999,31.1520007,0.941961971,6116.70399
18,interference,192,recovery,30.1120002,31.1520007,0.966615291,6148.06414
18,interference,193,recovery,28.7040006,31.1520007,0.921417567,6180.83191
18,interference,194,recovery,29.5039993,31.1520007,0.947098057,6212.80003
18,interference,195,recovery,30.1440004,31.1520007,0.96764252,6244.35186
18,interference,196,recovery,28.8960002,31.1520007,0.927580882,6276.896
18,interference,197,recovery,29.5039993,31.1520007,0.947098057,6308.83217
18,interference,198,recovery,29.6640005,31.1520007,0.952234203,6340.60812
18,interference,199,recovery,29.3439999,31.1520007,0.941961971,6372.70403
19,control,0,recovery,32.5439982,29.4560008,1.10483424,187.935993
19,control,1,recovery,29.1520003,29.4560008,0.989679507,222.911999
19,control,2,recovery,30.1760007,29.4560008,1.02444323,254.112005
19,control,3,recovery,28.8319997,29.4560008,0.978815827,286.720008
19,control,4,recovery,29.5679998,29.4560008,1.00380225,318.751991
19,control,5,recovery,30.0799999,29.4560008,1.02118411,350.367993
19,control,6,recovery,28.9280005,29.4560008,0.98207495,382.880002
19,control,7,recovery,30.6880008,29.4560008,1.0418251,413.856
19,control,8,recovery,29.9200006,29.4560008,1.0157523,446.592003
19,control,9,recovery,29.1200001,29.4560008,0.988593133,478.944004
19,control,10,recovery,30.2399993,29.4560008,1.02661592,510.111988
19,control,11,recovery,28.7999995,29.4560008,0.977729452,542.752028
19,control,12,recovery,29.3760002,29.4560008,0.997284064,574.944019
19,control,13,recovery,30.1120002,29.4560008,1.02227048,606.368005
19,control,14,recovery,28.9280005,29.4560008,0.98207495,638.880014
19,control,15,recovery,29.5359995,29.4560008,1.00271587,670.912027
19,control,16,recovery,30.4000005,29.4560008,1.03204779,702.624023
19,control,17,recovery,28.6720004,29.4560008,0.973384018,735.391974
19,control,18,recovery,29.5359995,29.4560008,1.00271587,767.296016
19,control,19,recovery,29.7599994,29.4560008,1.01032043,798.879981
19,control,20,recovery,29.2479992,29.4560008,0.992938567,831.071973
19,control,21,recovery,30.2719995,29.4560008,1.02770229,862.367988
19,control,22,recovery,28.7360009,29.4560008,0.975556767,895.071983
19,control,23,recovery,29.3119997,29.4560008,0.995111315,926.847994
19,control,24,recovery,28.6720004,29.4560008,0.973384018,958.624005
19,control,25,recovery,29.4720009,29.4560008,1.00054319,990.592003
19,control,26,recovery,30.0479997,29.4560008,1.02009774,1022.11201
19,control,27,recovery,28.9600007,29.4560008,0.983161324,1054.59201
19,control,28,recovery,29.5359995,29.4560008,1.00271587,1086.71999
19,control,29,recovery,29.8239999,29.4560008,1.01249318,1118.36803
19,control,30,recovery,29.1840006,29.4560008,0.990765881,1150.62404
19,control,31,recovery,30.2399993,29.4560008,1.02661592,1181.85604
19,control,32,recovery,28.7999995,29.4560008,0.977729452,1214.49602
19,control,33,recovery,29.6320003,29.4560008,1.005975,1246.43195
19,control,34,recovery,29.9200006,29.4560008,1.0157523,1278.11205
19,control,35,recovery,29.0879998,29.4560008,0.987506758,1310.46402
19,control,36,recovery,30.4639991,29.4560008,1.03422048,1341.59994
19,control,37,recovery,28.6720004,29.4560008,0.973384018,1374.36795
19,control,38,recovery,29.3760002,29.4560008,0.997284064,1406.43203
19,control,39,recovery,30.0159995,29.4560008,1.01901136,1437.82401
19,control,40,recovery,29.0239993,29.4560008,0.98533401,1470.24
19,control,41,recovery,30.336,29.4560008,1.02987504,1501.34397
19,control,42,recovery,28.6720004,29.4560008,0.973384018,1534.11198
19,control,43,recovery,29.5359995,29.4560008,1.00271587,1566.01596
19,control,44,recovery,30.2399993,29.4560008,1.02661592,1597.59998
19,control,45,recovery,28.7999995,29.4560008,0.977729452,1630.23996
19,control,46,recovery,29.4400007,29.4560008,0.999456813,1662.36806
19,control,47,recovery,29.9839992,29.4560008,1.01792499,1693.856
19,control,48,recovery,29.0559996,29.4560008,0.986420384,1726.24004
19,control,49,recovery,30.3680003,29.4560008,1.03096142,1757.34401
19,control,50,recovery,28.6720004,29.4560008,0.973384018,1790.11202
19,control,51,recovery,29.5039993,29.4560008,1.0016295,1822.04795
19,control,52,recovery,29.8880003,29.4560008,1.01466593,1853.60003
19,control,53,recovery,29.1520003,29.4560008,0.989679507,1885.88798
19,control,54,recovery,29.5039993,29.4560008,1.0016295,1918.17605
19,control,55,recovery,29.7919996,29.4560008,1.0114068,1949.85604
19,control,56,recovery,29.1200001,29.4560008,0.988593133,1982.17595
19,control,57,recovery,30.336,29.4560008,1.02987504,2013.34405
19,control,58,recovery,28.6400001,29.4560008,0.972297644,2046.11206
19,control,59,recovery,29.4720009,29.4560008,1.00054319,2078.07994
19,control,60,recovery,29.9839992,29.4560008,1.01792499,2109.60007
19,control,61,recovery,29.0239993,29.4560008,0.98533401,2142.01593
19,control,62,recovery,30.336,29.4560008,1.02987504,2173.08807
19,control,63,recovery,28.6720004,29.4560008,0.973384018,2205.85608
19,control,64,recovery,29.3439999,29.4560008,0.99619769,2237.95199
19,control,65,recovery,29.8880003,29.4560008,1.01466593,2269.34409
19,control,66,recovery,28.7999995,29.4560008,0.977729452,2301.98407
19,control,67,recovery,29.5359995,29.4560008,1.00271587,2333.88805
19,control,68,recovery,29.7599994,29.4560008,1.01032043,2365.60011
19,control,69,recovery,29.1840006,29.4560008,0.990765881,2397.856
19,control,70,recovery,30.2399993,29.4560008,1.02661592,2429.08812
19,control,71,recovery,28.7040006,29.4560008,0.974470393,2461.82394
19,control,72,recovery,29.5039993,29.4560008,1.0016295,2493.76011
19,control,73,recovery,30.0159995,29.4560008,1.01901136,2525.34389
19,control,74,recovery,29.0239993,29.4560008,0.98533401,2557.76
19,control,75,recovery,30.3680003,29.4560008,1.03096142,2588.8319
19,control,76,recovery,29.7599994,29.4560008,1.01032043,2621.59991
19,control,77,recovery,29.2479992,29.4560008,0.992938567,2653.7919
19,control,78,recovery,30.1440004,29.4560008,1.02335686,2685.08792
19,control,79,recovery,28.864,29.4560008,0.979902201,2717.664
19,control,80,recovery,29.5679998,29.4560008,1.00380225,2749.59993
19,control,81,recovery,29.7599994,29.4560008,1.01032043,2781.34394
19,control,82,recovery,29.2479992,29.4560008,0.992938567,2813.53593
19,control,83,recovery,30.3680003,29.4560008,1.03096142,2844.83194
19,control,84,recovery,29.9200006,29.4560008,1.0157523,2877.59995
19,control,85,recovery,29.0559996,29.4560008,0.986420384,2909.98411
19,control,86,recovery,30.5279996,29.4560008,1.03639322,2941.08796
19,control,87,recovery,29.6960007,29.4560008,1.00814774,2973.85597
19,control,88,recovery,29.3439999,29.4560008,0.99619769,3005.95188
19,control,89,recovery,30.0799999,29.4560008,1.02118411,3037.34398
19,control,90,recovery,28.9600007,29.4560008,0.983161324,3069.82398
19,control,91,recovery,30.4639991,29.4560008,1.03422048,3100.83199
19,control,92,recovery,28.6720004,29.4560008,0.973384018,3133.6
19,control,93,recovery,29.3760002,29.4560008,0.997284064,3165.66396
19,control,94,recovery,30.2080009,29.4560008,1.02552961,3197.088
19,control,95,recovery,28.8319997,29.4560008,0.978815827,3229.69604
19,control,96,recovery,29.6640005,29.4560008,1.00706137,3261.63197
19,control,97,recovery,29.9839992,29.4560008,1.01792499,3293.34402
19,control,98,recovery,29.0559996,29.4560008,0.986420384,3325.72794
19,control,99,recovery,30.336,29.4560008,1.02987504,3356.83203
19,control,100,recovery,28.6720004,29.4560008,0.973384018,3389.60004
19,control,101,recovery,29.5039993,29.4560008,1.0016295,3421.53597
19,control,102,recovery,29.8880003,29.4560008,1.01466593,3453.08805
19,control,103,recovery,29.1520003,29.4560008,0.989679507,3485.37588
19,control,104,recovery,29.5359995,29.4560008,1.00271587,3517.56811
19,control,105,recovery,29.6640005,29.4560008,1.00706137,3549.34406
19,control,106,recovery,29.3119997,29.4560008,0.995111315,3581.47192
19,control,107,recovery,30.2719995,29.4560008,1.02770229,3612.83207
19,control,108,recovery,28.7360009,29.4560008,0.975556767,3645.53595
19,control,109,recovery,29.5039993,29.4560008,1.0016295,3677.47211
19,control,110,recovery,29.8239999,29.4560008,1.01249318,3709.08809
19,control,111,recovery,29.1840006,29.4560008,0.990765881,3741.34398
19,control,112,recovery,30.2399993,29.4560008,1.02661592,3772.54391
19,control,113,recovery,28.7999995,29.4560008,0.977729452,3805.21607
19,control,114,recovery,29.4080004,29.4560008,0.998370438,3837.37612
19,control,115,recovery,30.0479997,29.4560008,1.02009774,3868.83211
19,control,116,recovery,28.9600007,29.4560008,0.983161324,3901.31211
19,control,117,recovery,29.4720009,29.4560008,1.00054319,3933.47192
19,control,118,recovery,29.8239999,29.4560008,1.01249318,3965.05594
19,control,119,recovery,29.2479992,29.4560008,0.992938567,3997.27988
19,control,120,recovery,30.2399993,29.4560008,1.02661592,4028.54395
19,control,121,recovery,28.7999995,29.4560008,0.977729452,4061.21588
19,control,122,recovery,29.5359995,29.4560008,1.00271587,4093.18399
19,control,123,recovery,29.8239999,29.4560008,1.01249318,4124.83215
19,control,124,recovery,29.0559996,29.4560008,0.986420384,4157.18412
19,control,125,recovery,30.2719995,29.4560008,1.02770229,4188.32016
19,control,126,recovery,29.7599994,29.4560008,1.01032043,4221.02404
19,control,127,recovery,29.3119997,29.4560008,0.995111315,4253.21579
19,control,128,recovery,30.1760007,29.4560008,1.02444323,4284.54399
19,control,129,recovery,28.8319997,29.4560008,0.978815827,4317.18397
19,control,130,recovery,29.5039993,29.4560008,1.0016295,4349.08819
19,control,131,recovery,28.6720004,29.4560008,0.973384018,4380.8322
19,control,132,recovery,29.5039993,29.4560008,1.0016295,4412.76789
19,control,133,recovery,29.8880003,29.4560008,1.01466593,4444.3202
19,control,134,recovery,28.7679993,29.4560008,0.976643078,4476.99213
19,control,135,recovery,29.4720009,29.4560008,1.00054319,4508.9922
19,control,136,recovery,30.1120002,29.4560008,1.02227048,4540.54403
19,control,137,recovery,28.9280005,29.4560008,0.98207495,4573.08817
19,control,138,recovery,29.5039993,29.4560008,1.0016295,4605.08823
19,control,139,recovery,29.6960007,29.4560008,1.00814774,4636.83224
19,control,140,recovery,29.2479992,29.4560008,0.992938567,4669.02399
19,control,141,recovery,30.1760007,29.4560008,1.02444323,4700.31977
19,control,142,recovery,28.7999995,29.4560008,0.977729452,4732.96022
19,control,143,recovery,29.5039993,29.4560008,1.0016295,4764.89592
19,control,144,recovery,29.8880003,29.4560008,1.01466593,4796.54408
19,control,145,recovery,28.7999995,29.4560008,0.977729452,4829.18406
19,control,146,recovery,29.5359995,29.4560008,1.00271587,4861.18412
19,control,147,recovery,29.8560001,29.4560008,1.01357955,4892.8318
19,control,148,recovery,29.1840006,29.4560008,0.990765881,4925.08793
19,control,149,recovery,30.2080009,29.4560008,1.02552961,4956.31981
19,control,150,recovery,28.7999995,29.4560008,0.977729452,4988.95979
19,control,151,recovery,29.6,29.4560008,1.00488862,5020.86401
19,control,152,recovery,38.1439999,29.4560008,1.29494836,5052.54412
19,control,153,recovery,28.9600007,29.4560008,0.983161324,5093.24789
19,control,154,recovery,30.4000005,29.4560008,1.03204779,5124.25613
19,control,155,recovery,29.7599994,29.4560008,1.01032043,5157.02391
19,control,156,recovery,29.2799994,29.4560008,0.994024941,5189.18419
19,control,157,recovery,30.1440004,29.4560008,1.02335686,5220.51191
19,control,158,recovery,28.8960002,29.4560008,0.980988575,5253.05605
19,control,159,recovery,29.5039993,29.4560008,1.0016295,5285.02417
19,control,160,recovery,29.6960007,29.4560008,1.00814774,5316.76817
19,control,161,recovery,29.3119997,29.4560008,0.995111315,5348.89603
19,control,162,recovery,30.1120002,29.4560008,1.02227048,5380.25618
19,control,163,recovery,28.6720004,29.4560008,0.973384018,5412.992
19,control,164,recovery,29.5039993,29.4560008,1.0016295,5444.96012
19,control,165,recovery,30.1120002,29.4560008,1.02227048,5476.48001
19,control,166,recovery,28.9280005,29.4560008,0.98207495,5509.02414
19,control,167,recovery,30.5279996,29.4560008,1.03639322,5539.99996
19,control,168,recovery,29.6960007,29.4560008,1.00814774,5572.76821
19,control,169,recovery,29.3119997,29.4560008,0.995111315,5604.89607
19,control,170,recovery,30.0799999,29.4560008,1.02118411,5636.25622
19,control,171,recovery,28.8960002,29.4560008,0.980988575,5668.76793
19,control,172,recovery,30.4639991,29.4560008,1.03422048,5699.74422
19,control,173,recovery,29.8239999,29.4560008,1.01249318,5732.512
19,control,174,recovery,29.2160008,29.4560008,0.991852256,5764.73618
19,control,175,recovery,30.4000005,29.4560008,1.03204779,5796
19,control,176,recovery,28.6720004,29.4560008,0.973384018,5828.76778
19,control,177,recovery,29.4720009,29.4560008,1.00054319,5860.73589
19,control,178,recovery,29.9520008,29.4560008,1.01683868,5892.25578
19,control,179,recovery,28.9919991,29.4560008,0.984247635,5924.67213
19,control,180,recovery,30.4320008,29.4560008,1.03313416,5955.74379
19,control,181,recovery,28.6720004,29.4560008,0.973384018,5988.51204
19,control,182,recovery,29.4080004,29.4560008,0.998370438,6020.54405
19,control,183,recovery,30.1440004,29.4560008,1.02335686,6052.00005
19,control,184,recovery,28.864,29.4560008,0.979902201,6084.57613
19,control,185,recovery,29.6640005,29.4560008,1.00706137,6116.54377
19,control,186,recovery,29.8880003,29.4560008,1.01466593,6148.25583
19,control,187,recovery,29.0879998,29.4560008,0.987506758,6180.57585
19,control,188,recovery,30.3039998,29.4560008,1.02878867,6211.74383
19,control,189,recovery,28.7360009,29.4560008,0.975556767,6244.44818
19,control,190,recovery,29.5039993,29.4560008,1.0016295,6276.41582
19,control,191,recovery,29.8560001,29.4560008,1.01357955,6308.00009
19,control,192,recovery,29.1520003,29.4560008,0.989679507,6340.28816
19,control,193,recovery,30.4320008,29.4560008,1.03313416,6371.48809
19,control,194,recovery,28.6720004,29.4560008,0.973384018,6404.25587
19,control,195,recovery,29.3760002,29.4560008,0.997284064,6436.28788
19,control,196,recovery,29.9520008,29.4560008,1.01683868,6467.74387
19,control,197,recovery,29.0559996,29.4560008,0.986420384,6500.12779
19,control,198,recovery,30.336,29.4560008,1.02987504,6531.23188
19,control,199,recovery,28.6720004,29.4560008,0.973384018,6564.00013
