trial_id,condition,probe_id,phase,victim_latency_us,baseline_median_us,normalized_latency,time_since_interference_end_us
0,interference,0,recovery,9.21600033,9.21600033,1,2.88000004
0,interference,1,recovery,9.21600033,9.21600033,1,14.1439997
0,interference,2,recovery,9.21600033,9.21600033,1,24.3839994
0,interference,3,recovery,10.2399997,9.21600033,1.11111104,34.6239991
0,interference,4,recovery,9.21600033,9.21600033,1,45.8879992
0,interference,5,recovery,9.31200013,9.21600033,1.01041664,56.127999
0,interference,6,recovery,8.19199998,9.21600033,0.888888855,67.3919991
0,interference,7,recovery,9.21600033,9.21600033,1,77.6320025
0,interference,8,recovery,9.21600033,9.21600033,1,87.8719985
0,interference,9,recovery,9.21600033,9.21600033,1,98.112002
0,interference,10,recovery,9.21600033,9.21600033,1,109.375998
0,interference,11,recovery,9.21600033,9.21600033,1,119.616002
0,interference,12,recovery,9.21600033,9.21600033,1,129.856005
0,interference,13,recovery,9.21600033,9.21600033,1,141.120002
0,interference,14,recovery,9.21600033,9.21600033,1,151.360005
0,interference,15,recovery,9.21600033,9.21600033,1,162.624002
0,interference,16,recovery,9.21600033,9.21600033,1,172.864005
0,interference,17,recovery,9.21600033,9.21600033,1,184.128001
0,interference,18,recovery,9.21600033,9.21600033,1,194.368005
0,interference,19,recovery,9.44000017,9.21600033,1.02430554,204.607993
0,interference,20,recovery,9.21600033,9.21600033,1,215.872005
0,interference,21,recovery,9.21600033,9.21600033,1,226.111993
0,interference,22,recovery,9.21600033,9.21600033,1,237.376004
0,interference,23,recovery,9.21600033,9.21600033,1,247.615993
0,interference,24,recovery,10.2399997,9.21600033,1.11111104,257.856011
0,interference,25,recovery,9.21600033,9.21600033,1,269.120008
0,interference,26,recovery,9.21600033,9.21600033,1,279.359996
0,interference,27,recovery,9.21600033,9.21600033,1,290.623993
0,interference,28,recovery,9.21600033,9.21600033,1,301.887989
0,interference,29,recovery,9.21600033,9.21600033,1,312.128007
0,interference,30,recovery,10.2399997,9.21600033,1.11111104,322.367996
0,interference,31,recovery,9.21600033,9.21600033,1,333.631992
0,interference,32,recovery,9.21600033,9.21600033,1,344.895989
0,interference,33,recovery,9.21600033,9.21600033,1,356.160015
0,interference,34,recovery,9.21600033,9.21600033,1,367.424011
0,interference,35,recovery,9.21600033,9.21600033,1,378.688008
0,interference,36,recovery,9.21600033,9.21600033,1,389.952004
0,interference,37,recovery,9.21600033,9.21600033,1,401.216
0,interference,38,recovery,9.21600033,9.21600033,1,412.479997
0,interference,39,recovery,8.38399958,9.21600033,0.909722144,423.743993
0,interference,40,recovery,9.21600033,9.21600033,1,433.984011
0,interference,41,recovery,9.21600033,9.21600033,1,445.248008
0,interference,42,recovery,9.31200013,9.21600033,1.01041664,455.487996
0,interference,43,recovery,9.21600033,9.21600033,1,466.751993
0,interference,44,recovery,9.21600033,9.21600033,1,478.015989
0,interference,45,recovery,9.21600033,9.21600033,1,489.279985
0,interference,46,recovery,9.21600033,9.21600033,1,499.520004
0,interference,47,recovery,9.21600033,9.21600033,1,510.78397
0,interference,48,recovery,10.2399997,9.21600033,1.11111104,521.023989
0,interference,49,recovery,9.27999988,9.21600033,1.0069444,532.288015
0,interference,50,recovery,9.21600033,9.21600033,1,543.551981
0,interference,51,recovery,10.2399997,9.21600033,1.11111104,553.792
0,interference,52,recovery,9.21600033,9.21600033,1,565.056026
0,interference,53,recovery,9.21600033,9.21600033,1,576.319993
0,interference,54,recovery,9.24799964,9.21600033,1.00347215,586.560011
0,interference,55,recovery,8.41599982,9.21600033,0.913194393,597.823977
0,interference,56,recovery,8.48000031,9.21600033,0.92013889,608.063996
0,interference,57,recovery,9.21600033,9.21600033,1,618.304014
0,interference,58,recovery,8.54399987,9.21600033,0.927083286,629.567981
0,interference,59,recovery,9.21600033,9.21600033,1,639.807999
0,interference,60,recovery,9.21600033,9.21600033,1,650.048018
0,interference,61,recovery,9.21600033,9.21600033,1,661.311984
0,interference,62,recovery,9.21600033,9.21600033,1,671.552002
0,interference,63,recovery,9.21600033,9.21600033,1,681.792021
0,interference,64,recovery,9.21600033,9.21600033,1,692.03198
0,interference,65,recovery,9.24799964,9.21600033,1.00347215,702.271998
0,interference,66,recovery,9.21600033,9.21600033,1,712.512016
0,interference,67,recovery,9.34400037,9.21600033,1.01388889,722.751975
0,interference,68,recovery,9.21600033,9.21600033,1,734.016001
0,interference,69,recovery,9.21600033,9.21600033,1,744.25602
0,interference,70,recovery,9.21600033,9.21600033,1,754.495978
0,interference,71,recovery,9.21600033,9.21600033,1,765.760005
0,interference,72,recovery,9.37599968,9.21600033,1.01736104,776.000023
0,interference,73,recovery,9.21600033,9.21600033,1,787.263989
0,interference,74,recovery,9.21600033,9.21600033,1,798.528016
0,interference,75,recovery,9.21600033,9.21600033,1,808.767974
0,interference,76,recovery,9.21600033,9.21600033,1,819.007993
0,interference,77,recovery,10.2399997,9.21600033,1.11111104,829.248011
0,interference,78,recovery,9.21600033,9.21600033,1,840.511978
0,interference,79,recovery,9.21600033,9.21600033,1,850.751996
0,interference,80,recovery,9.24799964,9.21600033,1.00347215,860.992014
0,interference,81,recovery,9.21600033,9.21600033,1,872.255981
0,interference,82,recovery,10.2399997,9.21600033,1.11111104,882.495999
0,interference,83,recovery,9.21600033,9.21600033,1,893.760026
0,interference,84,recovery,9.34400037,9.21600033,1.01388889,903.999984
0,interference,85,recovery,9.21600033,9.21600033,1,915.26401
0,interference,86,recovery,9.21600033,9.21600033,1,925.504029
0,interference,87,recovery,9.21600033,9.21600033,1,936.767995
0,interference,88,recovery,9.21600033,9.21600033,1,947.008014
0,interference,89,recovery,9.21600033,9.21600033,1,958.27198
0,interference,90,recovery,8.19199998,9.21600033,0.888888855,969.536006
0,interference,91,recovery,9.21600033,9.21600033,1,979.776025
0,interference,92,recovery,9.21600033,9.21600033,1,991.039991
0,interference,93,recovery,8.19199998,9.21600033,0.888888855,1002.30396
0,interference,94,recovery,9.21600033,9.21600033,1,1012.54404
0,interference,95,recovery,9.37599968,9.21600033,1.01736104,1022.78399
0,interference,96,recovery,9.21600033,9.21600033,1,1034.04796
0,interference,97,recovery,9.21600033,9.21600033,1,1045.31205
0,interference,98,recovery,9.21600033,9.21600033,1,1055.55201
0,interference,99,recovery,9.21600033,9.21600033,1,1066.81597
0,interference,100,recovery,9.21600033,9.21600033,1,1077.05605
0,interference,101,recovery,9.21600033,9.21600033,1,1087.29601
0,interference,102,recovery,8.19199998,9.21600033,0.888888855,1098.55998
0,interference,103,recovery,9.21600033,9.21600033,1,1108.80005
0,interference,104,recovery,9.21600033,9.21600033,1,1119.04001
0,interference,105,recovery,9.21600033,9.21600033,1,1129.27997
0,interference,106,recovery,9.21600033,9.21600033,1,1139.52005
0,interference,107,recovery,9.40799993,9.21600033,1.02083329,1149.76001
0,interference,108,recovery,8.19199998,9.21600033,0.888888855,1161.02397
0,interference,109,recovery,8.19199998,9.21600033,0.888888855,1171.26405
0,interference,110,recovery,9.21600033,9.21600033,1,1181.50401
0,interference,111,recovery,9.21600033,9.21600033,1,1191.74397
0,interference,112,recovery,9.21600033,9.21600033,1,1201.98405
0,interference,113,recovery,9.21600033,9.21600033,1,1212.22401
0,interference,114,recovery,9.21600033,9.21600033,1,1222.46397
0,interference,115,recovery,9.21600033,9.21600033,1,1232.70404
0,interference,116,recovery,9.21600033,9.21600033,1,1242.944
0,interference,117,recovery,9.21600033,9.21600033,1,1253.18396
0,interference,118,recovery,9.21600033,9.21600033,1,1263.42404
0,interference,119,recovery,8.32000002,9.21600033,0.902777748,1274.68801
0,interference,120,recovery,8.19199998,9.21600033,0.888888855,1284.92796
0,interference,121,recovery,8.41599982,9.21600033,0.913194393,1295.16804
0,interference,122,recovery,8.48000031,9.21600033,0.92013889,1305.408
0,interference,123,recovery,8.54399987,9.21600033,0.927083286,1315.64796
0,interference,124,recovery,9.21600033,9.21600033,1,1325.88804
0,interference,125,recovery,9.21600033,9.21600033,1,1336.128
0,interference,126,recovery,9.21600033,9.21600033,1,1346.36796
0,interference,127,recovery,9.21600033,9.21600033,1,1356.60803
0,interference,128,recovery,9.21600033,9.21600033,1,1366.84799
0,interference,129,recovery,9.21600033,9.21600033,1,1377.08795
0,interference,130,recovery,9.21600033,9.21600033,1,1387.32803
0,interference,131,recovery,9.21600033,9.21600033,1,1397.56799
0,interference,132,recovery,9.27999988,9.21600033,1.0069444,1407.80795
0,interference,133,recovery,8.19199998,9.21600033,0.888888855,1419.07203
0,interference,134,recovery,8.38399958,9.21600033,0.909722144,1429.31199
0,interference,135,recovery,8.41599982,9.21600033,0.913194393,1439.55195
0,interference,136,recovery,8.48000031,9.21600033,0.92013889,1449.79203
0,interference,137,recovery,8.19199998,9.21600033,0.888888855,1460.03199
0,interference,138,recovery,9.21600033,9.21600033,1,1470.27194
0,interference,139,recovery,9.21600033,9.21600033,1,1480.51202
0,interference,140,recovery,9.21600033,9.21600033,1,1490.75198
0,interference,141,recovery,9.21600033,9.21600033,1,1500.99194
0,interference,142,recovery,9.21600033,9.21600033,1,1511.23202
0,interference,143,recovery,9.21600033,9.21600033,1,1521.47198
0,interference,144,recovery,9.21600033,9.21600033,1,1531.71206
0,interference,145,recovery,9.21600033,9.21600033,1,1541.95201
0,interference,146,recovery,9.21600033,9.21600033,1,1552.19197
0,interference,147,recovery,9.21600033,9.21600033,1,1562.43205
0,interference,148,recovery,9.21600033,9.21600033,1,1572.67201
0,interference,149,recovery,9.21600033,9.21600033,1,1582.91197
0,interference,150,recovery,9.21600033,9.21600033,1,1593.15205
0,interference,151,recovery,9.21600033,9.21600033,1,1603.392
0,interference,152,recovery,8.19199998,9.21600033,0.888888855,1614.65597
0,interference,153,recovery,8.44800007,9.21600033,0.916666641,1624.89605
0,interference,154,recovery,9.21600033,9.21600033,1,1635.13601
0,interference,155,recovery,9.21600033,9.21600033,1,1645.37597
0,interference,156,recovery,9.21600033,9.21600033,1,1655.61604
0,interference,157,recovery,9.21600033,9.21600033,1,1665.856
0,interference,158,recovery,9.21600033,9.21600033,1,1676.09596
0,interference,159,recovery,9.21600033,9.21600033,1,1686.33604
0,interference,160,recovery,9.21600033,9.21600033,1,1697.60001
0,interference,161,recovery,9.21600033,9.21600033,1,1708.86397
0,interference,162,recovery,9.21600033,9.21600033,1,1720.12806
0,interference,163,recovery,9.21600033,9.21600033,1,1730.36802
0,interference,164,recovery,9.21600033,9.21600033,1,1741.63198
0,interference,165,recovery,10.2399997,9.21600033,1.11111104,1751.87194
0,interference,166,recovery,9.21600033,9.21600033,1,1763.13603
0,interference,167,recovery,10.2399997,9.21600033,1.11111104,1774.4
0,interference,168,recovery,9.21600033,9.21600033,1,1785.66396
0,interference,169,recovery,9.21600033,9.21600033,1,1796.92805
0,interference,170,recovery,9.21600033,9.21600033,1,1808.19201
0,interference,171,recovery,9.21600033,9.21600033,1,1818.43197
0,interference,172,recovery,9.21600033,9.21600033,1,1829.69606
0,interference,173,recovery,9.21600033,9.21600033,1,1839.93602
0,interference,174,recovery,9.21600033,9.21600033,1,1850.17598
0,interference,175,recovery,9.21600033,9.21600033,1,1861.43994
0,interference,176,recovery,9.21600033,9.21600033,1,1872.70403
0,interference,177,recovery,9.21600033,9.21600033,1,1882.94399
0,interference,178,recovery,9.21600033,9.21600033,1,1894.20795
0,interference,179,recovery,9.21600033,9.21600033,1,1905.47204
0,interference,180,recovery,8.48000031,9.21600033,0.92013889,1916.73601
0,interference,181,recovery,9.21600033,9.21600033,1,1926.97597
0,interference,182,recovery,9.27999988,9.21600033,1.0069444,1937.21604
0,interference,183,recovery,9.21600033,9.21600033,1,1948.48001
0,interference,184,recovery,8.19199998,9.21600033,0.888888855,1959.74398
0,interference,185,recovery,9.21600033,9.21600033,1,1969.98405
0,interference,186,recovery,9.21600033,9.21600033,1,1980.22401
0,interference,187,recovery,9.21600033,9.21600033,1,1991.48798
0,interference,188,recovery,9.21600033,9.21600033,1,2001.72806
0,interference,189,recovery,9.21600033,9.21600033,1,2012.99191
0,interference,190,recovery,9.21600033,9.21600033,1,2023.23198
0,interference,191,recovery,8.41599982,9.21600033,0.913194393,2034.49607
0,interference,192,recovery,9.21600033,9.21600033,1,2044.73591
0,interference,193,recovery,9.21600033,9.21600033,1,2054.97599
0,interference,194,recovery,9.21600033,9.21600033,1,2066.24007
0,interference,195,recovery,9.21600033,9.21600033,1,2077.50392
0,interference,196,recovery,9.21600033,9.21600033,1,2087.744
0,interference,197,recovery,9.21600033,9.21600033,1,2099.00808
0,interference,198,recovery,9.21600033,9.21600033,1,2110.27193
0,interference,199,recovery,9.21600033,9.21600033,1,2121.53602
1,control,0,recovery,10.2399997,9.21600033,1.11111104,58.3680011
1,control,1,recovery,9.27999988,9.21600033,1.0069444,69.6320012
1,control,2,recovery,9.21600033,9.21600033,1,80.8959976
1,control,3,recovery,10.2399997,9.21600033,1.11111104,91.1360011
1,control,4,recovery,9.21600033,9.21600033,1,102.399997
1,control,5,recovery,10.2399997,9.21600033,1.11111104,112.640001
1,control,6,recovery,9.21600033,9.21600033,1,123.903997
1,control,7,recovery,9.21600033,9.21600033,1,135.168001
1,control,8,recovery,9.21600033,9.21600033,1,145.408005
1,control,9,recovery,9.21600033,9.21600033,1,156.672001
1,control,10,recovery,10.2399997,9.21600033,1.11111104,166.912004
1,control,11,recovery,9.27999988,9.21600033,1.0069444,178.176001
1,control,12,recovery,9.21600033,9.21600033,1,189.439997
1,control,13,recovery,9.44000017,9.21600033,1.02430554,199.680001
1,control,14,recovery,9.21600033,9.21600033,1,210.943997
1,control,15,recovery,9.21600033,9.21600033,1,222.207993
1,control,16,recovery,9.27999988,9.21600033,1.0069444,232.447997
1,control,17,recovery,9.21600033,9.21600033,1,243.711993
1,control,18,recovery,10.2399997,9.21600033,1.11111104,253.951997
1,control,19,recovery,9.21600033,9.21600033,1,265.215993
1,control,20,recovery,9.21600033,9.21600033,1,275.456011
1,control,21,recovery,9.21600033,9.21600033,1,286.720008
1,control,22,recovery,9.34400037,9.21600033,1.01388889,296.959996
1,control,23,recovery,9.21600033,9.21600033,1,308.223993
1,control,24,recovery,9.21600033,9.21600033,1,319.487989
1,control,25,recovery,9.21600033,9.21600033,1,330.751985
1,control,26,recovery,9.21600033,9.21600033,1,340.992004
1,control,27,recovery,10.2399997,9.21600033,1.11111104,351.231992
1,control,28,recovery,10.2399997,9.21600033,1.11111104,362.495989
1,control,29,recovery,9.21600033,9.21600033,1,373.760015
1,control,30,recovery,10.2399997,9.21600033,1.11111104,384.000003
1,control,31,recovery,9.21600033,9.21600033,1,395.264
1,control,32,recovery,9.21600033,9.21600033,1,406.527996
1,control,33,recovery,10.2399997,9.21600033,1.11111104,416.768014
1,control,34,recovery,9.21600033,9.21600033,1,428.032011
1,control,35,recovery,9.21600033,9.21600033,1,439.296007
1,control,36,recovery,10.2399997,9.21600033,1.11111104,449.535996
1,control,37,recovery,10.2399997,9.21600033,1.11111104,460.799992
1,control,38,recovery,9.37599968,9.21600033,1.01736104,472.063988
1,control,39,recovery,9.21600033,9.21600033,1,483.328015
1,control,40,recovery,10.2399997,9.21600033,1.11111104,494.592011
1,control,41,recovery,10.2399997,9.21600033,1.11111104,505.855978
1,control,42,recovery,9.21600033,9.21600033,1,517.120004
1,control,43,recovery,9.21600033,9.21600033,1,528.38397
1,control,44,recovery,9.24799964,9.21600033,1.00347215,538.623989
1,control,45,recovery,9.21600033,9.21600033,1,549.888015
1,control,46,recovery,9.21600033,9.21600033,1,561.151981
1,control,47,recovery,9.21600033,9.21600033,1,572.416008
1,control,48,recovery,9.21600033,9.21600033,1,582.656026
1,control,49,recovery,9.21600033,9.21600033,1,593.919992
1,control,50,recovery,10.2399997,9.21600033,1.11111104,604.160011
1,control,51,recovery,9.21600033,9.21600033,1,616.447985
1,control,52,recovery,9.21600033,9.21600033,1,627.712011
1,control,53,recovery,9.21600033,9.21600033,1,638.975978
1,control,54,recovery,9.50399972,9.21600033,1.03124993,649.215996
1,control,55,recovery,9.21600033,9.21600033,1,660.480022
1,control,56,recovery,10.2399997,9.21600033,1.11111104,670.719981
1,control,57,recovery,9.21600033,9.21600033,1,681.984007
1,control,58,recovery,9.21600033,9.21600033,1,693.247974
1,control,59,recovery,9.21600033,9.21600033,1,704.512
1,control,60,recovery,9.21600033,9.21600033,1,715.776026
1,control,61,recovery,9.21600033,9.21600033,1,726.015985
1,control,62,recovery,9.21600033,9.21600033,1,737.280011
1,control,63,recovery,9.21600033,9.21600033,1,748.543978
1,control,64,recovery,9.21600033,9.21600033,1,759.808004
1,control,65,recovery,10.2399997,9.21600033,1.11111104,770.048022
1,control,66,recovery,10.2399997,9.21600033,1.11111104,781.311989
1,control,67,recovery,10.2399997,9.21600033,1.11111104,792.576015
1,control,68,recovery,9.21600033,9.21600033,1,803.839982
1,control,69,recovery,9.21600033,9.21600033,1,815.104008
1,control,70,recovery,9.21600033,9.21600033,1,825.344026
1,control,71,recovery,9.21600033,9.21600033,1,836.607993
1,control,72,recovery,9.21600033,9.21600033,1,846.848011
1,control,73,recovery,9.21600033,9.21600033,1,858.111978
1,control,74,recovery,9.21600033,9.21600033,1,868.351996
1,control,75,recovery,10.2399997,9.21600033,1.11111104,878.592014
1,control,76,recovery,9.21600033,9.21600033,1,889.855981
1,control,77,recovery,9.21600033,9.21600033,1,901.120007
1,control,78,recovery,9.24799964,9.21600033,1.00347215,912.383974
1,control,79,recovery,9.21600033,9.21600033,1,923.648
1,control,80,recovery,9.21600033,9.21600033,1,934.912026
1,control,81,recovery,10.2399997,9.21600033,1.11111104,945.151985
1,control,82,recovery,9.21600033,9.21600033,1,956.416011
1,control,83,recovery,9.21600033,9.21600033,1,967.679977
1,control,84,recovery,9.21600033,9.21600033,1,978.944004
1,control,85,recovery,9.21600033,9.21600033,1,990.20803
1,control,86,recovery,9.21600033,9.21600033,1,1000.44799
1,control,87,recovery,9.21600033,9.21600033,1,1011.71196
1,control,88,recovery,9.21600033,9.21600033,1,1021.95203
1,control,89,recovery,9.21600033,9.21600033,1,1033.216
1,control,90,recovery,9.21600033,9.21600033,1,1043.45596
1,control,91,recovery,9.21600033,9.21600033,1,1053.69604
1,control,92,recovery,9.21600033,9.21600033,1,1064.96
1,control,93,recovery,9.40799993,9.21600033,1.02083329,1075.19996
1,control,94,recovery,9.21600033,9.21600033,1,1086.46405
1,control,95,recovery,9.21600033,9.21600033,1,1096.70401
1,control,96,recovery,9.21600033,9.21600033,1,1107.96797
1,control,97,recovery,9.40799993,9.21600033,1.02083329,1118.20805
1,control,98,recovery,9.21600033,9.21600033,1,1129.47202
1,control,99,recovery,10.2399997,9.21600033,1.11111104,1139.71198
1,control,100,recovery,9.21600033,9.21600033,1,1150.97594
1,control,101,recovery,9.21600033,9.21600033,1,1161.21602
1,control,102,recovery,9.21600033,9.21600033,1,1172.47999
1,control,103,recovery,9.21600033,9.21600033,1,1182.71995
1,control,104,recovery,9.50399972,9.21600033,1.03124993,1192.96002
1,control,105,recovery,9.21600033,9.21600033,1,1204.22399
1,control,106,recovery,10.2399997,9.21600033,1.11111104,1214.46395
1,control,107,recovery,9.21600033,9.21600033,1,1225.72803
1,control,108,recovery,10.2399997,9.21600033,1.11111104,1235.96799
1,control,109,recovery,9.21600033,9.21600033,1,1247.23196
1,control,110,recovery,9.37599968,9.21600033,1.01736104,1257.47204
1,control,111,recovery,9.21600033,9.21600033,1,1268.736
1,control,112,recovery,9.21600033,9.21600033,1,1278.97596
1,control,113,recovery,9.50399972,9.21600033,1.03124993,1289.21604
1,control,114,recovery,9.21600033,9.21600033,1,1300.48001
1,control,115,recovery,9.21600033,9.21600033,1,1310.71997
1,control,116,recovery,9.21600033,9.21600033,1,1321.98405
1,control,117,recovery,9.21600033,9.21600033,1,1332.22401
1,control,118,recovery,9.50399972,9.21600033,1.03124993,1342.46397
1,control,119,recovery,9.21600033,9.21600033,1,1353.72806
1,control,120,recovery,9.21600033,9.21600033,1,1363.96801
1,control,121,recovery,9.21600033,9.21600033,1,1374.20797
1,control,122,recovery,9.21600033,9.21600033,1,1385.47206
1,control,123,recovery,9.37599968,9.21600033,1.01736104,1395.71202
1,control,124,recovery,9.21600033,9.21600033,1,1406.97598
1,control,125,recovery,9.21600033,9.21600033,1,1417.21594
1,control,126,recovery,9.21600033,9.21600033,1,1427.45602
1,control,127,recovery,9.21600033,9.21600033,1,1438.71999
1,control,128,recovery,9.21600033,9.21600033,1,1448.95995
1,control,129,recovery,9.50399972,9.21600033,1.03124993,1459.20002
1,control,130,recovery,9.21600033,9.21600033,1,1470.46399
1,control,131,recovery,9.21600033,9.21600033,1,1480.70395
1,control,132,recovery,9.21600033,9.21600033,1,1490.94403
1,control,133,recovery,9.21600033,9.21600033,1,1502.20799
1,control,134,recovery,9.21600033,9.21600033,1,1512.44795
1,control,135,recovery,10.2399997,9.21600033,1.11111104,1522.68803
1,control,136,recovery,9.21600033,9.21600033,1,1533.952
1,control,137,recovery,9.34400037,9.21600033,1.01388889,1544.19196
1,control,138,recovery,9.21600033,9.21600033,1,1555.45604
1,control,139,recovery,9.21600033,9.21600033,1,1565.696
1,control,140,recovery,9.47200041,9.21600033,1.02777779,1575.93596
1,control,141,recovery,9.21600033,9.21600033,1,1587.20005
1,control,142,recovery,9.21600033,9.21600033,1,1597.44
1,control,143,recovery,9.21600033,9.21600033,1,1607.67996
1,control,144,recovery,9.21600033,9.21600033,1,1618.94405
1,control,145,recovery,9.21600033,9.21600033,1,1629.18401
1,control,146,recovery,9.21600033,9.21600033,1,1639.42397
1,control,147,recovery,9.21600033,9.21600033,1,1650.68805
1,control,148,recovery,9.21600033,9.21600033,1,1660.92801
1,control,149,recovery,9.40799993,9.21600033,1.02083329,1671.16797
1,control,150,recovery,9.21600033,9.21600033,1,1682.43206
1,control,151,recovery,9.21600033,9.21600033,1,1692.67201
1,control,152,recovery,9.21600033,9.21600033,1,1702.91197
1,control,153,recovery,9.50399972,9.21600033,1.03124993,1713.15205
1,control,154,recovery,9.21600033,9.21600033,1,1724.41602
1,control,155,recovery,9.21600033,9.21600033,1,1734.65598
1,control,156,recovery,9.21600033,9.21600033,1,1744.89605
1,control,157,recovery,9.21600033,9.21600033,1,1756.16002
1,control,158,recovery,9.21600033,9.21600033,1,1766.39998
1,control,159,recovery,9.44000017,9.21600033,1.02430554,1776.64006
1,control,160,recovery,9.21600033,9.21600033,1,1787.90402
1,control,161,recovery,9.34400037,9.21600033,1.01388889,1798.14398
1,control,162,recovery,8.19199998,9.21600033,0.888888855,1809.40795
1,control,163,recovery,9.21600033,9.21600033,1,1819.64803
1,control,164,recovery,9.21600033,9.21600033,1,1829.88799
1,control,165,recovery,10.2399997,9.21600033,1.11111104,1840.12794
1,control,166,recovery,9.21600033,9.21600033,1,1851.39203
1,control,167,recovery,9.31200013,9.21600033,1.01041664,1861.63199
1,control,168,recovery,9.21600033,9.21600033,1,1872.89596
1,control,169,recovery,9.21600033,9.21600033,1,1883.13603
1,control,170,recovery,9.21600033,9.21600033,1,1893.37599
1,control,171,recovery,9.21600033,9.21600033,1,1904.63996
1,control,172,recovery,9.21600033,9.21600033,1,1914.88004
1,control,173,recovery,9.21600033,9.21600033,1,1925.12
1,control,174,recovery,9.21600033,9.21600033,1,1935.35995
1,control,175,recovery,9.21600033,9.21600033,1,1946.62404
1,control,176,recovery,9.21600033,9.21600033,1,1956.864
1,control,177,recovery,9.21600033,9.21600033,1,1967.10396
1,control,178,recovery,9.21600033,9.21600033,1,1978.36804
1,control,179,recovery,9.21600033,9.21600033,1,1988.608
1,control,180,recovery,10.2399997,9.21600033,1.11111104,1998.84796
1,control,181,recovery,9.21600033,9.21600033,1,2010.11205
1,control,182,recovery,9.37599968,9.21600033,1.01736104,2020.35189
1,control,183,recovery,9.21600033,9.21600033,1,2031.61597
1,control,184,recovery,9.21600033,9.21600033,1,2041.85605
1,control,185,recovery,9.21600033,9.21600033,1,2052.09589
1,control,186,recovery,9.21600033,9.21600033,1,2063.35998
1,control,187,recovery,9.24799964,9.21600033,1.00347215,2073.60005
1,control,188,recovery,9.21600033,9.21600033,1,2083.83989
1,control,189,recovery,9.21600033,9.21600033,1,2095.10398
1,control,190,recovery,9.21600033,9.21600033,1,2105.34406
1,control,191,recovery,9.21600033,9.21600033,1,2116.6079
1,control,192,recovery,9.21600033,9.21600033,1,2126.84798
1,control,193,recovery,9.34400037,9.21600033,1.01388889,2137.08806
1,control,194,recovery,9.21600033,9.21600033,1,2148.35191
1,control,195,recovery,9.21600033,9.21600033,1,2158.59199
1,control,196,recovery,9.50399972,9.21600033,1.03124993,2168.83206
1,control,197,recovery,9.21600033,9.21600033,1,2180.09591
1,control,198,recovery,9.21600033,9.21600033,1,2190.33599
1,control,199,recovery,9.21600033,9.21600033,1,2200.57607
2,control,0,recovery,10.2399997,9.21600033,1.11111104,71.6800019
2,control,1,recovery,11.2640001,9.21600033,1.22222219,83.9679986
2,control,2,recovery,11.2640001,9.21600033,1.22222219,98.3040035
2,control,3,recovery,13.3119998,9.21600033,1.44444438,111.616001
2,control,4,recovery,10.2399997,9.21600033,1.11111104,128.000006
2,control,5,recovery,9.21600033,9.21600033,1,140.287995
2,control,6,recovery,9.21600033,9.21600033,1,151.552007
2,control,7,recovery,10.2399997,9.21600033,1.11111104,162.816003
2,control,8,recovery,10.2399997,9.21600033,1.11111104,175.104007
2,control,9,recovery,11.2640001,9.21600033,1.22222219,188.416004
2,control,10,recovery,10.2399997,9.21600033,1.11111104,201.728001
2,control,11,recovery,10.2399997,9.21600033,1.11111104,214.016005
2,control,12,recovery,10.2399997,9.21600033,1.11111104,226.303995
2,control,13,recovery,10.2399997,9.21600033,1.11111104,238.591999
2,control,14,recovery,10.2399997,9.21600033,1.11111104,250.880003
2,control,15,recovery,9.21600033,9.21600033,1,262.143999
2,control,16,recovery,10.2399997,9.21600033,1.11111104,273.407996
2,control,17,recovery,10.2399997,9.21600033,1.11111104,284.671992
2,control,18,recovery,10.2399997,9.21600033,1.11111104,297.984004
2,control,19,recovery,11.2640001,9.21600033,1.22222219,311.295986
2,control,20,recovery,12.2880004,9.21600033,1.33333333,326.656014
2,control,21,recovery,12.2880004,9.21600033,1.33333333,343.039989
2,control,22,recovery,10.2399997,9.21600033,1.11111104,357.376009
2,control,23,recovery,10.2399997,9.21600033,1.11111104,369.664013
2,control,24,recovery,9.21600033,9.21600033,1,380.92801
2,control,25,recovery,11.2640001,9.21600033,1.22222219,391.167998
2,control,26,recovery,11.2640001,9.21600033,1.22222219,406.527996
2,control,27,recovery,15.3599996,9.21600033,1.66666657,421.887994
2,control,28,recovery,11.2640001,9.21600033,1.22222219,442.368001
2,control,29,recovery,12.2880004,9.21600033,1.33333333,455.680013
2,control,30,recovery,11.2640001,9.21600033,1.22222219,473.087996
2,control,31,recovery,11.2640001,9.21600033,1.22222219,486.400008
2,control,32,recovery,9.40799993,9.21600033,1.02083329,498.688012
2,control,33,recovery,9.21600033,9.21600033,1,509.952009
2,control,34,recovery,10.2399997,9.21600033,1.11111104,521.215975
2,control,35,recovery,14.3360002,9.21600033,1.55555552,533.504009
2,control,36,recovery,14.3360002,9.21600033,1.55555552,551.935971
2,control,37,recovery,12.2880004,9.21600033,1.33333333,570.367992
2,control,38,recovery,13.3119998,9.21600033,1.44444438,589.824021
2,control,39,recovery,10.4320003,9.21600033,1.13194443,608.255982
2,control,40,recovery,9.21600033,9.21600033,1,620.544016
2,control,41,recovery,9.21600033,9.21600033,1,631.807983
2,control,42,recovery,10.2399997,9.21600033,1.11111104,643.072009
2,control,43,recovery,17.4080003,9.21600033,1.88888886,659.456015
2,control,44,recovery,12.2880004,9.21600033,1.33333333,681.984007
2,control,45,recovery,13.3119998,9.21600033,1.44444438,697.344005
2,control,46,recovery,13.3119998,9.21600033,1.44444438,714.752018
2,control,47,recovery,10.2399997,9.21600033,1.11111104,734.207988
2,control,48,recovery,10.2399997,9.21600033,1.11111104,745.472014
2,control,49,recovery,10.2399997,9.21600033,1.11111104,756.735981
2,control,50,recovery,10.2399997,9.21600033,1.11111104,769.024014
2,control,51,recovery,11.2640001,9.21600033,1.22222219,783.360004
2,control,52,recovery,11.2640001,9.21600033,1.22222219,797.695994
2,control,53,recovery,11.2640001,9.21600033,1.22222219,811.007977
2,control,54,recovery,11.2640001,9.21600033,1.22222219,826.367974
2,control,55,recovery,12.2880004,9.21600033,1.33333333,843.775988
2,control,56,recovery,9.21600033,9.21600033,1,858.111978
2,control,57,recovery,9.21600033,9.21600033,1,869.376004
2,control,58,recovery,9.21600033,9.21600033,1,879.616022
2,control,59,recovery,11.2640001,9.21600033,1.22222219,891.903996
2,control,60,recovery,11.2640001,9.21600033,1.22222219,905.215979
2,control,61,recovery,11.2640001,9.21600033,1.22222219,919.552028
2,control,62,recovery,10.2399997,9.21600033,1.11111104,932.86401
2,control,63,recovery,12.2880004,9.21600033,1.33333333,945.151985
2,control,64,recovery,12.2880004,9.21600033,1.33333333,962.559998
2,control,65,recovery,10.2399997,9.21600033,1.11111104,977.919996
2,control,66,recovery,9.44000017,9.21600033,1.02430554,989.184022
2,control,67,recovery,9.21600033,9.21600033,1,1000.44799
2,control,68,recovery,11.2640001,9.21600033,1.22222219,1010.68795
2,control,69,recovery,13.3119998,9.21600033,1.44444438,1026.04795
2,control,70,recovery,13.3119998,9.21600033,1.44444438,1045.50397
2,control,71,recovery,15.3599996,9.21600033,1.66666657,1063.936
2,control,72,recovery,12.2880004,9.21600033,1.33333333,1084.41603
2,control,73,recovery,10.2399997,9.21600033,1.11111104,1101.82405
2,control,74,recovery,9.21600033,9.21600033,1,1114.11202
2,control,75,recovery,10.2399997,9.21600033,1.11111104,1125.37599
2,control,76,recovery,11.2640001,9.21600033,1.22222219,1140.73598
2,control,77,recovery,11.2640001,9.21600033,1.22222219,1154.04797
2,control,78,recovery,10.2399997,9.21600033,1.11111104,1168.38396
2,control,79,recovery,12.2880004,9.21600033,1.33333333,1182.71995
2,control,80,recovery,13.3119998,9.21600033,1.44444438,1200.12796
2,control,81,recovery,10.2399997,9.21600033,1.11111104,1217.53597
2,control,82,recovery,10.2399997,9.21600033,1.11111104,1229.82395
2,control,83,recovery,9.21600033,9.21600033,1,1241.08803
2,control,84,recovery,10.2399997,9.21600033,1.11111104,1252.352
2,control,85,recovery,10.2399997,9.21600033,1.11111104,1265.66398
2,control,86,recovery,11.2640001,9.21600033,1.22222219,1279.99997
2,control,87,recovery,16.384,9.21600033,1.77777771,1297.40798
2,control,88,recovery,12.2880004,9.21600033,1.33333333,1317.88802
2,control,89,recovery,11.2640001,9.21600033,1.22222219,1335.29603
2,control,90,recovery,10.2399997,9.21600033,1.11111104,1347.58401
2,control,91,recovery,10.2399997,9.21600033,1.11111104,1358.84798
2,control,92,recovery,10.2399997,9.21600033,1.11111104,1370.11194
2,control,93,recovery,11.2640001,9.21600033,1.22222219,1384.44805
2,control,94,recovery,11.2640001,9.21600033,1.22222219,1398.78404
2,control,95,recovery,16.384,9.21600033,1.77777771,1414.14404
2,control,96,recovery,11.2640001,9.21600033,1.22222219,1433.59995
2,control,97,recovery,13.3119998,9.21600033,1.44444438,1445.88804
2,control,98,recovery,9.21600033,9.21600033,1,1461.24804
2,control,99,recovery,9.21600033,9.21600033,1,1472.51201
2,control,100,recovery,9.21600033,9.21600033,1,1483.77597
2,control,101,recovery,9.21600033,9.21600033,1,1495.04006
2,control,102,recovery,9.21600033,9.21600033,1,1505.28002
2,control,103,recovery,10.2399997,9.21600033,1.11111104,1516.54398
2,control,104,recovery,10.2399997,9.21600033,1.11111104,1527.80795
2,control,105,recovery,9.21600033,9.21600033,1,1540.09604
2,control,106,recovery,9.21600033,9.21600033,1,1550.336
2,control,107,recovery,9.21600033,9.21600033,1,1560.57596
2,control,108,recovery,9.21600033,9.21600033,1,1571.84005
2,control,109,recovery,9.21600033,9.21600033,1,1582.08001
2,control,110,recovery,9.50399972,9.21600033,1.03124993,1592.31997
2,control,111,recovery,9.21600033,9.21600033,1,1603.58405
2,control,112,recovery,9.21600033,9.21600033,1,1613.82401
2,control,113,recovery,9.21600033,9.21600033,1,1625.08798
2,control,114,recovery,9.21600033,9.21600033,1,1635.32805
2,control,115,recovery,9.53599997,9.21600033,1.03472218,1645.56801
2,control,116,recovery,9.21600033,9.21600033,1,1656.83198
2,control,117,recovery,9.27999988,9.21600033,1.0069444,1667.07206
2,control,118,recovery,9.21600033,9.21600033,1,1678.33602
2,control,119,recovery,9.44000017,9.21600033,1.02430554,1688.57598
2,control,120,recovery,9.21600033,9.21600033,1,1699.83995
2,control,121,recovery,9.21600033,9.21600033,1,1710.08003
2,control,122,recovery,10.2399997,9.21600033,1.11111104,1720.31999
2,control,123,recovery,9.21600033,9.21600033,1,1731.58395
2,control,124,recovery,9.21600033,9.21600033,1,1742.84804
2,control,125,recovery,10.2399997,9.21600033,1.11111104,1753.088
2,control,126,recovery,9.21600033,9.21600033,1,1764.35196
2,control,127,recovery,9.56800021,9.21600033,1.03819443,1774.59204
2,control,128,recovery,25.5999994,9.21600033,2.77777761,1785.85601
2,control,129,recovery,9.21600033,9.21600033,1,1813.50398
2,control,130,recovery,9.21600033,9.21600033,1,1823.74406
2,control,131,recovery,10.2399997,9.21600033,1.11111104,1833.98402
2,control,132,recovery,9.21600033,9.21600033,1,1845.24798
2,control,133,recovery,9.50399972,9.21600033,1.03124993,1855.48794
2,control,134,recovery,9.21600033,9.21600033,1,1866.75203
2,control,135,recovery,9.53599997,9.21600033,1.03472218,1876.99199
2,control,136,recovery,9.21600033,9.21600033,1,1888.25595
2,control,137,recovery,9.44000017,9.21600033,1.02430554,1898.49603
2,control,138,recovery,9.21600033,9.21600033,1,1909.76
2,control,139,recovery,9.21600033,9.21600033,1,1921.02396
2,control,140,recovery,9.21600033,9.21600033,1,1932.28805
2,control,141,recovery,9.21600033,9.21600033,1,1943.55202
2,control,142,recovery,11.2640001,9.21600033,1.22222219,1954.81598
2,control,143,recovery,9.21600033,9.21600033,1,1967.10396
2,control,144,recovery,9.21600033,9.21600033,1,1978.36804
2,control,145,recovery,9.21600033,9.21600033,1,1989.63201
2,control,146,recovery,9.21600033,9.21600033,1,1999.87197
2,control,147,recovery,10.2399997,9.21600033,1.11111104,2010.11205
2,control,148,recovery,9.21600033,9.21600033,1,2021.37589
2,control,149,recovery,9.21600033,9.21600033,1,2032.63998
2,control,150,recovery,9.21600033,9.21600033,1,2042.88006
2,control,151,recovery,9.21600033,9.21600033,1,2054.14391
2,control,152,recovery,9.21600033,9.21600033,1,2064.38398
2,control,153,recovery,9.21600033,9.21600033,1,2075.64807
2,control,154,recovery,9.21600033,9.21600033,1,2085.88791
2,control,155,recovery,9.21600033,9.21600033,1,2097.15199
2,control,156,recovery,9.27999988,9.21600033,1.0069444,2107.39207
2,control,157,recovery,9.21600033,9.21600033,1,2118.65592
2,control,158,recovery,9.47200041,9.21600033,1.02777779,2128.896
2,control,159,recovery,9.21600033,9.21600033,1,2140.16008
2,control,160,recovery,9.50399972,9.21600033,1.03124993,2150.39992
2,control,161,recovery,9.21600033,9.21600033,1,2161.66401
2,control,162,recovery,9.27999988,9.21600033,1.0069444,2171.90409
2,control,163,recovery,9.21600033,9.21600033,1,2183.16793
2,control,164,recovery,9.44000017,9.21600033,1.02430554,2193.40801
2,control,165,recovery,9.21600033,9.21600033,1,2204.6721
2,control,166,recovery,9.21600033,9.21600033,1,2215.93595
2,control,167,recovery,9.24799964,9.21600033,1.00347215,2227.20003
2,control,168,recovery,9.21600033,9.21600033,1,2238.46412
2,control,169,recovery,10.2399997,9.21600033,1.11111104,2248.70396
2,control,170,recovery,9.34400037,9.21600033,1.01388889,2259.96804
2,control,171,recovery,9.21600033,9.21600033,1,2271.23189
2,control,172,recovery,9.21600033,9.21600033,1,2282.49598
2,control,173,recovery,9.31200013,9.21600033,1.01041664,2293.76006
2,control,174,recovery,9.21600033,9.21600033,1,2305.02391
2,control,175,recovery,9.21600033,9.21600033,1,2316.28799
2,control,176,recovery,9.24799964,9.21600033,1.00347215,2326.52807
2,control,177,recovery,9.21600033,9.21600033,1,2337.79192
2,control,178,recovery,9.44000017,9.21600033,1.02430554,2348.032
2,control,179,recovery,9.21600033,9.21600033,1,2359.29608
2,control,180,recovery,9.21600033,9.21600033,1,2370.55993
2,control,181,recovery,9.21600033,9.21600033,1,2380.80001
2,control,182,recovery,9.21600033,9.21600033,1,2392.06409
2,control,183,recovery,10.2399997,9.21600033,1.11111104,2402.30393
2,control,184,recovery,9.21600033,9.21600033,1,2413.56802
2,control,185,recovery,9.21600033,9.21600033,1,2424.83211
2,control,186,recovery,9.21600033,9.21600033,1,2436.09595
2,control,187,recovery,9.21600033,9.21600033,1,2446.33603
2,control,188,recovery,9.21600033,9.21600033,1,2457.60012
2,control,189,recovery,9.24799964,9.21600033,1.00347215,2467.83996
2,control,190,recovery,9.21600033,9.21600033,1,2479.10404
2,control,191,recovery,9.21600033,9.21600033,1,2489.34388
2,control,192,recovery,9.21600033,9.21600033,1,2500.60797
2,control,193,recovery,9.21600033,9.21600033,1,2511.87205
2,control,194,recovery,9.21600033,9.21600033,1,2522.11189
2,control,195,recovery,9.21600033,9.21600033,1,2533.37598
2,control,196,recovery,9.21600033,9.21600033,1,2544.64006
2,control,197,recovery,10.2399997,9.21600033,1.11111104,2554.8799
2,control,198,recovery,9.21600033,9.21600033,1,2566.14399
2,control,199,recovery,9.53599997,9.21600033,1.03472218,2576.38407
3,control,0,recovery,9.27999988,9.47200041,0.979729675,75.7760033
3,control,1,recovery,9.21600033,9.47200041,0.972972965,87.0399997
3,control,2,recovery,9.21600033,9.47200041,0.972972965,97.2800031
3,control,3,recovery,10.2399997,9.47200041,1.08108101,108.543999
3,control,4,recovery,10.2399997,9.47200041,1.08108101,119.808003
3,control,5,recovery,9.21600033,9.47200041,0.972972965,131.072
3,control,6,recovery,10.2399997,9.47200041,1.08108101,142.335996
3,control,7,recovery,9.21600033,9.47200041,0.972972965,153.600007
3,control,8,recovery,10.2399997,9.47200041,1.08108101,163.839996
3,control,9,recovery,9.21600033,9.47200041,0.972972965,175.104007
3,control,10,recovery,9.21600033,9.47200041,0.972972965,186.368003
3,control,11,recovery,9.21600033,9.47200041,0.972972965,196.608007
3,control,12,recovery,9.21600033,9.47200041,0.972972965,207.872003
3,control,13,recovery,9.24799964,9.47200041,0.976351271,218.112007
3,control,14,recovery,9.21600033,9.47200041,0.972972965,229.376003
3,control,15,recovery,9.44000017,9.47200041,0.996621596,239.616007
3,control,16,recovery,9.21600033,9.47200041,0.972972965,250.880003
3,control,17,recovery,9.24799964,9.47200041,0.976351271,261.119992
3,control,18,recovery,9.21600033,9.47200041,0.972972965,272.383988
3,control,19,recovery,11.2640001,9.47200041,1.18918915,282.624006
3,control,20,recovery,9.47200041,9.47200041,1,294.91201
3,control,21,recovery,9.21600033,9.47200041,0.972972965,306.176007
3,control,22,recovery,9.21600033,9.47200041,0.972972965,316.415995
3,control,23,recovery,9.21600033,9.47200041,0.972972965,327.679992
3,control,24,recovery,9.21600033,9.47200041,0.972972965,337.92001
3,control,25,recovery,9.21600033,9.47200041,0.972972965,348.159999
3,control,26,recovery,9.21600033,9.47200041,0.972972965,358.399987
3,control,27,recovery,9.21600033,9.47200041,0.972972965,369.664013
3,control,28,recovery,9.21600033,9.47200041,0.972972965,379.904002
3,control,29,recovery,8.19199998,9.47200041,0.864864825,391.167998
3,control,30,recovery,9.21600033,9.47200041,0.972972965,401.407987
3,control,31,recovery,9.21600033,9.47200041,0.972972965,411.648005
3,control,32,recovery,9.50399972,9.47200041,1.00337831,421.887994
3,control,33,recovery,9.21600033,9.47200041,0.972972965,433.15199
3,control,34,recovery,9.21600033,9.47200041,0.972972965,443.392009
3,control,35,recovery,9.21600033,9.47200041,0.972972965,453.631997
3,control,36,recovery,9.56800021,9.47200041,1.01013511,463.871986
3,control,37,recovery,9.21600033,9.47200041,0.972972965,475.136012
3,control,38,recovery,9.21600033,9.47200041,0.972972965,485.376
3,control,39,recovery,9.50399972,9.47200041,1.00337831,495.615989
3,control,40,recovery,9.21600033,9.47200041,0.972972965,506.879985
3,control,41,recovery,9.21600033,9.47200041,0.972972965,517.120004
3,control,42,recovery,9.21600033,9.47200041,0.972972965,527.360022
3,control,43,recovery,9.21600033,9.47200041,0.972972965,537.599981
3,control,44,recovery,9.21600033,9.47200041,0.972972965,548.864007
3,control,45,recovery,9.21600033,9.47200041,0.972972965,559.104025
3,control,46,recovery,9.21600033,9.47200041,0.972972965,569.343984
3,control,47,recovery,9.21600033,9.47200041,0.972972965,579.584002
3,control,48,recovery,9.21600033,9.47200041,0.972972965,590.848029
3,control,49,recovery,9.21600033,9.47200041,0.972972965,601.087987
3,control,50,recovery,9.21600033,9.47200041,0.972972965,611.328006
3,control,51,recovery,9.40799993,9.47200041,0.993243192,621.568024
3,control,52,recovery,9.21600033,9.47200041,0.972972965,632.831991
3,control,53,recovery,9.21600033,9.47200041,0.972972965,643.072009
3,control,54,recovery,9.40799993,9.47200041,0.993243192,653.312027
3,control,55,recovery,9.21600033,9.47200041,0.972972965,664.575994
3,control,56,recovery,9.21600033,9.47200041,0.972972965,674.816012
3,control,57,recovery,9.21600033,9.47200041,0.972972965,685.055971
3,control,58,recovery,9.21600033,9.47200041,0.972972965,696.319997
3,control,59,recovery,9.21600033,9.47200041,0.972972965,706.560016
3,control,60,recovery,9.21600033,9.47200041,0.972972965,716.799974
3,control,61,recovery,10.2399997,9.47200041,1.08108101,727.039993
3,control,62,recovery,9.21600033,9.47200041,0.972972965,738.304019
3,control,63,recovery,9.34400037,9.47200041,0.986486483,748.543978
3,control,64,recovery,9.21600033,9.47200041,0.972972965,759.808004
3,control,65,recovery,9.21600033,9.47200041,0.972972965,770.048022
3,control,66,recovery,9.21600033,9.47200041,0.972972965,780.287981
3,control,67,recovery,9.21600033,9.47200041,0.972972965,791.552007
3,control,68,recovery,9.21600033,9.47200041,0.972972965,801.792026
3,control,69,recovery,9.47200041,9.47200041,1,812.031984
3,control,70,recovery,9.21600033,9.47200041,0.972972965,823.29601
3,control,71,recovery,9.21600033,9.47200041,0.972972965,834.559977
3,control,72,recovery,9.27999988,9.47200041,0.979729675,844.799995
3,control,73,recovery,9.21600033,9.47200041,0.972972965,856.064022
3,control,74,recovery,9.21600033,9.47200041,0.972972965,866.30398
3,control,75,recovery,9.21600033,9.47200041,0.972972965,876.543999
3,control,76,recovery,9.56800021,9.47200041,1.01013511,887.808025
3,control,77,recovery,9.21600033,9.47200041,0.972972965,899.071991
3,control,78,recovery,10.2399997,9.47200041,1.08108101,909.31201
3,control,79,recovery,9.21600033,9.47200041,0.972972965,920.575976
3,control,80,recovery,9.21600033,9.47200041,0.972972965,931.840003
3,control,81,recovery,9.21600033,9.47200041,0.972972965,942.080021
3,control,82,recovery,9.21600033,9.47200041,0.972972965,952.31998
3,control,83,recovery,9.21600033,9.47200041,0.972972965,963.584006
3,control,84,recovery,9.21600033,9.47200041,0.972972965,973.824024
3,control,85,recovery,9.27999988,9.47200041,0.979729675,984.063983
3,control,86,recovery,9.21600033,9.47200041,0.972972965,995.328009
3,control,87,recovery,9.21600033,9.47200041,0.972972965,1005.56803
3,control,88,recovery,9.21600033,9.47200041,0.972972965,1015.80799
3,control,89,recovery,9.21600033,9.47200041,0.972972965,1026.04795
3,control,90,recovery,9.21600033,9.47200041,0.972972965,1037.31203
3,control,91,recovery,9.21600033,9.47200041,0.972972965,1047.55199
3,control,92,recovery,9.44000017,9.47200041,0.996621596,1057.79195
3,control,93,recovery,9.21600033,9.47200041,0.972972965,1069.05603
3,control,94,recovery,9.21600033,9.47200041,0.972972965,1079.29599
3,control,95,recovery,9.47200041,9.47200041,1,1089.53595
3,control,96,recovery,9.21600033,9.47200041,0.972972965,1100.80004
3,control,97,recovery,9.31200013,9.47200041,0.983108079,1111.04
3,control,98,recovery,8.19199998,9.47200041,0.864864825,1122.30396
3,control,99,recovery,9.21600033,9.47200041,0.972972965,1132.54404
3,control,100,recovery,13.3119998,9.47200041,1.40540533,1142.784
3,control,101,recovery,9.21600033,9.47200041,0.972972965,1157.11999
3,control,102,recovery,9.21600033,9.47200041,0.972972965,1167.35995
3,control,103,recovery,9.21600033,9.47200041,0.972972965,1178.62403
3,control,104,recovery,9.21600033,9.47200041,0.972972965,1188.86399
3,control,105,recovery,9.53599997,9.47200041,1.00675671,1199.10395
3,control,106,recovery,9.21600033,9.47200041,0.972972965,1210.36804
3,control,107,recovery,9.21600033,9.47200041,0.972972965,1220.608
3,control,108,recovery,9.21600033,9.47200041,0.972972965,1230.84795
3,control,109,recovery,9.21600033,9.47200041,0.972972965,1242.11204
3,control,110,recovery,9.21600033,9.47200041,0.972972965,1252.352
3,control,111,recovery,10.2399997,9.47200041,1.08108101,1262.59196
3,control,112,recovery,9.21600033,9.47200041,0.972972965,1273.85604
3,control,113,recovery,9.21600033,9.47200041,0.972972965,1284.096
3,control,114,recovery,9.21600033,9.47200041,0.972972965,1295.35997
3,control,115,recovery,9.21600033,9.47200041,0.972972965,1305.60005
3,control,116,recovery,9.50399972,9.47200041,1.00337831,1315.84001
3,control,117,recovery,9.21600033,9.47200041,0.972972965,1327.10397
3,control,118,recovery,9.34400037,9.47200041,0.986486483,1337.34405
3,control,119,recovery,9.21600033,9.47200041,0.972972965,1348.60802
3,control,120,recovery,9.21600033,9.47200041,0.972972965,1358.84798
3,control,121,recovery,15.3599996,9.47200041,1.62162151,1371.13595
3,control,122,recovery,9.21600033,9.47200041,0.972972965,1388.54396
3,control,123,recovery,9.21600033,9.47200041,0.972972965,1398.78404
3,control,124,recovery,9.21600033,9.47200041,0.972972965,1410.04801
3,control,125,recovery,9.21600033,9.47200041,0.972972965,1420.28797
3,control,126,recovery,9.21600033,9.47200041,0.972972965,1430.52804
3,control,127,recovery,9.56800021,9.47200041,1.01013511,1440.768
3,control,128,recovery,9.21600033,9.47200041,0.972972965,1452.03197
3,control,129,recovery,9.21600033,9.47200041,0.972972965,1462.27205
3,control,130,recovery,9.21600033,9.47200041,0.972972965,1473.53601
3,control,131,recovery,9.21600033,9.47200041,0.972972965,1483.77597
3,control,132,recovery,9.21600033,9.47200041,0.972972965,1494.01605
3,control,133,recovery,9.21600033,9.47200041,0.972972965,1505.28002
3,control,134,recovery,9.21600033,9.47200041,0.972972965,1515.51998
3,control,135,recovery,9.21600033,9.47200041,0.972972965,1525.76005
3,control,136,recovery,9.21600033,9.47200041,0.972972965,1536.00001
3,control,137,recovery,9.21600033,9.47200041,0.972972965,1547.26398
3,control,138,recovery,9.21600033,9.47200041,0.972972965,1557.50406
3,control,139,recovery,9.21600033,9.47200041,0.972972965,1567.74402
3,control,140,recovery,9.21600033,9.47200041,0.972972965,1579.00798
3,control,141,recovery,9.21600033,9.47200041,0.972972965,1589.24794
3,control,142,recovery,9.21600033,9.47200041,0.972972965,1599.48802
3,control,143,recovery,9.21600033,9.47200041,0.972972965,1610.75199
3,control,144,recovery,9.21600033,9.47200041,0.972972965,1620.99195
3,control,145,recovery,10.2399997,9.47200041,1.08108101,1631.23202
3,control,146,recovery,9.21600033,9.47200041,0.972972965,1642.49599
3,control,147,recovery,9.21600033,9.47200041,0.972972965,1652.73595
3,control,148,recovery,9.21600033,9.47200041,0.972972965,1664.00003
3,control,149,recovery,9.21600033,9.47200041,0.972972965,1674.23999
3,control,150,recovery,9.50399972,9.47200041,1.00337831,1684.47995
3,control,151,recovery,9.21600033,9.47200041,0.972972965,1695.74404
3,control,152,recovery,9.24799964,9.47200041,0.976351271,1705.984
3,control,153,recovery,9.21600033,9.47200041,0.972972965,1717.24796
3,control,154,recovery,9.21600033,9.47200041,0.972972965,1727.48804
3,control,155,recovery,9.37599968,9.47200041,0.989864788,1737.728
3,control,156,recovery,9.21600033,9.47200041,0.972972965,1748.99197
3,control,157,recovery,9.21600033,9.47200041,0.972972965,1759.23204
3,control,158,recovery,9.21600033,9.47200041,0.972972965,1769.472
3,control,159,recovery,9.21600033,9.47200041,0.972972965,1780.73597
3,control,160,recovery,9.21600033,9.47200041,0.972972965,1790.97605
3,control,161,recovery,9.21600033,9.47200041,0.972972965,1801.21601
3,control,162,recovery,9.53599997,9.47200041,1.00675671,1811.45597
3,control,163,recovery,9.21600033,9.47200041,0.972972965,1822.72005
3,control,164,recovery,9.21600033,9.47200041,0.972972965,1832.96001
3,control,165,recovery,9.53599997,9.47200041,1.00675671,1843.19997
3,control,166,recovery,9.21600033,9.47200041,0.972972965,1854.46405
3,control,167,recovery,9.21600033,9.47200041,0.972972965,1864.70401
3,control,168,recovery,9.21600033,9.47200041,0.972972965,1874.94397
3,control,169,recovery,9.21600033,9.47200041,0.972972965,1886.20806
3,control,170,recovery,9.21600033,9.47200041,0.972972965,1896.44802
3,control,171,recovery,9.47200041,9.47200041,1,1906.68797
3,control,172,recovery,9.21600033,9.47200041,0.972972965,1917.95194
3,control,173,recovery,9.21600033,9.47200041,0.972972965,1928.19202
3,control,174,recovery,9.21600033,9.47200041,0.972972965,1938.43198
3,control,175,recovery,9.21600033,9.47200041,0.972972965,1949.69594
3,control,176,recovery,9.21600033,9.47200041,0.972972965,1959.93602
3,control,177,recovery,10.2399997,9.47200041,1.08108101,1970.17598
3,control,178,recovery,9.21600033,9.47200041,0.972972965,1981.43995
3,control,179,recovery,9.21600033,9.47200041,0.972972965,1991.68003
3,control,180,recovery,9.21600033,9.47200041,0.972972965,2002.94399
3,control,181,recovery,9.21600033,9.47200041,0.972972965,2013.18407
3,control,182,recovery,9.21600033,9.47200041,0.972972965,2023.42391
3,control,183,recovery,9.21600033,9.47200041,0.972972965,2034.688
3,control,184,recovery,12.2880004,9.47200041,1.29729729,2044.92807
3,control,185,recovery,9.21600033,9.47200041,0.972972965,2058.23994
3,control,186,recovery,9.21600033,9.47200041,0.972972965,2069.50402
3,control,187,recovery,9.21600033,9.47200041,0.972972965,2079.7441
3,control,188,recovery,9.21600033,9.47200041,0.972972965,2091.00795
3,control,189,recovery,9.21600033,9.47200041,0.972972965,2101.24803
3,control,190,recovery,9.40799993,9.47200041,0.993243192,2111.4881
3,control,191,recovery,9.21600033,9.47200041,0.972972965,2122.75195
3,control,192,recovery,9.21600033,9.47200041,0.972972965,2132.99203
3,control,193,recovery,10.2399997,9.47200041,1.08108101,2143.23211
3,control,194,recovery,9.21600033,9.47200041,0.972972965,2154.49595
3,control,195,recovery,9.24799964,9.47200041,0.976351271,2164.73603
3,control,196,recovery,9.21600033,9.47200041,0.972972965,2176.00012
3,control,197,recovery,9.21600033,9.47200041,0.972972965,2186.23996
3,control,198,recovery,9.21600033,9.47200041,0.972972965,2196.48004
3,control,199,recovery,9.21600033,9.47200041,0.972972965,2207.74388
4,control,0,recovery,11.2640001,10.2399997,1.10000004,119.808003
4,control,1,recovery,12.2880004,10.2399997,1.20000007,136.191994
4,control,2,recovery,9.47200041,10.2399997,0.925000064,149.504006
4,control,3,recovery,10.2399997,10.2399997,1,160.768002
4,control,4,recovery,10.2399997,10.2399997,1,172.031999
4,control,5,recovery,13.3119998,10.2399997,1.30000002,185.343996
4,control,6,recovery,12.2880004,10.2399997,1.20000007,205.824003
4,control,7,recovery,11.2640001,10.2399997,1.10000004,221.184
4,control,8,recovery,11.2640001,10.2399997,1.10000004,235.520005
4,control,9,recovery,10.2399997,10.2399997,1,249.855995
4,control,10,recovery,10.2399997,10.2399997,1,263.168007
4,control,11,recovery,9.21600033,10.2399997,0.900000055,275.456011
4,control,12,recovery,10.2399997,10.2399997,1,286.720008
4,control,13,recovery,10.2399997,10.2399997,1,297.984004
4,control,14,recovery,10.2399997,10.2399997,1,309.248
4,control,15,recovery,11.2640001,10.2399997,1.10000004,321.536005
4,control,16,recovery,10.2399997,10.2399997,1,334.847987
4,control,17,recovery,10.2399997,10.2399997,1,347.135991
4,control,18,recovery,11.2640001,10.2399997,1.10000004,361.472011
4,control,19,recovery,10.2399997,10.2399997,1,374.783993
4,control,20,recovery,10.2399997,10.2399997,1,387.071997
4,control,21,recovery,9.21600033,10.2399997,0.900000055,399.360001
4,control,22,recovery,10.2399997,10.2399997,1,409.59999
4,control,23,recovery,9.53599997,10.2399997,0.93125002,420.863986
4,control,24,recovery,9.21600033,10.2399997,0.900000055,433.15199
4,control,25,recovery,10.2399997,10.2399997,1,444.415987
4,control,26,recovery,10.2399997,10.2399997,1,456.703991
4,control,27,recovery,11.2640001,10.2399997,1.10000004,470.016003
4,control,28,recovery,10.2399997,10.2399997,1,483.328015
4,control,29,recovery,10.2399997,10.2399997,1,495.615989
4,control,30,recovery,9.21600033,10.2399997,0.900000055,508.928001
4,control,31,recovery,10.2399997,10.2399997,1,519.168019
4,control,32,recovery,9.21600033,10.2399997,0.900000055,530.431986
4,control,33,recovery,10.2399997,10.2399997,1,540.672004
4,control,34,recovery,10.2399997,10.2399997,1,552.959979
4,control,35,recovery,11.2640001,10.2399997,1.10000004,565.248013
4,control,36,recovery,10.2399997,10.2399997,1,578.559995
4,control,37,recovery,10.2399997,10.2399997,1,591.871977
4,control,38,recovery,10.2399997,10.2399997,1,604.160011
4,control,39,recovery,10.2399997,10.2399997,1,617.471993
4,control,40,recovery,9.21600033,10.2399997,0.900000055,630.783975
4,control,41,recovery,9.21600033,10.2399997,0.900000055,642.048001
4,control,42,recovery,10.2399997,10.2399997,1,652.28802
4,control,43,recovery,12.2880004,10.2399997,1.20000007,663.551986
4,control,44,recovery,10.2399997,10.2399997,1,677.887976
4,control,45,recovery,10.2399997,10.2399997,1,690.17601
4,control,46,recovery,10.2399997,10.2399997,1,702.463984
4,control,47,recovery,11.2640001,10.2399997,1.10000004,714.752018
4,control,48,recovery,10.2399997,10.2399997,1,728.064001
4,control,49,recovery,11.2640001,10.2399997,1.10000004,740.351975
4,control,50,recovery,9.21600033,10.2399997,0.900000055,752.640009
4,control,51,recovery,9.21600033,10.2399997,0.900000055,763.903975
4,control,52,recovery,11.2640001,10.2399997,1.10000004,774.143994
4,control,53,recovery,10.2399997,10.2399997,1,788.479984
4,control,54,recovery,11.2640001,10.2399997,1.10000004,802.815974
4,control,55,recovery,11.2640001,10.2399997,1.10000004,816.128016
4,control,56,recovery,9.21600033,10.2399997,0.900000055,830.464005
4,control,57,recovery,9.21600033,10.2399997,0.900000055,841.727972
4,control,58,recovery,9.21600033,10.2399997,0.900000055,851.96799
4,control,59,recovery,9.21600033,10.2399997,0.900000055,863.232017
4,control,60,recovery,10.2399997,10.2399997,1,873.471975
4,control,61,recovery,9.21600033,10.2399997,0.900000055,884.736001
4,control,62,recovery,9.21600033,10.2399997,0.900000055,896.000028
4,control,63,recovery,9.21600033,10.2399997,0.900000055,906.239986
4,control,64,recovery,9.21600033,10.2399997,0.900000055,917.504013
4,control,65,recovery,9.60000046,10.2399997,0.937500068,927.743971
4,control,66,recovery,9.21600033,10.2399997,0.900000055,939.007998
4,control,67,recovery,9.50399972,10.2399997,0.928124997,949.248016
4,control,68,recovery,9.21600033,10.2399997,0.900000055,960.511982
4,control,69,recovery,9.37599968,10.2399997,0.915624992,970.752001
4,control,70,recovery,9.21600033,10.2399997,0.900000055,982.016027
4,control,71,recovery,9.21600033,10.2399997,0.900000055,992.255986
4,control,72,recovery,9.21600033,10.2399997,0.900000055,1003.52001
4,control,73,recovery,9.21600033,10.2399997,0.900000055,1013.75997
4,control,74,recovery,9.40799993,10.2399997,0.918750016,1024.00005
4,control,75,recovery,9.21600033,10.2399997,0.900000055,1035.26402
4,control,76,recovery,9.31200013,10.2399997,0.909375035,1045.50397
4,control,77,recovery,9.21600033,10.2399997,0.900000055,1056.76794
4,control,78,recovery,9.34400037,10.2399997,0.912500059,1067.00802
4,control,79,recovery,9.21600033,10.2399997,0.900000055,1078.27199
4,control,80,recovery,9.37599968,10.2399997,0.915624992,1088.51194
4,control,81,recovery,9.21600033,10.2399997,0.900000055,1099.77603
4,control,82,recovery,10.2399997,10.2399997,1,1110.01599
4,control,83,recovery,9.21600033,10.2399997,0.900000055,1121.27995
4,control,84,recovery,9.21600033,10.2399997,0.900000055,1131.52003
4,control,85,recovery,9.21600033,10.2399997,0.900000055,1142.784
4,control,86,recovery,10.2399997,10.2399997,1,1153.02396
4,control,87,recovery,9.21600033,10.2399997,0.900000055,1164.28804
4,control,88,recovery,9.21600033,10.2399997,0.900000055,1175.55201
4,control,89,recovery,9.21600033,10.2399997,0.900000055,1185.79197
4,control,90,recovery,9.53599997,10.2399997,0.93125002,1196.03205
4,control,91,recovery,9.21600033,10.2399997,0.900000055,1207.29601
4,control,92,recovery,9.21600033,10.2399997,0.900000055,1217.53597
4,control,93,recovery,9.21600033,10.2399997,0.900000055,1228.80006
4,control,94,recovery,9.21600033,10.2399997,0.900000055,1239.04002
4,control,95,recovery,9.21600033,10.2399997,0.900000055,1250.30398
4,control,96,recovery,9.44000017,10.2399997,0.92187504,1260.54394
4,control,97,recovery,9.21600033,10.2399997,0.900000055,1271.80803
4,control,98,recovery,9.31200013,10.2399997,0.909375035,1282.04799
4,control,99,recovery,9.21600033,10.2399997,0.900000055,1293.31195
4,control,100,recovery,9.21600033,10.2399997,0.900000055,1303.55203
4,control,101,recovery,9.21600033,10.2399997,0.900000055,1314.816
4,control,102,recovery,9.21600033,10.2399997,0.900000055,1325.05596
4,control,103,recovery,9.34400037,10.2399997,0.912500059,1335.29603
4,control,104,recovery,9.21600033,10.2399997,0.900000055,1346.56
4,control,105,recovery,10.2399997,10.2399997,1,1356.79996
4,control,106,recovery,9.21600033,10.2399997,0.900000055,1368.06405
4,control,107,recovery,10.2399997,10.2399997,1,1378.304
4,control,108,recovery,9.21600033,10.2399997,0.900000055,1389.56797
4,control,109,recovery,9.47200041,10.2399997,0.925000064,1399.80805
4,control,110,recovery,9.21600033,10.2399997,0.900000055,1411.07202
4,control,111,recovery,9.50399972,10.2399997,0.928124997,1421.31197
4,control,112,recovery,9.21600033,10.2399997,0.900000055,1432.57594
4,control,113,recovery,9.21600033,10.2399997,0.900000055,1443.84003
4,control,114,recovery,9.21600033,10.2399997,0.900000055,1455.10399
4,control,115,recovery,9.24799964,10.2399997,0.903124987,1465.34395
4,control,116,recovery,9.21600033,10.2399997,0.900000055,1476.60804
4,control,117,recovery,9.27999988,10.2399997,0.906250011,1486.848
4,control,118,recovery,9.21600033,10.2399997,0.900000055,1498.11196
4,control,119,recovery,9.21600033,10.2399997,0.900000055,1508.35204
4,control,120,recovery,9.21600033,10.2399997,0.900000055,1519.61601
4,control,121,recovery,9.21600033,10.2399997,0.900000055,1530.87997
4,control,122,recovery,9.44000017,10.2399997,0.92187504,1541.12005
4,control,123,recovery,9.21600033,10.2399997,0.900000055,1552.38402
4,control,124,recovery,9.21600033,10.2399997,0.900000055,1562.62398
4,control,125,recovery,9.21600033,10.2399997,0.900000055,1573.88794
4,control,126,recovery,9.21600033,10.2399997,0.900000055,1584.12802
4,control,127,recovery,9.21600033,10.2399997,0.900000055,1595.39199
4,control,128,recovery,9.37599968,10.2399997,0.915624992,1605.63195
4,control,129,recovery,9.21600033,10.2399997,0.900000055,1616.89603
4,control,130,recovery,9.21600033,10.2399997,0.900000055,1627.13599
4,control,131,recovery,9.21600033,10.2399997,0.900000055,1638.39996
4,control,132,recovery,9.21600033,10.2399997,0.900000055,1649.66404
4,control,133,recovery,9.21600033,10.2399997,0.900000055,1659.904
4,control,134,recovery,9.21600033,10.2399997,0.900000055,1671.16797
4,control,135,recovery,9.21600033,10.2399997,0.900000055,1681.40805
4,control,136,recovery,9.21600033,10.2399997,0.900000055,1692.67201
4,control,137,recovery,9.27999988,10.2399997,0.906250011,1702.91197
4,control,138,recovery,9.21600033,10.2399997,0.900000055,1714.17606
4,control,139,recovery,9.44000017,10.2399997,0.92187504,1724.41602
4,control,140,recovery,9.21600033,10.2399997,0.900000055,1735.67998
4,control,141,recovery,9.47200041,10.2399997,0.925000064,1745.91994
4,control,142,recovery,9.21600033,10.2399997,0.900000055,1757.18403
4,control,143,recovery,9.21600033,10.2399997,0.900000055,1768.448
4,control,144,recovery,9.21600033,10.2399997,0.900000055,1778.68795
4,control,145,recovery,10.2399997,10.2399997,1,1788.92803
4,control,146,recovery,9.37599968,10.2399997,0.915624992,1800.192
4,control,147,recovery,9.21600033,10.2399997,0.900000055,1811.45597
4,control,148,recovery,9.21600033,10.2399997,0.900000055,1821.69604
4,control,149,recovery,9.21600033,10.2399997,0.900000055,1832.96001
4,control,150,recovery,9.21600033,10.2399997,0.900000055,1843.19997
4,control,151,recovery,9.21600033,10.2399997,0.900000055,1854.46405
4,control,152,recovery,9.21600033,10.2399997,0.900000055,1864.70401
4,control,153,recovery,10.2399997,10.2399997,1,1874.94397
4,control,154,recovery,9.21600033,10.2399997,0.900000055,1886.20806
4,control,155,recovery,9.21600033,10.2399997,0.900000055,1897.47202
4,control,156,recovery,9.21600033,10.2399997,0.900000055,1907.71198
4,control,157,recovery,9.21600033,10.2399997,0.900000055,1918.97595
4,control,158,recovery,9.40799993,10.2399997,0.918750016,1929.21603
4,control,159,recovery,9.21600033,10.2399997,0.900000055,1940.47999
4,control,160,recovery,9.44000017,10.2399997,0.92187504,1950.71995
4,control,161,recovery,9.21600033,10.2399997,0.900000055,1961.98404
4,control,162,recovery,9.21600033,10.2399997,0.900000055,1972.224
4,control,163,recovery,9.21600033,10.2399997,0.900000055,1983.48796
4,control,164,recovery,9.21600033,10.2399997,0.900000055,1993.72804
4,control,165,recovery,9.21600033,10.2399997,0.900000055,2004.99201
4,control,166,recovery,9.21600033,10.2399997,0.900000055,2015.23209
4,control,167,recovery,9.21600033,10.2399997,0.900000055,2026.49593
4,control,168,recovery,9.21600033,10.2399997,0.900000055,2037.76002
4,control,169,recovery,9.21600033,10.2399997,0.900000055,2048.0001
4,control,170,recovery,9.21600033,10.2399997,0.900000055,2059.26394
4,control,171,recovery,9.34400037,10.2399997,0.912500059,2069.50402
4,control,172,recovery,9.21600033,10.2399997,0.900000055,2080.76811
4,control,173,recovery,9.21600033,10.2399997,0.900000055,2091.00795
4,control,174,recovery,9.21600033,10.2399997,0.900000055,2101.24803
4,control,175,recovery,9.21600033,10.2399997,0.900000055,2112.51211
4,control,176,recovery,9.21600033,10.2399997,0.900000055,2122.75195
4,control,177,recovery,9.21600033,10.2399997,0.900000055,2134.01604
4,control,178,recovery,9.21600033,10.2399997,0.900000055,2144.25611
4,control,179,recovery,10.2399997,10.2399997,1,2154.49595
4,control,180,recovery,9.21600033,10.2399997,0.900000055,2165.76004
4,control,181,recovery,9.34400037,10.2399997,0.912500059,2176.00012
4,control,182,recovery,9.21600033,10.2399997,0.900000055,2187.26397
4,control,183,recovery,9.21600033,10.2399997,0.900000055,2197.50404
4,control,184,recovery,9.21600033,10.2399997,0.900000055,2208.76789
4,control,185,recovery,9.21600033,10.2399997,0.900000055,2220.03198
4,control,186,recovery,10.2399997,10.2399997,1,2230.27205
4,control,187,recovery,9.40799993,10.2399997,0.918750016,2241.5359
4,control,188,recovery,9.21600033,10.2399997,0.900000055,2252.79999
4,control,189,recovery,9.44000017,10.2399997,0.92187504,2263.04007
4,control,190,recovery,9.21600033,10.2399997,0.900000055,2274.30391
4,control,191,recovery,9.21600033,10.2399997,0.900000055,2284.54399
4,control,192,recovery,9.21600033,10.2399997,0.900000055,2295.80808
4,control,193,recovery,9.21600033,10.2399997,0.900000055,2306.04792
4,control,194,recovery,9.21600033,10.2399997,0.900000055,2316.28799
4,control,195,recovery,9.21600033,10.2399997,0.900000055,2327.55208
4,control,196,recovery,10.2399997,10.2399997,1,2337.79192
4,control,197,recovery,9.21600033,10.2399997,0.900000055,2349.05601
4,control,198,recovery,9.21600033,10.2399997,0.900000055,2360.32009
4,control,199,recovery,9.21600033,10.2399997,0.900000055,2370.55993
5,interference,0,recovery,11.2640001,11.2640001,1,4.09599999
5,interference,1,recovery,9.31200013,11.2640001,0.82670455,17.4080003
5,interference,2,recovery,10.2399997,11.2640001,0.909090879,29.6960007
5,interference,3,recovery,10.2399997,11.2640001,0.909090879,40.959999
5,interference,4,recovery,9.21600033,11.2640001,0.818181841,53.2479994
5,interference,5,recovery,10.2399997,11.2640001,0.909090879,64.5119995
5,interference,6,recovery,10.2399997,11.2640001,0.909090879,76.8000036
5,interference,7,recovery,11.2640001,11.2640001,1,89.0880004
5,interference,8,recovery,10.2399997,11.2640001,0.909090879,103.423998
5,interference,9,recovery,11.2640001,11.2640001,1,116.736002
5,interference,10,recovery,11.2640001,11.2640001,1,133.12
5,interference,11,recovery,9.24799964,11.2640001,0.821022689,146.431997
5,interference,12,recovery,9.21600033,11.2640001,0.818181841,157.695994
5,interference,13,recovery,10.2399997,11.2640001,0.909090879,167.935997
5,interference,14,recovery,10.2399997,11.2640001,0.909090879,180.224001
5,interference,15,recovery,11.2640001,11.2640001,1,192.512006
5,interference,16,recovery,11.2640001,11.2640001,1,205.824003
5,interference,17,recovery,10.2399997,11.2640001,0.909090879,219.136
5,interference,18,recovery,11.2640001,11.2640001,1,231.424004
5,interference,19,recovery,11.2640001,11.2640001,1,244.736001
5,interference,20,recovery,9.21600033,11.2640001,0.818181841,258.047998
5,interference,21,recovery,9.21600033,11.2640001,0.818181841,269.311994
5,interference,22,recovery,13.3119998,11.2640001,1.18181816,279.552013
5,interference,23,recovery,16.384,11.2640001,1.45454544,297.984004
5,interference,24,recovery,10.2399997,11.2640001,0.909090879,318.464011
5,interference,25,recovery,10.2399997,11.2640001,0.909090879,331.775993
5,interference,26,recovery,11.2640001,11.2640001,1,345.088005
5,interference,27,recovery,11.2640001,11.2640001,1,363.519996
5,interference,28,recovery,10.2399997,11.2640001,0.909090879,375.808001
5,interference,29,recovery,9.24799964,11.2640001,0.821022689,387.071997
5,interference,30,recovery,9.21600033,11.2640001,0.818181841,398.335993
5,interference,31,recovery,10.2399997,11.2640001,0.909090879,410.623997
5,interference,32,recovery,10.2399997,11.2640001,0.909090879,422.912002
5,interference,33,recovery,11.2640001,11.2640001,1,436.224014
5,interference,34,recovery,12.2880004,11.2640001,1.09090912,450.560004
5,interference,35,recovery,11.2640001,11.2640001,1,465.920001
5,interference,36,recovery,9.27999988,11.2640001,0.823863619,479.232013
5,interference,37,recovery,9.21600033,11.2640001,0.818181841,490.49601
5,interference,38,recovery,10.2399997,11.2640001,0.909090879,500.735998
5,interference,39,recovery,11.2640001,11.2640001,1,513.023973
5,interference,40,recovery,10.2399997,11.2640001,0.909090879,526.336014
5,interference,41,recovery,11.2640001,11.2640001,1,539.647996
5,interference,42,recovery,10.2399997,11.2640001,0.909090879,552.959979
5,interference,43,recovery,10.2399997,11.2640001,0.909090879,565.248013
5,interference,44,recovery,10.2399997,11.2640001,0.909090879,577.535987
5,interference,45,recovery,9.21600033,11.2640001,0.818181841,589.824021
5,interference,46,recovery,9.37599968,11.2640001,0.832386329,601.087987
5,interference,47,recovery,10.2399997,11.2640001,0.909090879,612.352014
5,interference,48,recovery,10.2399997,11.2640001,0.909090879,625.663996
5,interference,49,recovery,10.2399997,11.2640001,0.909090879,637.95203
5,interference,50,recovery,10.2399997,11.2640001,0.909090879,650.240004
5,interference,51,recovery,11.2640001,11.2640001,1,662.527978
5,interference,52,recovery,12.2880004,11.2640001,1.09090912,678.911984
5,interference,53,recovery,10.2399997,11.2640001,0.909090879,694.271982
5,interference,54,recovery,9.21600033,11.2640001,0.818181841,707.584023
5,interference,55,recovery,21.5039998,11.2640001,1.90909088,717.823982
5,interference,56,recovery,10.2399997,11.2640001,0.909090879,740.351975
5,interference,57,recovery,10.2399997,11.2640001,0.909090879,752.640009
5,interference,58,recovery,13.3119998,11.2640001,1.18181816,766.975999
5,interference,59,recovery,15.3599996,11.2640001,1.36363632,783.360004
5,interference,60,recovery,12.2880004,11.2640001,1.09090912,802.815974
5,interference,61,recovery,12.2880004,11.2640001,1.09090912,820.223987
5,interference,62,recovery,9.21600033,11.2640001,0.818181841,833.536029
5,interference,63,recovery,9.21600033,11.2640001,0.818181841,845.824003
5,interference,64,recovery,9.21600033,11.2640001,0.818181841,857.088029
5,interference,65,recovery,13.3119998,11.2640001,1.18181816,872.448027
5,interference,66,recovery,14.3360002,11.2640001,1.27272728,892.928004
5,interference,67,recovery,17.4080003,11.2640001,1.54545456,913.407981
5,interference,68,recovery,12.2880004,11.2640001,1.09090912,935.935974
5,interference,69,recovery,10.2399997,11.2640001,0.909090879,952.31998
5,interference,70,recovery,9.21600033,11.2640001,0.818181841,965.632021
5,interference,71,recovery,13.3119998,11.2640001,1.18181816,976.895988
5,interference,72,recovery,13.3119998,11.2640001,1.18181816,996.352017
5,interference,73,recovery,13.3119998,11.2640001,1.18181816,1016.83199
5,interference,74,recovery,12.2880004,11.2640001,1.09090912,1034.24001
5,interference,75,recovery,13.3119998,11.2640001,1.18181816,1050.62401
5,interference,76,recovery,11.2640001,11.2640001,1,1070.08004
5,interference,77,recovery,9.21600033,11.2640001,0.818181841,1085.44004
5,interference,78,recovery,10.2399997,11.2640001,0.909090879,1095.68
5,interference,79,recovery,13.3119998,11.2640001,1.18181816,1107.96797
5,interference,80,recovery,11.2640001,11.2640001,1,1123.32797
5,interference,81,recovery,13.3119998,11.2640001,1.18181816,1138.68797
5,interference,82,recovery,9.21600033,11.2640001,0.818181841,1179.64804
5,interference,83,recovery,10.2399997,11.2640001,0.909090879,1191.93602
5,interference,84,recovery,10.2399997,11.2640001,0.909090879,1204.22399
5,interference,85,recovery,10.2399997,11.2640001,0.909090879,1215.48796
5,interference,86,recovery,10.2399997,11.2640001,0.909090879,1226.75204
5,interference,87,recovery,11.2640001,11.2640001,1,1238.01601
5,interference,88,recovery,10.2399997,11.2640001,0.909090879,1252.352
5,interference,89,recovery,11.2640001,11.2640001,1,1264.63997
5,interference,90,recovery,12.2880004,11.2640001,1.09090912,1278.97596
5,interference,91,recovery,11.2640001,11.2640001,1,1296.38398
5,interference,92,recovery,11.2640001,11.2640001,1,1311.74397
5,interference,93,recovery,10.2399997,11.2640001,0.909090879,1330.176
5,interference,94,recovery,9.50399972,11.2640001,0.843749969,1341.43996
5,interference,95,recovery,10.2399997,11.2640001,0.909090879,1352.70405
5,interference,96,recovery,10.2399997,11.2640001,0.909090879,1364.99202
5,interference,97,recovery,10.2399997,11.2640001,0.909090879,1378.304
5,interference,98,recovery,11.2640001,11.2640001,1,1390.59198
5,interference,99,recovery,11.2640001,11.2640001,1,1404.92797
5,interference,100,recovery,10.2399997,11.2640001,0.909090879,1420.28797
5,interference,101,recovery,9.21600033,11.2640001,0.818181841,1431.55205
5,interference,102,recovery,9.21600033,11.2640001,0.818181841,1442.81602
5,interference,103,recovery,9.27999988,11.2640001,0.823863619,1453.05598
5,interference,104,recovery,9.21600033,11.2640001,0.818181841,1464.31994
5,interference,105,recovery,9.31200013,11.2640001,0.82670455,1474.56002
5,interference,106,recovery,9.21600033,11.2640001,0.818181841,1485.82399
5,interference,107,recovery,9.34400037,11.2640001,0.829545481,1496.06395
5,interference,108,recovery,9.21600033,11.2640001,0.818181841,1507.32803
5,interference,109,recovery,9.21600033,11.2640001,0.818181841,1517.56799
5,interference,110,recovery,9.21600033,11.2640001,0.818181841,1528.83196
5,interference,111,recovery,9.21600033,11.2640001,0.818181841,1539.07204
5,interference,112,recovery,9.34400037,11.2640001,0.829545481,1549.312
5,interference,113,recovery,9.21600033,11.2640001,0.818181841,1560.57596
5,interference,114,recovery,9.21600033,11.2640001,0.818181841,1570.81604
5,interference,115,recovery,9.34400037,11.2640001,0.829545481,1581.056
5,interference,116,recovery,9.21600033,11.2640001,0.818181841,1592.31997
5,interference,117,recovery,9.21600033,11.2640001,0.818181841,1602.56004
5,interference,118,recovery,10.2399997,11.2640001,0.909090879,1612.8
5,interference,119,recovery,9.40799993,11.2640001,0.83522726,1624.06397
5,interference,120,recovery,9.21600033,11.2640001,0.818181841,1635.32805
5,interference,121,recovery,9.21600033,11.2640001,0.818181841,1645.56801
5,interference,122,recovery,9.21600033,11.2640001,0.818181841,1656.83198
5,interference,123,recovery,9.31200013,11.2640001,0.82670455,1667.07206
5,interference,124,recovery,9.21600033,11.2640001,0.818181841,1678.33602
5,interference,125,recovery,9.21600033,11.2640001,0.818181841,1688.57598
5,interference,126,recovery,9.21600033,11.2640001,0.818181841,1699.83995
5,interference,127,recovery,9.21600033,11.2640001,0.818181841,1710.08003
5,interference,128,recovery,9.21600033,11.2640001,0.818181841,1721.34399
5,interference,129,recovery,9.21600033,11.2640001,0.818181841,1731.58395
5,interference,130,recovery,10.2399997,11.2640001,0.909090879,1741.82403
5,interference,131,recovery,9.21600033,11.2640001,0.818181841,1753.088
5,interference,132,recovery,9.56800021,11.2640001,0.84943183,1763.32796
5,interference,133,recovery,9.21600033,11.2640001,0.818181841,1774.59204
5,interference,134,recovery,9.21600033,11.2640001,0.818181841,1784.832
5,interference,135,recovery,9.21600033,11.2640001,0.818181841,1796.09597
5,interference,136,recovery,9.50399972,11.2640001,0.843749969,1806.33605
5,interference,137,recovery,9.21600033,11.2640001,0.818181841,1817.60001
5,interference,138,recovery,9.24799964,11.2640001,0.821022689,1827.83997
5,interference,139,recovery,9.21600033,11.2640001,0.818181841,1839.10406
5,interference,140,recovery,9.21600033,11.2640001,0.818181841,1849.34402
5,interference,141,recovery,9.21600033,11.2640001,0.818181841,1860.60798
5,interference,142,recovery,9.21600033,11.2640001,0.818181841,1870.84794
5,interference,143,recovery,9.21600033,11.2640001,0.818181841,1881.08802
5,interference,144,recovery,9.21600033,11.2640001,0.818181841,1892.35198
5,interference,145,recovery,9.27999988,11.2640001,0.823863619,1902.59194
5,interference,146,recovery,9.21600033,11.2640001,0.818181841,1913.85603
5,interference,147,recovery,9.21600033,11.2640001,0.818181841,1924.09599
5,interference,148,recovery,9.21600033,11.2640001,0.818181841,1934.33595
5,interference,149,recovery,9.21600033,11.2640001,0.818181841,1945.60003
5,interference,150,recovery,9.24799964,11.2640001,0.821022689,1955.83999
5,interference,151,recovery,9.21600033,11.2640001,0.818181841,1967.10396
5,interference,152,recovery,9.21600033,11.2640001,0.818181841,1977.34404
5,interference,153,recovery,9.21600033,11.2640001,0.818181841,1987.58399
5,interference,154,recovery,9.21600033,11.2640001,0.818181841,1998.84796
5,interference,155,recovery,9.37599968,11.2640001,0.832386329,2009.08804
5,interference,156,recovery,9.21600033,11.2640001,0.818181841,2020.35189
5,interference,157,recovery,9.53599997,11.2640001,0.8465909,2030.59196
5,interference,158,recovery,9.21600033,11.2640001,0.818181841,2041.85605
5,interference,159,recovery,9.44000017,11.2640001,0.83806819,2052.09589
5,interference,160,recovery,9.21600033,11.2640001,0.818181841,2063.35998
5,interference,161,recovery,9.31200013,11.2640001,0.82670455,2073.60005
5,interference,162,recovery,9.21600033,11.2640001,0.818181841,2084.8639
5,interference,163,recovery,9.21600033,11.2640001,0.818181841,2095.10398
5,interference,164,recovery,9.21600033,11.2640001,0.818181841,2105.34406
5,interference,165,recovery,9.21600033,11.2640001,0.818181841,2116.6079
5,interference,166,recovery,9.21600033,11.2640001,0.818181841,2126.84798
5,interference,167,recovery,9.21600033,11.2640001,0.818181841,2138.11207
5,interference,168,recovery,28.6720004,11.2640001,2.54545456,2148.35191
5,interference,169,recovery,9.21600033,11.2640001,0.818181841,2178.0479
5,interference,170,recovery,9.21600033,11.2640001,0.818181841,2188.28797
5,interference,171,recovery,9.21600033,11.2640001,0.818181841,2199.55206
5,interference,172,recovery,9.31200013,11.2640001,0.82670455,2209.7919
5,interference,173,recovery,9.21600033,11.2640001,0.818181841,2221.05598
5,interference,174,recovery,9.21600033,11.2640001,0.818181841,2231.29606
5,interference,175,recovery,9.21600033,11.2640001,0.818181841,2242.55991
5,interference,176,recovery,9.53599997,11.2640001,0.8465909,2252.79999
5,interference,177,recovery,9.21600033,11.2640001,0.818181841,2264.06407
5,interference,178,recovery,9.40799993,11.2640001,0.83522726,2274.30391
5,interference,179,recovery,9.21600033,11.2640001,0.818181841,2285.568
5,interference,180,recovery,9.21600033,11.2640001,0.818181841,2295.80808
5,interference,181,recovery,9.21600033,11.2640001,0.818181841,2307.07192
5,interference,182,recovery,12.2880004,11.2640001,1.09090912,2317.312
5,interference,183,recovery,9.21600033,11.2640001,0.818181841,2330.6241
5,interference,184,recovery,9.21600033,11.2640001,0.818181841,2341.88795
5,interference,185,recovery,9.37599968,11.2640001,0.832386329,2352.12803
5,interference,186,recovery,9.21600033,11.2640001,0.818181841,2363.39211
5,interference,187,recovery,9.21600033,11.2640001,0.818181841,2373.63195
5,interference,188,recovery,9.21600033,11.2640001,0.818181841,2384.89604
5,interference,189,recovery,10.2399997,11.2640001,0.909090879,2395.13612
5,interference,190,recovery,9.21600033,11.2640001,0.818181841,2406.39997
5,interference,191,recovery,10.2399997,11.2640001,0.909090879,2416.64004
5,interference,192,recovery,9.37599968,11.2640001,0.832386329,2427.90389
5,interference,193,recovery,9.21600033,11.2640001,0.818181841,2439.16798
5,interference,194,recovery,9.37599968,11.2640001,0.832386329,2449.40805
5,interference,195,recovery,9.21600033,11.2640001,0.818181841,2460.6719
5,interference,196,recovery,9.21600033,11.2640001,0.818181841,2470.91198
5,interference,197,recovery,9.21600033,11.2640001,0.818181841,2482.17607
5,interference,198,recovery,9.21600033,11.2640001,0.818181841,2492.4159
5,interference,199,recovery,9.21600033,11.2640001,0.818181841,2503.67999
6,interference,0,recovery,10.2399997,11.2640001,0.909090879,3.07200011
6,interference,1,recovery,10.2399997,11.2640001,0.909090879,14.3360002
6,interference,2,recovery,11.2640001,11.2640001,1,25.5999994
6,interference,3,recovery,14.3360002,11.2640001,1.27272728,43.0079997
6,interference,4,recovery,14.3360002,11.2640001,1.27272728,61.4399984
6,interference,5,recovery,15.3599996,11.2640001,1.36363632,83.9679986
6,interference,6,recovery,14.3360002,11.2640001,1.27272728,105.471998
6,interference,7,recovery,12.2880004,11.2640001,1.09090912,126.975998
6,interference,8,recovery,10.2399997,11.2640001,0.909090879,141.312003
6,interference,9,recovery,10.2399997,11.2640001,0.909090879,152.575999
6,interference,10,recovery,10.2399997,11.2640001,0.909090879,163.839996
6,interference,11,recovery,15.3599996,11.2640001,1.36363632,180.224001
6,interference,12,recovery,13.3119998,11.2640001,1.18181816,197.632
6,interference,13,recovery,15.3599996,11.2640001,1.36363632,217.087999
6,interference,14,recovery,13.3119998,11.2640001,1.18181816,239.616007
6,interference,15,recovery,11.2640001,11.2640001,1,257.02399
6,interference,16,recovery,9.21600033,11.2640001,0.818181841,270.336002
6,interference,17,recovery,9.21600033,11.2640001,0.818181841,281.599998
6,interference,18,recovery,10.2399997,11.2640001,0.909090879,291.839987
6,interference,19,recovery,12.2880004,11.2640001,1.09090912,306.176007
6,interference,20,recovery,12.2880004,11.2640001,1.09090912,322.560012
6,interference,21,recovery,11.2640001,11.2640001,1,337.92001
6,interference,22,recovery,12.2880004,11.2640001,1.09090912,352.256
6,interference,23,recovery,12.2880004,11.2640001,1.09090912,368.640006
6,interference,24,recovery,9.21600033,11.2640001,0.818181841,382.975996
6,interference,25,recovery,9.21600033,11.2640001,0.818181841,394.239992
6,interference,26,recovery,10.2399997,11.2640001,0.909090879,405.503988
6,interference,27,recovery,11.2640001,11.2640001,1,417.791992
6,interference,28,recovery,13.3119998,11.2640001,1.18181816,432.128012
6,interference,29,recovery,10.2399997,11.2640001,0.909090879,451.584011
6,interference,30,recovery,11.2640001,11.2640001,1,463.871986
6,interference,31,recovery,10.2399997,11.2640001,0.909090879,479.232013
6,interference,32,recovery,11.2640001,11.2640001,1,491.519988
6,interference,33,recovery,10.2399997,11.2640001,0.909090879,505.855978
6,interference,34,recovery,9.21600033,11.2640001,0.818181841,517.120004
6,interference,35,recovery,11.2640001,11.2640001,1,527.360022
6,interference,36,recovery,11.2640001,11.2640001,1,541.696012
6,interference,37,recovery,11.2640001,11.2640001,1,556.032002
6,interference,38,recovery,13.3119998,11.2640001,1.18181816,571.392
6,interference,39,recovery,13.3119998,11.2640001,1.18181816,588.800013
6,interference,40,recovery,14.3360002,11.2640001,1.27272728,607.231975
6,interference,41,recovery,11.2640001,11.2640001,1,624.639988
6,interference,42,recovery,9.21600033,11.2640001,0.818181841,636.928022
6,interference,43,recovery,10.2399997,11.2640001,0.909090879,648.191988
6,interference,44,recovery,10.2399997,11.2640001,0.909090879,660.480022
6,interference,45,recovery,14.3360002,11.2640001,1.27272728,674.816012
6,interference,46,recovery,11.2640001,11.2640001,1,693.247974
6,interference,47,recovery,11.2640001,11.2640001,1,707.584023
6,interference,48,recovery,12.2880004,11.2640001,1.09090912,722.944021
6,interference,49,recovery,11.2640001,11.2640001,1,741.375983
6,interference,50,recovery,9.21600033,11.2640001,0.818181841,753.664017
6,interference,51,recovery,10.2399997,11.2640001,0.909090879,764.927983
6,interference,52,recovery,10.2399997,11.2640001,0.909090879,776.192009
6,interference,53,recovery,11.2640001,11.2640001,1,789.503992
6,interference,54,recovery,13.3119998,11.2640001,1.18181816,806.912005
6,interference,55,recovery,16.384,11.2640001,1.45454544,827.391982
6,interference,56,recovery,12.2880004,11.2640001,1.09090912,848.896027
6,interference,57,recovery,10.2399997,11.2640001,0.909090879,864.256024
6,interference,58,recovery,10.2399997,11.2640001,0.909090879,875.519991
6,interference,59,recovery,11.2640001,11.2640001,1,886.784017
6,interference,60,recovery,11.2640001,11.2640001,1,899.071991
6,interference,61,recovery,12.2880004,11.2640001,1.09090912,916.480005
6,interference,62,recovery,13.3119998,11.2640001,1.18181816,934.912026
6,interference,63,recovery,14.3360002,11.2640001,1.27272728,953.343987
6,interference,64,recovery,12.2880004,11.2640001,1.09090912,972.800016
6,interference,65,recovery,11.2640001,11.2640001,1,987.136006
6,interference,66,recovery,9.21600033,11.2640001,0.818181841,999.423981
6,interference,67,recovery,11.2640001,11.2640001,1,1010.68795
6,interference,68,recovery,10.2399997,11.2640001,0.909090879,1024.00005
6,interference,69,recovery,11.2640001,11.2640001,1,1036.28802
6,interference,70,recovery,11.2640001,11.2640001,1,1049.60001
6,interference,71,recovery,12.2880004,11.2640001,1.09090912,1067.00802
6,interference,72,recovery,9.21600033,11.2640001,0.818181841,1080.32
6,interference,73,recovery,10.2399997,11.2640001,0.909090879,1090.55996
6,interference,74,recovery,9.21600033,11.2640001,0.818181841,1101.82405
6,interference,75,recovery,9.21600033,11.2640001,0.818181841,1113.08801
6,interference,76,recovery,10.2399997,11.2640001,0.909090879,1123.32797
6,interference,77,recovery,9.21600033,11.2640001,0.818181841,1134.59206
6,interference,78,recovery,9.21600033,11.2640001,0.818181841,1145.85602
6,interference,79,recovery,9.21600033,11.2640001,0.818181841,1157.11999
6,interference,80,recovery,9.34400037,11.2640001,0.829545481,1167.35995
6,interference,81,recovery,9.21600033,11.2640001,0.818181841,1178.62403
6,interference,82,recovery,9.21600033,11.2640001,0.818181841,1189.888
6,interference,83,recovery,9.21600033,11.2640001,0.818181841,1200.12796
6,interference,84,recovery,9.21600033,11.2640001,0.818181841,1210.36804
6,interference,85,recovery,9.21600033,11.2640001,0.818181841,1221.632
6,interference,86,recovery,9.21600033,11.2640001,0.818181841,1231.87196
6,interference,87,recovery,9.21600033,11.2640001,0.818181841,1242.11204
6,interference,88,recovery,9.21600033,11.2640001,0.818181841,1253.37601
6,interference,89,recovery,9.21600033,11.2640001,0.818181841,1263.61597
6,interference,90,recovery,9.21600033,11.2640001,0.818181841,1274.88005
6,interference,91,recovery,9.21600033,11.2640001,0.818181841,1285.12001
6,interference,92,recovery,9.37599968,11.2640001,0.832386329,1295.35997
6,interference,93,recovery,9.21600033,11.2640001,0.818181841,1306.62405
6,interference,94,recovery,9.21600033,11.2640001,0.818181841,1316.86401
6,interference,95,recovery,9.21600033,11.2640001,0.818181841,1327.10397
6,interference,96,recovery,9.21600033,11.2640001,0.818181841,1338.36806
6,interference,97,recovery,9.27999988,11.2640001,0.823863619,1348.60802
6,interference,98,recovery,9.21600033,11.2640001,0.818181841,1359.87198
6,interference,99,recovery,9.21600033,11.2640001,0.818181841,1370.11194
6,interference,100,recovery,9.21600033,11.2640001,0.818181841,1380.35202
6,interference,101,recovery,9.21600033,11.2640001,0.818181841,1391.61599
6,interference,102,recovery,9.21600033,11.2640001,0.818181841,1401.85595
6,interference,103,recovery,9.50399972,11.2640001,0.843749969,1412.09602
6,interference,104,recovery,9.21600033,11.2640001,0.818181841,1423.35999
6,interference,105,recovery,9.27999988,11.2640001,0.823863619,1433.59995
6,interference,106,recovery,9.21600033,11.2640001,0.818181841,1443.84003
6,interference,107,recovery,9.21600033,11.2640001,0.818181841,1455.10399
6,interference,108,recovery,9.40799993,11.2640001,0.83522726,1465.34395
6,interference,109,recovery,9.21600033,11.2640001,0.818181841,1476.60804
6,interference,110,recovery,9.56800021,11.2640001,0.84943183,1486.848
6,interference,111,recovery,9.21600033,11.2640001,0.818181841,1498.11196
6,interference,112,recovery,9.21600033,11.2640001,0.818181841,1508.35204
6,interference,113,recovery,9.21600033,11.2640001,0.818181841,1518.592
6,interference,114,recovery,9.21600033,11.2640001,0.818181841,1529.85597
6,interference,115,recovery,9.31200013,11.2640001,0.82670455,1540.09604
6,interference,116,recovery,9.21600033,11.2640001,0.818181841,1551.36001
6,interference,117,recovery,9.21600033,11.2640001,0.818181841,1561.59997
6,interference,118,recovery,10.2399997,11.2640001,0.909090879,1571.84005
6,interference,119,recovery,9.21600033,11.2640001,0.818181841,1583.10401
6,interference,120,recovery,9.21600033,11.2640001,0.818181841,1593.34397
6,interference,121,recovery,9.21600033,11.2640001,0.818181841,1603.58405
6,interference,122,recovery,9.21600033,11.2640001,0.818181841,1614.84802
6,interference,123,recovery,10.2399997,11.2640001,0.909090879,1625.08798
6,interference,124,recovery,9.21600033,11.2640001,0.818181841,1636.35194
6,interference,125,recovery,9.21600033,11.2640001,0.818181841,1646.59202
6,interference,126,recovery,9.27999988,11.2640001,0.823863619,1657.85599
6,interference,127,recovery,9.21600033,11.2640001,0.818181841,1669.11995
6,interference,128,recovery,9.27999988,11.2640001,0.823863619,1679.36003
6,interference,129,recovery,9.21600033,11.2640001,0.818181841,1690.624
6,interference,130,recovery,9.21600033,11.2640001,0.818181841,1700.86396
6,interference,131,recovery,9.21600033,11.2640001,0.818181841,1711.10404
6,interference,132,recovery,9.21600033,11.2640001,0.818181841,1722.368
6,interference,133,recovery,9.21600033,11.2640001,0.818181841,1732.60796
6,interference,134,recovery,9.21600033,11.2640001,0.818181841,1743.87205
6,interference,135,recovery,10.2399997,11.2640001,0.909090879,1754.11201
6,interference,136,recovery,9.21600033,11.2640001,0.818181841,1765.37597
6,interference,137,recovery,9.21600033,11.2640001,0.818181841,1776.64006
6,interference,138,recovery,9.21600033,11.2640001,0.818181841,1786.88002
6,interference,139,recovery,9.50399972,11.2640001,0.843749969,1797.11998
6,interference,140,recovery,9.21600033,11.2640001,0.818181841,1808.38394
6,interference,141,recovery,9.21600033,11.2640001,0.818181841,1818.62402
6,interference,142,recovery,9.21600033,11.2640001,0.818181841,1829.88799
6,interference,143,recovery,9.21600033,11.2640001,0.818181841,1840.12794
6,interference,144,recovery,10.2399997,11.2640001,0.909090879,1850.36802
6,interference,145,recovery,9.21600033,11.2640001,0.818181841,1861.63199
6,interference,146,recovery,10.2399997,11.2640001,0.909090879,1871.87195
6,interference,147,recovery,9.21600033,11.2640001,0.818181841,1883.13603
6,interference,148,recovery,10.2399997,11.2640001,0.909090879,1893.37599
6,interference,149,recovery,9.21600033,11.2640001,0.818181841,1904.63996
6,interference,150,recovery,9.21600033,11.2640001,0.818181841,1914.88004
6,interference,151,recovery,9.21600033,11.2640001,0.818181841,1926.144
6,interference,152,recovery,9.31200013,11.2640001,0.82670455,1936.38396
6,interference,153,recovery,9.21600033,11.2640001,0.818181841,1947.64805
6,interference,154,recovery,9.34400037,11.2640001,0.829545481,1957.88801
6,interference,155,recovery,9.21600033,11.2640001,0.818181841,1969.15197
6,interference,156,recovery,9.21600033,11.2640001,0.818181841,1979.39205
6,interference,157,recovery,9.21600033,11.2640001,0.818181841,1990.65602
6,interference,158,recovery,9.21600033,11.2640001,0.818181841,2000.89598
6,interference,159,recovery,9.21600033,11.2640001,0.818181841,2011.13605
6,interference,160,recovery,9.21600033,11.2640001,0.818181841,2022.3999
6,interference,161,recovery,9.21600033,11.2640001,0.818181841,2032.63998
6,interference,162,recovery,9.21600033,11.2640001,0.818181841,2043.90407
6,interference,163,recovery,9.21600033,11.2640001,0.818181841,2054.14391
6,interference,164,recovery,9.21600033,11.2640001,0.818181841,2064.38398
6,interference,165,recovery,9.21600033,11.2640001,0.818181841,2075.64807
6,interference,166,recovery,9.21600033,11.2640001,0.818181841,2085.88791
6,interference,167,recovery,10.2399997,11.2640001,0.909090879,2096.12799
6,interference,168,recovery,9.21600033,11.2640001,0.818181841,2107.39207
6,interference,169,recovery,10.2399997,11.2640001,0.909090879,2117.63191
6,interference,170,recovery,9.21600033,11.2640001,0.818181841,2128.896
6,interference,171,recovery,10.2399997,11.2640001,0.909090879,2139.13608
6,interference,172,recovery,9.21600033,11.2640001,0.818181841,2150.39992
6,interference,173,recovery,9.21600033,11.2640001,0.818181841,2160.64
6,interference,174,recovery,9.21600033,11.2640001,0.818181841,2171.90409
6,interference,175,recovery,10.2399997,11.2640001,0.909090879,2182.14393
6,interference,176,recovery,9.21600033,11.2640001,0.818181841,2193.40801
6,interference,177,recovery,9.21600033,11.2640001,0.818181841,2203.64809
6,interference,178,recovery,9.21600033,11.2640001,0.818181841,2214.91194
6,interference,179,recovery,9.21600033,11.2640001,0.818181841,2225.15202
6,interference,180,recovery,9.21600033,11.2640001,0.818181841,2236.4161
6,interference,181,recovery,9.21600033,11.2640001,0.818181841,2246.65594
6,interference,182,recovery,9.21600033,11.2640001,0.818181841,2257.92003
6,interference,183,recovery,9.24799964,11.2640001,0.821022689,2268.1601
6,interference,184,recovery,9.21600033,11.2640001,0.818181841,2279.42395
6,interference,185,recovery,9.27999988,11.2640001,0.823863619,2289.66403
6,interference,186,recovery,9.21600033,11.2640001,0.818181841,2300.92812
6,interference,187,recovery,9.31200013,11.2640001,0.82670455,2311.16796
6,interference,188,recovery,9.21600033,11.2640001,0.818181841,2322.43204
6,interference,189,recovery,9.21600033,11.2640001,0.818181841,2333.69589
6,interference,190,recovery,9.56800021,11.2640001,0.84943183,2343.93597
6,interference,191,recovery,9.21600033,11.2640001,0.818181841,2355.20005
6,interference,192,recovery,10.2399997,11.2640001,0.909090879,2365.43989
6,interference,193,recovery,9.21600033,11.2640001,0.818181841,2376.70398
6,interference,194,recovery,9.21600033,11.2640001,0.818181841,2386.94406
6,interference,195,recovery,9.21600033,11.2640001,0.818181841,2398.2079
6,interference,196,recovery,10.2399997,11.2640001,0.909090879,2408.44798
6,interference,197,recovery,9.21600033,11.2640001,0.818181841,2419.71207
6,interference,198,recovery,10.2399997,11.2640001,0.909090879,2429.95191
6,interference,199,recovery,9.21600033,11.2640001,0.818181841,2441.21599
7,control,0,recovery,11.2640001,10.2399997,1.10000004,72.7040023
7,control,1,recovery,10.2399997,10.2399997,1,84.991999
7,control,2,recovery,9.21600033,10.2399997,0.900000055,96.2560028
7,control,3,recovery,10.2399997,10.2399997,1,107.519999
7,control,4,recovery,9.34400037,10.2399997,0.912500059,118.784003
7,control,5,recovery,9.21600033,10.2399997,0.900000055,130.048007
7,control,6,recovery,9.21600033,10.2399997,0.900000055,140.287995
7,control,7,recovery,9.31200013,10.2399997,0.909375035,150.527999
7,control,8,recovery,9.21600033,10.2399997,0.900000055,161.791995
7,control,9,recovery,9.21600033,10.2399997,0.900000055,172.031999
7,control,10,recovery,9.40799993,10.2399997,0.918750016,182.272002
7,control,11,recovery,9.21600033,10.2399997,0.900000055,193.535998
7,control,12,recovery,8.19199998,10.2399997,0.800000018,204.799995
7,control,13,recovery,9.21600033,10.2399997,0.900000055,215.039998
7,control,14,recovery,9.53599997,10.2399997,0.93125002,225.280002
7,control,15,recovery,9.21600033,10.2399997,0.900000055,236.543998
7,control,16,recovery,9.21600033,10.2399997,0.900000055,246.784002
7,control,17,recovery,9.21600033,10.2399997,0.900000055,258.047998
7,control,18,recovery,9.21600033,10.2399997,0.900000055,268.287987
7,control,19,recovery,9.21600033,10.2399997,0.900000055,279.552013
7,control,20,recovery,9.21600033,10.2399997,0.900000055,289.792001
7,control,21,recovery,9.21600033,10.2399997,0.900000055,301.055998
7,control,22,recovery,9.50399972,10.2399997,0.928124997,311.295986
7,control,23,recovery,9.21600033,10.2399997,0.900000055,322.560012
7,control,24,recovery,9.21600033,10.2399997,0.900000055,332.800001
7,control,25,recovery,9.21600033,10.2399997,0.900000055,344.063997
7,control,26,recovery,9.21600033,10.2399997,0.900000055,354.303986
7,control,27,recovery,10.2399997,10.2399997,1,364.544004
7,control,28,recovery,9.21600033,10.2399997,0.900000055,375.808001
7,control,29,recovery,9.50399972,10.2399997,0.928124997,386.047989
7,control,30,recovery,9.21600033,10.2399997,0.900000055,397.311985
7,control,31,recovery,9.21600033,10.2399997,0.900000055,407.552004
7,control,32,recovery,9.21600033,10.2399997,0.900000055,418.816
7,control,33,recovery,9.40799993,10.2399997,0.918750016,429.055989
7,control,34,recovery,9.21600033,10.2399997,0.900000055,440.319985
7,control,35,recovery,9.21600033,10.2399997,0.900000055,450.560004
7,control,36,recovery,9.21600033,10.2399997,0.900000055,461.824
7,control,37,recovery,9.27999988,10.2399997,0.906250011,472.063988
7,control,38,recovery,9.21600033,10.2399997,0.900000055,483.328015
7,control,39,recovery,9.21600033,10.2399997,0.900000055,493.568003
7,control,40,recovery,9.21600033,10.2399997,0.900000055,504.832029
7,control,41,recovery,9.31200013,10.2399997,0.909375035,515.071988
7,control,42,recovery,9.21600033,10.2399997,0.900000055,526.336014
7,control,43,recovery,9.21600033,10.2399997,0.900000055,536.575973
7,control,44,recovery,9.21600033,10.2399997,0.900000055,546.815991
7,control,45,recovery,9.21600033,10.2399997,0.900000055,558.080018
7,control,46,recovery,9.21600033,10.2399997,0.900000055,568.319976
7,control,47,recovery,9.21600033,10.2399997,0.900000055,579.584002
7,control,48,recovery,9.21600033,10.2399997,0.900000055,590.848029
7,control,49,recovery,9.21600033,10.2399997,0.900000055,602.111995
7,control,50,recovery,9.21600033,10.2399997,0.900000055,612.352014
7,control,51,recovery,9.21600033,10.2399997,0.900000055,623.61598
7,control,52,recovery,9.21600033,10.2399997,0.900000055,634.880006
7,control,53,recovery,10.2399997,10.2399997,1,645.120025
7,control,54,recovery,9.21600033,10.2399997,0.900000055,656.383991
7,control,55,recovery,9.21600033,10.2399997,0.900000055,666.62401
7,control,56,recovery,9.34400037,10.2399997,0.912500059,677.887976
7,control,57,recovery,9.21600033,10.2399997,0.900000055,689.152002
7,control,58,recovery,10.2399997,10.2399997,1,699.392021
7,control,59,recovery,9.21600033,10.2399997,0.900000055,710.655987
7,control,60,recovery,9.21600033,10.2399997,0.900000055,721.920013
7,control,61,recovery,9.21600033,10.2399997,0.900000055,733.18398
7,control,62,recovery,9.21600033,10.2399997,0.900000055,744.448006
7,control,63,recovery,10.2399997,10.2399997,1,754.688025
7,control,64,recovery,10.2399997,10.2399997,1,765.951991
7,control,65,recovery,9.21600033,10.2399997,0.900000055,777.216017
7,control,66,recovery,9.21600033,10.2399997,0.900000055,787.455976
7,control,67,recovery,9.21600033,10.2399997,0.900000055,798.720002
7,control,68,recovery,10.2399997,10.2399997,1,808.960021
7,control,69,recovery,9.21600033,10.2399997,0.900000055,820.223987
7,control,70,recovery,10.2399997,10.2399997,1,830.464005
7,control,71,recovery,9.21600033,10.2399997,0.900000055,841.727972
7,control,72,recovery,9.21600033,10.2399997,0.900000055,852.991998
7,control,73,recovery,9.21600033,10.2399997,0.900000055,863.232017
7,control,74,recovery,9.21600033,10.2399997,0.900000055,873.471975
7,control,75,recovery,9.21600033,10.2399997,0.900000055,884.736001
7,control,76,recovery,10.2399997,10.2399997,1,894.97602
7,control,77,recovery,10.2399997,10.2399997,1,906.239986
7,control,78,recovery,9.21600033,10.2399997,0.900000055,918.52802
7,control,79,recovery,9.31200013,10.2399997,0.909375035,928.767979
7,control,80,recovery,9.21600033,10.2399997,0.900000055,940.032005
7,control,81,recovery,9.34400037,10.2399997,0.912500059,950.272024
7,control,82,recovery,9.21600033,10.2399997,0.900000055,961.53599
7,control,83,recovery,10.2399997,10.2399997,1,971.776009
7,control,84,recovery,9.21600033,10.2399997,0.900000055,983.039975
7,control,85,recovery,9.21600033,10.2399997,0.900000055,994.304001
7,control,86,recovery,9.21600033,10.2399997,0.900000055,1004.54402
7,control,87,recovery,9.21600033,10.2399997,0.900000055,1015.80799
7,control,88,recovery,10.2399997,10.2399997,1,1026.04795
7,control,89,recovery,9.21600033,10.2399997,0.900000055,1037.31203
7,control,90,recovery,10.2399997,10.2399997,1,1047.55199
7,control,91,recovery,9.21600033,10.2399997,0.900000055,1058.81596
7,control,92,recovery,9.21600033,10.2399997,0.900000055,1070.08004
7,control,93,recovery,10.2399997,10.2399997,1,1080.32
7,control,94,recovery,10.2399997,10.2399997,1,1091.58397
7,control,95,recovery,10.2399997,10.2399997,1,1102.84805
7,control,96,recovery,9.21600033,10.2399997,0.900000055,1114.11202
7,control,97,recovery,9.21600033,10.2399997,0.900000055,1125.37599
7,control,98,recovery,10.2399997,10.2399997,1,1135.61594
7,control,99,recovery,9.21600033,10.2399997,0.900000055,1146.88003
7,control,100,recovery,10.2399997,10.2399997,1,1157.11999
7,control,101,recovery,9.21600033,10.2399997,0.900000055,1168.38396
7,control,102,recovery,9.21600033,10.2399997,0.900000055,1179.64804
7,control,103,recovery,9.21600033,10.2399997,0.900000055,1189.888
7,control,104,recovery,9.21600033,10.2399997,0.900000055,1201.15197
7,control,105,recovery,9.21600033,10.2399997,0.900000055,1211.39205
7,control,106,recovery,9.21600033,10.2399997,0.900000055,1222.65601
7,control,107,recovery,9.21600033,10.2399997,0.900000055,1233.91998
7,control,108,recovery,9.21600033,10.2399997,0.900000055,1245.18394
7,control,109,recovery,9.21600033,10.2399997,0.900000055,1255.42402
7,control,110,recovery,9.21600033,10.2399997,0.900000055,1266.68799
7,control,111,recovery,10.2399997,10.2399997,1,1276.92795
7,control,112,recovery,9.21600033,10.2399997,0.900000055,1288.19203
7,control,113,recovery,9.21600033,10.2399997,0.900000055,1299.456
7,control,114,recovery,9.21600033,10.2399997,0.900000055,1309.69596
7,control,115,recovery,9.53599997,10.2399997,0.93125002,1319.93604
7,control,116,recovery,9.21600033,10.2399997,0.900000055,1331.2
7,control,117,recovery,9.21600033,10.2399997,0.900000055,1342.46397
7,control,118,recovery,9.21600033,10.2399997,0.900000055,1352.70405
7,control,119,recovery,9.21600033,10.2399997,0.900000055,1363.96801
7,control,120,recovery,9.21600033,10.2399997,0.900000055,1374.20797
7,control,121,recovery,9.21600033,10.2399997,0.900000055,1385.47206
7,control,122,recovery,10.2399997,10.2399997,1,1395.71202
7,control,123,recovery,9.21600033,10.2399997,0.900000055,1406.97598
7,control,124,recovery,9.21600033,10.2399997,0.900000055,1418.23995
7,control,125,recovery,9.47200041,10.2399997,0.925000064,1428.48003
7,control,126,recovery,9.21600033,10.2399997,0.900000055,1439.744
7,control,127,recovery,9.21600033,10.2399997,0.900000055,1451.00796
7,control,128,recovery,9.27999988,10.2399997,0.906250011,1461.24804
7,control,129,recovery,9.21600033,10.2399997,0.900000055,1472.51201
7,control,130,recovery,9.47200041,10.2399997,0.925000064,1482.75197
7,control,131,recovery,9.21600033,10.2399997,0.900000055,1494.01605
7,control,132,recovery,9.21600033,10.2399997,0.900000055,1505.28002
7,control,133,recovery,9.21600033,10.2399997,0.900000055,1516.54398
7,control,134,recovery,9.21600033,10.2399997,0.900000055,1527.80795
7,control,135,recovery,9.21600033,10.2399997,0.900000055,1538.04803
7,control,136,recovery,9.21600033,10.2399997,0.900000055,1549.312
7,control,137,recovery,9.21600033,10.2399997,0.900000055,1559.55195
7,control,138,recovery,9.53599997,10.2399997,0.93125002,1569.79203
7,control,139,recovery,9.21600033,10.2399997,0.900000055,1581.056
7,control,140,recovery,9.21600033,10.2399997,0.900000055,1591.29596
7,control,141,recovery,9.21600033,10.2399997,0.900000055,1602.56004
7,control,142,recovery,9.21600033,10.2399997,0.900000055,1612.8
7,control,143,recovery,10.2399997,10.2399997,1,1623.03996
7,control,144,recovery,9.21600033,10.2399997,0.900000055,1634.30405
7,control,145,recovery,9.27999988,10.2399997,0.906250011,1644.54401
7,control,146,recovery,9.21600033,10.2399997,0.900000055,1655.80797
7,control,147,recovery,9.21600033,10.2399997,0.900000055,1666.04805
7,control,148,recovery,9.44000017,10.2399997,0.92187504,1676.28801
7,control,149,recovery,9.21600033,10.2399997,0.900000055,1687.55198
7,control,150,recovery,9.31200013,10.2399997,0.909375035,1697.79205
7,control,151,recovery,9.21600033,10.2399997,0.900000055,1709.05602
7,control,152,recovery,9.31200013,10.2399997,0.909375035,1719.29598
7,control,153,recovery,8.19199998,10.2399997,0.800000018,1730.55995
7,control,154,recovery,9.21600033,10.2399997,0.900000055,1740.80002
7,control,155,recovery,9.21600033,10.2399997,0.900000055,1751.03998
7,control,156,recovery,9.21600033,10.2399997,0.900000055,1761.27994
7,control,157,recovery,9.21600033,10.2399997,0.900000055,1772.54403
7,control,158,recovery,9.21600033,10.2399997,0.900000055,1782.78399
7,control,159,recovery,9.21600033,10.2399997,0.900000055,1793.02394
7,control,160,recovery,9.21600033,10.2399997,0.900000055,1803.26402
7,control,161,recovery,9.21600033,10.2399997,0.900000055,1814.52799
7,control,162,recovery,9.21600033,10.2399997,0.900000055,1824.76795
7,control,163,recovery,9.21600033,10.2399997,0.900000055,1835.00803
7,control,164,recovery,9.56800021,10.2399997,0.934375044,1845.24798
7,control,165,recovery,9.21600033,10.2399997,0.900000055,1856.51195
7,control,166,recovery,9.21600033,10.2399997,0.900000055,1866.75203
7,control,167,recovery,9.21600033,10.2399997,0.900000055,1876.99199
7,control,168,recovery,9.21600033,10.2399997,0.900000055,1888.25595
7,control,169,recovery,9.21600033,10.2399997,0.900000055,1898.49603
7,control,170,recovery,9.21600033,10.2399997,0.900000055,1909.76
7,control,171,recovery,9.21600033,10.2399997,0.900000055,1919.99996
7,control,172,recovery,9.21600033,10.2399997,0.900000055,1930.24004
7,control,173,recovery,9.21600033,10.2399997,0.900000055,1941.504
7,control,174,recovery,9.27999988,10.2399997,0.906250011,1951.74396
7,control,175,recovery,9.21600033,10.2399997,0.900000055,1963.00805
7,control,176,recovery,9.21600033,10.2399997,0.900000055,1973.248
7,control,177,recovery,9.40799993,10.2399997,0.918750016,1983.48796
7,control,178,recovery,9.21600033,10.2399997,0.900000055,1994.75205
7,control,179,recovery,9.21600033,10.2399997,0.900000055,2004.99201
7,control,180,recovery,9.21600033,10.2399997,0.900000055,2015.23209
7,control,181,recovery,9.21600033,10.2399997,0.900000055,2026.49593
7,control,182,recovery,9.21600033,10.2399997,0.900000055,2036.73601
7,control,183,recovery,9.21600033,10.2399997,0.900000055,2048.0001
7,control,184,recovery,9.40799993,10.2399997,0.918750016,2058.23994
7,control,185,recovery,9.34400037,10.2399997,0.912500059,2069.50402
7,control,186,recovery,9.21600033,10.2399997,0.900000055,2080.76811
7,control,187,recovery,9.21600033,10.2399997,0.900000055,2092.03196
7,control,188,recovery,9.21600033,10.2399997,0.900000055,2103.29604
7,control,189,recovery,9.21600033,10.2399997,0.900000055,2114.55989
7,control,190,recovery,9.21600033,10.2399997,0.900000055,2125.82397
7,control,191,recovery,10.2399997,10.2399997,1,2136.06405
7,control,192,recovery,9.21600033,10.2399997,0.900000055,2147.3279
7,control,193,recovery,9.21600033,10.2399997,0.900000055,2158.59199
7,control,194,recovery,9.21600033,10.2399997,0.900000055,2169.85607
7,control,195,recovery,10.2399997,10.2399997,1,2180.09591
7,control,196,recovery,9.37599968,10.2399997,0.915624992,2191.36
7,control,197,recovery,9.21600033,10.2399997,0.900000055,2202.62408
7,control,198,recovery,9.53599997,10.2399997,0.93125002,2213.88793
7,control,199,recovery,10.2399997,10.2399997,1,2225.15202
8,control,0,recovery,9.21600033,9.21600033,1,57.3440008
8,control,1,recovery,9.40799993,9.21600033,1.02083329,67.5840005
8,control,2,recovery,9.21600033,9.21600033,1,78.8479969
8,control,3,recovery,10.2399997,9.21600033,1.11111104,89.0880004
8,control,4,recovery,9.21600033,9.21600033,1,100.351997
8,control,5,recovery,9.37599968,9.21600033,1.01736104,110.592
8,control,6,recovery,9.21600033,9.21600033,1,121.855997
8,control,7,recovery,9.21600033,9.21600033,1,132.095993
8,control,8,recovery,9.34400037,9.21600033,1.01388889,142.335996
8,control,9,recovery,9.21600033,9.21600033,1,153.600007
8,control,10,recovery,9.21600033,9.21600033,1,163.839996
8,control,11,recovery,9.21600033,9.21600033,1,174.079999
8,control,12,recovery,9.21600033,9.21600033,1,185.343996
8,control,13,recovery,9.21600033,9.21600033,1,195.583999
8,control,14,recovery,9.53599997,9.21600033,1.03472218,205.824003
8,control,15,recovery,9.21600033,9.21600033,1,217.087999
8,control,16,recovery,9.21600033,9.21600033,1,227.328002
8,control,17,recovery,9.21600033,9.21600033,1,237.568006
8,control,18,recovery,9.21600033,9.21600033,1,248.832002
8,control,19,recovery,9.21600033,9.21600033,1,259.072006
8,control,20,recovery,9.21600033,9.21600033,1,269.311994
8,control,21,recovery,9.21600033,9.21600033,1,280.575991
8,control,22,recovery,9.21600033,9.21600033,1,290.816009
8,control,23,recovery,9.21600033,9.21600033,1,302.080005
8,control,24,recovery,9.21600033,9.21600033,1,312.319994
8,control,25,recovery,9.31200013,9.21600033,1.01041664,322.560012
8,control,26,recovery,9.21600033,9.21600033,1,333.824009
8,control,27,recovery,9.21600033,9.21600033,1,344.063997
8,control,28,recovery,9.40799993,9.21600033,1.02083329,354.303986
8,control,29,recovery,9.21600033,9.21600033,1,365.568012
8,control,30,recovery,9.21600033,9.21600033,1,375.808001
8,control,31,recovery,9.21600033,9.21600033,1,386.047989
8,control,32,recovery,9.21600033,9.21600033,1,397.311985
8,control,33,recovery,9.21600033,9.21600033,1,407.552004
8,control,34,recovery,9.21600033,9.21600033,1,417.791992
8,control,35,recovery,9.21600033,9.21600033,1,429.055989
8,control,36,recovery,9.21600033,9.21600033,1,439.296007
8,control,37,recovery,9.21600033,9.21600033,1,449.535996
8,control,38,recovery,9.21600033,9.21600033,1,459.776014
8,control,39,recovery,9.21600033,9.21600033,1,471.04001
8,control,40,recovery,9.21600033,9.21600033,1,481.279999
8,control,41,recovery,9.21600033,9.21600033,1,491.519988
8,control,42,recovery,9.21600033,9.21600033,1,501.760006
8,control,43,recovery,9.53599997,9.21600033,1.03472218,512.000024
8,control,44,recovery,9.21600033,9.21600033,1,523.263991
8,control,45,recovery,9.21600033,9.21600033,1,533.504009
8,control,46,recovery,9.37599968,9.21600033,1.01736104,543.744028
8,control,47,recovery,9.21600033,9.21600033,1,555.007994
8,control,48,recovery,9.21600033,9.21600033,1,565.248013
8,control,49,recovery,9.21600033,9.21600033,1,575.487971
8,control,50,recovery,9.21600033,9.21600033,1,586.751997
8,control,51,recovery,9.21600033,9.21600033,1,596.992016
8,control,52,recovery,9.21600033,9.21600033,1,607.231975
8,control,53,recovery,9.21600033,9.21600033,1,618.496001
8,control,54,recovery,9.21600033,9.21600033,1,628.736019
8,control,55,recovery,9.21600033,9.21600033,1,638.975978
8,control,56,recovery,9.21600033,9.21600033,1,650.240004
8,control,57,recovery,9.21600033,9.21600033,1,660.480022
8,control,58,recovery,9.40799993,9.21600033,1.02083329,670.719981
8,control,59,recovery,9.21600033,9.21600033,1,681.984007
8,control,60,recovery,9.21600033,9.21600033,1,692.224026
8,control,61,recovery,9.37599968,9.21600033,1.01736104,702.463984
8,control,62,recovery,9.21600033,9.21600033,1,713.728011
8,control,63,recovery,9.21600033,9.21600033,1,723.968029
8,control,64,recovery,9.37599968,9.21600033,1.01736104,734.207988
8,control,65,recovery,9.21600033,9.21600033,1,745.472014
8,control,66,recovery,9.21600033,9.21600033,1,755.711973
8,control,67,recovery,9.21600033,9.21600033,1,765.951991
8,control,68,recovery,9.21600033,9.21600033,1,777.216017
8,control,69,recovery,9.21600033,9.21600033,1,787.455976
8,control,70,recovery,9.21600033,9.21600033,1,797.695994
8,control,71,recovery,8.19199998,9.21600033,0.888888855,808.960021
8,control,72,recovery,9.21600033,9.21600033,1,819.199979
8,control,73,recovery,9.21600033,9.21600033,1,829.439998
8,control,74,recovery,9.53599997,9.21600033,1.03472218,839.680016
8,control,75,recovery,9.21600033,9.21600033,1,850.943983
8,control,76,recovery,9.21600033,9.21600033,1,861.184001
8,control,77,recovery,9.50399972,9.21600033,1.03124993,871.424019
8,control,78,recovery,9.21600033,9.21600033,1,882.687986
8,control,79,recovery,9.21600033,9.21600033,1,892.928004
8,control,80,recovery,9.50399972,9.21600033,1.03124993,903.168023
8,control,81,recovery,9.21600033,9.21600033,1,914.431989
8,control,82,recovery,9.21600033,9.21600033,1,924.672008
8,control,83,recovery,9.21600033,9.21600033,1,934.912026
8,control,84,recovery,9.21600033,9.21600033,1,946.175992
8,control,85,recovery,9.24799964,9.21600033,1.00347215,956.416011
8,control,86,recovery,9.21600033,9.21600033,1,967.679977
8,control,87,recovery,9.21600033,9.21600033,1,977.919996
8,control,88,recovery,9.34400037,9.21600033,1.01388889,988.160014
8,control,89,recovery,9.21600033,9.21600033,1,999.423981
8,control,90,recovery,9.21600033,9.21600033,1,1009.66406
8,control,91,recovery,9.34400037,9.21600033,1.01388889,1019.90402
8,control,92,recovery,8.19199998,9.21600033,0.888888855,1031.16798
8,control,93,recovery,9.21600033,9.21600033,1,1041.40794
8,control,94,recovery,9.21600033,9.21600033,1,1051.64802
8,control,95,recovery,9.21600033,9.21600033,1,1061.88798
8,control,96,recovery,9.21600033,9.21600033,1,1073.15195
8,control,97,recovery,9.21600033,9.21600033,1,1083.39202
8,control,98,recovery,9.37599968,9.21600033,1.01736104,1093.63198
8,control,99,recovery,9.21600033,9.21600033,1,1104.89595
8,control,100,recovery,9.21600033,9.21600033,1,1115.13603
8,control,101,recovery,9.21600033,9.21600033,1,1125.37599
8,control,102,recovery,9.21600033,9.21600033,1,1135.61594
8,control,103,recovery,9.21600033,9.21600033,1,1146.88003
8,control,104,recovery,9.47200041,9.21600033,1.02777779,1157.11999
8,control,105,recovery,9.21600033,9.21600033,1,1168.38396
8,control,106,recovery,9.21600033,9.21600033,1,1178.62403
8,control,107,recovery,9.21600033,9.21600033,1,1188.86399
8,control,108,recovery,9.53599997,9.21600033,1.03472218,1199.10395
8,control,109,recovery,9.21600033,9.21600033,1,1210.36804
8,control,110,recovery,9.44000017,9.21600033,1.02430554,1220.608
8,control,111,recovery,9.21600033,9.21600033,1,1231.87196
8,control,112,recovery,9.21600033,9.21600033,1,1242.11204
8,control,113,recovery,9.21600033,9.21600033,1,1252.352
8,control,114,recovery,9.21600033,9.21600033,1,1263.61597
8,control,115,recovery,9.21600033,9.21600033,1,1273.85604
8,control,116,recovery,9.21600033,9.21600033,1,1284.096
8,control,117,recovery,9.37599968,9.21600033,1.01736104,1294.33596
8,control,118,recovery,9.21600033,9.21600033,1,1305.60005
8,control,119,recovery,9.21600033,9.21600033,1,1315.84001
8,control,120,recovery,9.34400037,9.21600033,1.01388889,1326.07996
8,control,121,recovery,9.21600033,9.21600033,1,1337.34405
8,control,122,recovery,9.21600033,9.21600033,1,1347.58401
8,control,123,recovery,9.21600033,9.21600033,1,1357.82397
8,control,124,recovery,9.21600033,9.21600033,1,1369.08805
8,control,125,recovery,9.21600033,9.21600033,1,1379.32801
8,control,126,recovery,9.21600033,9.21600033,1,1390.59198
8,control,127,recovery,9.21600033,9.21600033,1,1400.83206
8,control,128,recovery,9.47200041,9.21600033,1.02777779,1411.07202
8,control,129,recovery,9.21600033,9.21600033,1,1422.33598
8,control,130,recovery,9.21600033,9.21600033,1,1432.57594
8,control,131,recovery,9.60000046,9.21600033,1.04166668,1442.81602
8,control,132,recovery,9.21600033,9.21600033,1,1454.07999
8,control,133,recovery,9.21600033,9.21600033,1,1464.31994
8,control,134,recovery,9.56800021,9.21600033,1.03819443,1474.56002
8,control,135,recovery,9.21600033,9.21600033,1,1485.82399
8,control,136,recovery,9.21600033,9.21600033,1,1496.06395
8,control,137,recovery,10.2399997,9.21600033,1.11111104,1506.30403
8,control,138,recovery,9.21600033,9.21600033,1,1517.56799
8,control,139,recovery,9.27999988,9.21600033,1.0069444,1527.80795
8,control,140,recovery,9.21600033,9.21600033,1,1539.07204
8,control,141,recovery,9.21600033,9.21600033,1,1549.312
8,control,142,recovery,9.21600033,9.21600033,1,1559.55195
8,control,143,recovery,9.21600033,9.21600033,1,1570.81604
8,control,144,recovery,9.21600033,9.21600033,1,1581.056
8,control,145,recovery,9.21600033,9.21600033,1,1591.29596
8,control,146,recovery,9.21600033,9.21600033,1,1602.56004
8,control,147,recovery,9.21600033,9.21600033,1,1612.8
8,control,148,recovery,9.44000017,9.21600033,1.02430554,1623.03996
8,control,149,recovery,9.21600033,9.21600033,1,1634.30405
8,control,150,recovery,9.21600033,9.21600033,1,1644.54401
8,control,151,recovery,9.21600033,9.21600033,1,1654.78396
8,control,152,recovery,9.21600033,9.21600033,1,1666.04805
8,control,153,recovery,9.21600033,9.21600033,1,1676.28801
8,control,154,recovery,9.21600033,9.21600033,1,1686.52797
8,control,155,recovery,9.50399972,9.21600033,1.03124993,1696.76805
8,control,156,recovery,9.21600033,9.21600033,1,1708.03201
8,control,157,recovery,9.24799964,9.21600033,1.00347215,1718.27197
8,control,158,recovery,9.21600033,9.21600033,1,1729.53606
8,control,159,recovery,9.21600033,9.21600033,1,1739.77602
8,control,160,recovery,9.50399972,9.21600033,1.03124993,1750.01597
8,control,161,recovery,9.21600033,9.21600033,1,1761.27994
8,control,162,recovery,9.21600033,9.21600033,1,1771.52002
8,control,163,recovery,9.21600033,9.21600033,1,1781.75998
8,control,164,recovery,9.21600033,9.21600033,1,1793.02394
8,control,165,recovery,9.21600033,9.21600033,1,1803.26402
8,control,166,recovery,9.21600033,9.21600033,1,1814.52799
8,control,167,recovery,9.21600033,9.21600033,1,1824.76795
8,control,168,recovery,9.21600033,9.21600033,1,1835.00803
8,control,169,recovery,9.53599997,9.21600033,1.03472218,1845.24798
8,control,170,recovery,9.21600033,9.21600033,1,1856.51195
8,control,171,recovery,9.21600033,9.21600033,1,1866.75203
8,control,172,recovery,9.53599997,9.21600033,1.03472218,1876.99199
8,control,173,recovery,9.21600033,9.21600033,1,1888.25595
8,control,174,recovery,9.21600033,9.21600033,1,1898.49603
8,control,175,recovery,9.21600033,9.21600033,1,1908.73599
8,control,176,recovery,9.21600033,9.21600033,1,1919.99996
8,control,177,recovery,9.24799964,9.21600033,1.00347215,1930.24004
8,control,178,recovery,9.21600033,9.21600033,1,1941.504
8,control,179,recovery,9.21600033,9.21600033,1,1951.74396
8,control,180,recovery,9.21600033,9.21600033,1,1961.98404
8,control,181,recovery,9.21600033,9.21600033,1,1973.248
8,control,182,recovery,9.21600033,9.21600033,1,1983.48796
8,control,183,recovery,12.2880004,9.21600033,1.33333333,1993.72804
8,control,184,recovery,9.50399972,9.21600033,1.03124993,2007.04002
8,control,185,recovery,9.21600033,9.21600033,1,2018.30411
8,control,186,recovery,9.27999988,9.21600033,1.0069444,2028.54395
8,control,187,recovery,9.21600033,9.21600033,1,2039.80803
8,control,188,recovery,9.21600033,9.21600033,1,2050.04811
8,control,189,recovery,9.21600033,9.21600033,1,2061.31196
8,control,190,recovery,9.21600033,9.21600033,1,2071.55204
8,control,191,recovery,9.21600033,9.21600033,1,2081.79212
8,control,192,recovery,9.21600033,9.21600033,1,2093.05596
8,control,193,recovery,9.21600033,9.21600033,1,2103.29604
8,control,194,recovery,9.21600033,9.21600033,1,2113.53588
8,control,195,recovery,9.21600033,9.21600033,1,2124.79997
8,control,196,recovery,9.21600033,9.21600033,1,2135.04004
8,control,197,recovery,9.21600033,9.21600033,1,2145.27988
8,control,198,recovery,201.728001,9.21600033,21.8888882,2156.54397
8,control,199,recovery,12.2880004,9.21600033,1.33333333,2361.3441
9,interference,0,recovery,12.2880004,9.21600033,1.33333333,3.07200011
9,interference,1,recovery,13.3119998,9.21600033,1.44444438,19.4559991
9,interference,2,recovery,34.8160006,9.21600033,3.77777771,36.8640013
9,interference,3,recovery,12.2880004,9.21600033,1.33333333,74.752003
9,interference,4,recovery,11.2640001,9.21600033,1.22222219,91.1360011
9,interference,5,recovery,10.2399997,9.21600033,1.11111104,105.471998
9,interference,6,recovery,9.21600033,9.21600033,1,117.760003
9,interference,7,recovery,10.2399997,9.21600033,1.11111104,128.000006
9,interference,8,recovery,10.2399997,9.21600033,1.11111104,139.264002
9,interference,9,recovery,10.2399997,9.21600033,1.11111104,152.575999
9,interference,10,recovery,10.2399997,9.21600033,1.11111104,165.887997
9,interference,11,recovery,11.2640001,9.21600033,1.22222219,178.176001
9,interference,12,recovery,10.2399997,9.21600033,1.11111104,191.487998
9,interference,13,recovery,14.3360002,9.21600033,1.55555552,203.776002
9,interference,14,recovery,10.2399997,9.21600033,1.11111104,223.232001
9,interference,15,recovery,9.21600033,9.21600033,1,234.495997
9,interference,16,recovery,10.2399997,9.21600033,1.11111104,245.759994
9,interference,17,recovery,10.2399997,9.21600033,1.11111104,259.072006
9,interference,18,recovery,10.2399997,9.21600033,1.11111104,272.383988
9,interference,19,recovery,11.2640001,9.21600033,1.22222219,284.671992
9,interference,20,recovery,10.2399997,9.21600033,1.11111104,297.984004
9,interference,21,recovery,12.2880004,9.21600033,1.33333333,311.295986
9,interference,22,recovery,10.2399997,9.21600033,1.11111104,327.679992
9,interference,23,recovery,9.21600033,9.21600033,1,339.967996
9,interference,24,recovery,9.21600033,9.21600033,1,351.231992
9,interference,25,recovery,10.2399997,9.21600033,1.11111104,361.472011
9,interference,26,recovery,10.2399997,9.21600033,1.11111104,373.760015
9,interference,27,recovery,15.3599996,9.21600033,1.66666657,387.071997
9,interference,28,recovery,14.3360002,9.21600033,1.55555552,407.552004
9,interference,29,recovery,12.2880004,9.21600033,1.33333333,427.008003
9,interference,30,recovery,10.2399997,9.21600033,1.11111104,442.368001
9,interference,31,recovery,10.2399997,9.21600033,1.11111104,468.991995
9,interference,32,recovery,9.37599968,9.21600033,1.01736104,481.279999
9,interference,33,recovery,11.2640001,9.21600033,1.22222219,492.543995
9,interference,34,recovery,12.2880004,9.21600033,1.33333333,506.879985
9,interference,35,recovery,16.384,9.21600033,1.77777771,524.287999
9,interference,36,recovery,13.3119998,9.21600033,1.44444438,544.767976
9,interference,37,recovery,13.3119998,9.21600033,1.44444438,564.224005
9,interference,38,recovery,11.2640001,9.21600033,1.22222219,582.656026
9,interference,39,recovery,10.2399997,9.21600033,1.11111104,594.944
9,interference,40,recovery,10.2399997,9.21600033,1.11111104,606.208026
9,interference,41,recovery,10.2399997,9.21600033,1.11111104,617.471993
9,interference,42,recovery,10.2399997,9.21600033,1.11111104,629.760027
9,interference,43,recovery,12.2880004,9.21600033,1.33333333,667.648017
9,interference,44,recovery,11.2640001,9.21600033,1.22222219,681.984007
9,interference,45,recovery,11.2640001,9.21600033,1.22222219,695.29599
9,interference,46,recovery,13.3119998,9.21600033,1.44444438,710.655987
9,interference,47,recovery,10.2399997,9.21600033,1.11111104,729.088008
9,interference,48,recovery,9.21600033,9.21600033,1,740.351975
9,interference,49,recovery,9.21600033,9.21600033,1,751.616001
9,interference,50,recovery,10.2399997,9.21600033,1.11111104,761.856019
9,interference,51,recovery,12.2880004,9.21600033,1.33333333,774.143994
9,interference,52,recovery,11.2640001,9.21600033,1.22222219,790.527999
9,interference,53,recovery,10.2399997,9.21600033,1.11111104,803.839982
9,interference,54,recovery,10.2399997,9.21600033,1.11111104,816.128016
9,interference,55,recovery,10.2399997,9.21600033,1.11111104,828.41599
9,interference,56,recovery,9.31200013,9.21600033,1.01041664,841.727972
9,interference,57,recovery,9.21600033,9.21600033,1,852.991998
9,interference,58,recovery,10.2399997,9.21600033,1.11111104,863.232017
9,interference,59,recovery,11.2640001,9.21600033,1.22222219,875.519991
9,interference,60,recovery,10.2399997,9.21600033,1.11111104,888.831973
9,interference,61,recovery,11.2640001,9.21600033,1.22222219,901.120007
9,interference,62,recovery,10.2399997,9.21600033,1.11111104,914.431989
9,interference,63,recovery,10.2399997,9.21600033,1.11111104,927.743971
9,interference,64,recovery,10.2399997,9.21600033,1.11111104,940.032005
9,interference,65,recovery,10.2399997,9.21600033,1.11111104,952.31998
9,interference,66,recovery,9.21600033,9.21600033,1,964.608014
9,interference,67,recovery,10.2399997,9.21600033,1.11111104,975.87198
9,interference,68,recovery,10.2399997,9.21600033,1.11111104,989.184022
9,interference,69,recovery,10.2399997,9.21600033,1.11111104,1001.472
9,interference,70,recovery,10.2399997,9.21600033,1.11111104,1013.75997
9,interference,71,recovery,10.2399997,9.21600033,1.11111104,1026.04795
9,interference,72,recovery,12.2880004,9.21600033,1.33333333,1040.38405
9,interference,73,recovery,10.2399997,9.21600033,1.11111104,1055.74405
9,interference,74,recovery,10.2399997,9.21600033,1.11111104,1068.03203
9,interference,75,recovery,9.21600033,9.21600033,1,1079.29599
9,interference,76,recovery,10.2399997,9.21600033,1.11111104,1090.55996
9,interference,77,recovery,10.2399997,9.21600033,1.11111104,1102.84805
9,interference,78,recovery,10.2399997,9.21600033,1.11111104,1115.13603
9,interference,79,recovery,13.3119998,9.21600033,1.44444438,1127.424
9,interference,80,recovery,11.2640001,9.21600033,1.22222219,1144.83202
9,interference,81,recovery,10.2399997,9.21600033,1.11111104,1159.168
9,interference,82,recovery,10.2399997,9.21600033,1.11111104,1175.55201
9,interference,83,recovery,9.21600033,9.21600033,1,1187.83998
9,interference,84,recovery,9.21600033,9.21600033,1,1199.10395
9,interference,85,recovery,11.2640001,9.21600033,1.22222219,1209.34403
9,interference,86,recovery,10.2399997,9.21600033,1.11111104,1222.65601
9,interference,87,recovery,11.2640001,9.21600033,1.22222219,1235.96799
9,interference,88,recovery,10.2399997,9.21600033,1.11111104,1249.27998
9,interference,89,recovery,11.2640001,9.21600033,1.22222219,1262.59196
9,interference,90,recovery,10.2399997,9.21600033,1.11111104,1275.90406
9,interference,91,recovery,10.2399997,9.21600033,1.11111104,1288.19203
9,interference,92,recovery,9.27999988,9.21600033,1.0069444,1299.456
9,interference,93,recovery,9.21600033,9.21600033,1,1310.71997
9,interference,94,recovery,11.2640001,9.21600033,1.22222219,1320.96004
9,interference,95,recovery,10.2399997,9.21600033,1.11111104,1335.29603
9,interference,96,recovery,10.2399997,9.21600033,1.11111104,1348.60802
9,interference,97,recovery,11.2640001,9.21600033,1.22222219,1360.89599
9,interference,98,recovery,12.2880004,9.21600033,1.33333333,1377.28
9,interference,99,recovery,13.3119998,9.21600033,1.44444438,1394.68801
9,interference,100,recovery,9.21600033,9.21600033,1,1413.12003
9,interference,101,recovery,9.21600033,9.21600033,1,1424.384
9,interference,102,recovery,10.2399997,9.21600033,1.11111104,1434.62396
9,interference,103,recovery,16.384,9.21600033,1.77777771,1449.98395
9,interference,104,recovery,13.3119998,9.21600033,1.44444438,1468.41598
9,interference,105,recovery,14.3360002,9.21600033,1.55555552,1486.848
9,interference,106,recovery,10.2399997,9.21600033,1.11111104,1506.30403
9,interference,107,recovery,10.2399997,9.21600033,1.11111104,1517.56799
9,interference,108,recovery,9.37599968,9.21600033,1.01736104,1528.83196
9,interference,109,recovery,9.21600033,9.21600033,1,1540.09604
9,interference,110,recovery,10.2399997,9.21600033,1.11111104,1550.336
9,interference,111,recovery,9.21600033,9.21600033,1,1561.59997
9,interference,112,recovery,9.21600033,9.21600033,1,1572.86406
9,interference,113,recovery,9.21600033,9.21600033,1,1583.10401
9,interference,114,recovery,9.21600033,9.21600033,1,1594.36798
9,interference,115,recovery,9.37599968,9.21600033,1.01736104,1604.60806
9,interference,116,recovery,9.21600033,9.21600033,1,1615.87203
9,interference,117,recovery,9.21600033,9.21600033,1,1626.11198
9,interference,118,recovery,25.5999994,9.21600033,2.77777761,1636.35194
9,interference,119,recovery,9.21600033,9.21600033,1,1662.97603
9,interference,120,recovery,9.40799993,9.21600033,1.02083329,1673.21599
9,interference,121,recovery,9.21600033,9.21600033,1,1684.47995
9,interference,122,recovery,9.21600033,9.21600033,1,1694.72003
9,interference,123,recovery,9.21600033,9.21600033,1,1705.984
9,interference,124,recovery,9.21600033,9.21600033,1,1716.22396
9,interference,125,recovery,9.21600033,9.21600033,1,1726.46403
9,interference,126,recovery,9.21600033,9.21600033,1,1737.728
9,interference,127,recovery,9.47200041,9.21600033,1.02777779,1747.96796
9,interference,128,recovery,9.21600033,9.21600033,1,1759.23204
9,interference,129,recovery,9.21600033,9.21600033,1,1770.49601
9,interference,130,recovery,9.21600033,9.21600033,1,1781.75998
9,interference,131,recovery,9.34400037,9.21600033,1.01388889,1792.00006
9,interference,132,recovery,9.21600033,9.21600033,1,1803.26402
9,interference,133,recovery,9.21600033,9.21600033,1,1813.50398
9,interference,134,recovery,9.21600033,9.21600033,1,1824.76795
9,interference,135,recovery,9.44000017,9.21600033,1.02430554,1835.00803
9,interference,136,recovery,9.21600033,9.21600033,1,1846.27199
9,interference,137,recovery,9.31200013,9.21600033,1.01041664,1856.51195
9,interference,138,recovery,9.21600033,9.21600033,1,1867.77604
9,interference,139,recovery,9.21600033,9.21600033,1,1878.016
9,interference,140,recovery,9.21600033,9.21600033,1,1889.27996
9,interference,141,recovery,9.21600033,9.21600033,1,1899.52004
9,interference,142,recovery,9.21600033,9.21600033,1,1910.78401
9,interference,143,recovery,9.21600033,9.21600033,1,1921.02396
9,interference,144,recovery,10.2399997,9.21600033,1.11111104,1931.26404
9,interference,145,recovery,9.21600033,9.21600033,1,1942.52801
9,interference,146,recovery,10.2399997,9.21600033,1.11111104,1952.76797
9,interference,147,recovery,9.31200013,9.21600033,1.01041664,1964.03205
9,interference,148,recovery,9.21600033,9.21600033,1,1975.29602
9,interference,149,recovery,9.34400037,9.21600033,1.01388889,1985.53598
9,interference,150,recovery,9.21600033,9.21600033,1,1996.79995
9,interference,151,recovery,9.21600033,9.21600033,1,2007.04002
9,interference,152,recovery,9.21600033,9.21600033,1,2018.30411
9,interference,153,recovery,9.37599968,9.21600033,1.01736104,2028.54395
9,interference,154,recovery,9.21600033,9.21600033,1,2039.80803
9,interference,155,recovery,9.21600033,9.21600033,1,2050.04811
9,interference,156,recovery,9.21600033,9.21600033,1,2061.31196
9,interference,157,recovery,9.44000017,9.21600033,1.02430554,2071.55204
9,interference,158,recovery,9.21600033,9.21600033,1,2082.81589
9,interference,159,recovery,10.2399997,9.21600033,1.11111104,2093.05596
9,interference,160,recovery,9.21600033,9.21600033,1,2104.32005
9,interference,161,recovery,9.21600033,9.21600033,1,2115.5839
9,interference,162,recovery,9.53599997,9.21600033,1.03472218,2125.82397
9,interference,163,recovery,9.21600033,9.21600033,1,2137.08806
9,interference,164,recovery,9.40799993,9.21600033,1.02083329,2147.3279
9,interference,165,recovery,9.21600033,9.21600033,1,2158.59199
9,interference,166,recovery,10.2399997,9.21600033,1.11111104,2168.83206
9,interference,167,recovery,9.21600033,9.21600033,1,2180.09591
9,interference,168,recovery,9.21600033,9.21600033,1,2191.36
9,interference,169,recovery,9.21600033,9.21600033,1,2201.60007
9,interference,170,recovery,10.2399997,9.21600033,1.11111104,2211.83991
9,interference,171,recovery,9.21600033,9.21600033,1,2223.104
9,interference,172,recovery,10.2399997,9.21600033,1.11111104,2233.34408
9,interference,173,recovery,9.21600033,9.21600033,1,2244.60793
9,interference,174,recovery,9.21600033,9.21600033,1,2254.848
9,interference,175,recovery,9.21600033,9.21600033,1,2266.11209
9,interference,176,recovery,9.21600033,9.21600033,1,2276.35193
9,interference,177,recovery,9.21600033,9.21600033,1,2287.61601
9,interference,178,recovery,9.21600033,9.21600033,1,2297.85609
9,interference,179,recovery,9.21600033,9.21600033,1,2309.11994
9,interference,180,recovery,9.21600033,9.21600033,1,2319.36002
9,interference,181,recovery,10.2399997,9.21600033,1.11111104,2329.6001
9,interference,182,recovery,9.21600033,9.21600033,1,2340.86394
9,interference,183,recovery,10.2399997,9.21600033,1.11111104,2351.10402
9,interference,184,recovery,9.24799964,9.21600033,1.00347215,2362.36811
9,interference,185,recovery,9.21600033,9.21600033,1,2373.63195
9,interference,186,recovery,9.21600033,9.21600033,1,2383.87203
9,interference,187,recovery,10.2399997,9.21600033,1.11111104,2394.11211
9,interference,188,recovery,9.21600033,9.21600033,1,2405.37596
9,interference,189,recovery,9.21600033,9.21600033,1,2416.64004
9,interference,190,recovery,9.50399972,9.21600033,1.03124993,2426.87988
9,interference,191,recovery,9.21600033,9.21600033,1,2438.14397
9,interference,192,recovery,9.21600033,9.21600033,1,2449.40805
9,interference,193,recovery,9.34400037,9.21600033,1.01388889,2459.64789
9,interference,194,recovery,9.21600033,9.21600033,1,2470.91198
9,interference,195,recovery,9.21600033,9.21600033,1,2482.17607
9,interference,196,recovery,10.2399997,9.21600033,1.11111104,2492.4159
9,interference,197,recovery,10.2399997,9.21600033,1.11111104,2503.67999
9,interference,198,recovery,9.21600033,9.21600033,1,2514.94408
9,interference,199,recovery,9.21600033,9.21600033,1,2526.20792
10,interference,0,recovery,12.2880004,10.2399997,1.20000007,5.11999987
10,interference,1,recovery,13.3119998,10.2399997,1.30000002,22.5280002
10,interference,2,recovery,13.3119998,10.2399997,1.30000002,40.959999
10,interference,3,recovery,15.3599996,10.2399997,1.5,60.4160018
10,interference,4,recovery,10.2399997,10.2399997,1,80.8959976
10,interference,5,recovery,9.21600033,10.2399997,0.900000055,93.1840017
10,interference,6,recovery,10.2399997,10.2399997,1,103.423998
10,interference,7,recovery,11.2640001,10.2399997,1.10000004,115.712002
10,interference,8,recovery,10.2399997,10.2399997,1,130.048007
10,interference,9,recovery,12.2880004,10.2399997,1.20000007,142.335996
10,interference,10,recovery,10.2399997,10.2399997,1,156.672001
10,interference,11,recovery,12.2880004,10.2399997,1.20000007,168.960005
10,interference,12,recovery,10.2399997,10.2399997,1,183.295995
10,interference,13,recovery,9.21600033,10.2399997,0.900000055,196.608007
10,interference,14,recovery,9.21600033,10.2399997,0.900000055,207.872003
10,interference,15,recovery,9.21600033,10.2399997,0.900000055,218.112007
10,interference,16,recovery,10.2399997,10.2399997,1,230.399996
10,interference,17,recovery,13.3119998,10.2399997,1.30000002,243.711993
10,interference,18,recovery,14.3360002,10.2399997,1.40000005,263.168007
10,interference,19,recovery,17.4080003,10.2399997,1.70000007,282.624006
10,interference,20,recovery,13.3119998,10.2399997,1.30000002,306.176007
10,interference,21,recovery,10.2399997,10.2399997,1,323.58399
10,interference,22,recovery,9.21600033,10.2399997,0.900000055,335.871994
10,interference,23,recovery,11.2640001,10.2399997,1.10000004,347.135991
10,interference,24,recovery,10.2399997,10.2399997,1,360.448003
10,interference,25,recovery,10.2399997,10.2399997,1,373.760015
10,interference,26,recovery,12.2880004,10.2399997,1.20000007,388.096005
10,interference,27,recovery,11.2640001,10.2399997,1.10000004,404.48001
10,interference,28,recovery,9.21600033,10.2399997,0.900000055,418.816
10,interference,29,recovery,9.21600033,10.2399997,0.900000055,432.128012
10,interference,30,recovery,9.21600033,10.2399997,0.900000055,442.368001
10,interference,31,recovery,9.21600033,10.2399997,0.900000055,453.631997
10,interference,32,recovery,10.2399997,10.2399997,1,464.895993
10,interference,33,recovery,11.2640001,10.2399997,1.10000004,478.208005
10,interference,34,recovery,10.2399997,10.2399997,1,491.519988
10,interference,35,recovery,14.3360002,10.2399997,1.40000005,504.832029
10,interference,36,recovery,12.2880004,10.2399997,1.20000007,525.312006
10,interference,37,recovery,11.2640001,10.2399997,1.10000004,539.647996
10,interference,38,recovery,10.2399997,10.2399997,1,553.983986
10,interference,39,recovery,9.21600033,10.2399997,0.900000055,565.248013
10,interference,40,recovery,9.21600033,10.2399997,0.900000055,576.511979
10,interference,41,recovery,11.2640001,10.2399997,1.10000004,586.751997
10,interference,42,recovery,14.3360002,10.2399997,1.40000005,605.184019
10,interference,43,recovery,13.3119998,10.2399997,1.30000002,625.663996
10,interference,44,recovery,11.2640001,10.2399997,1.10000004,642.048001
10,interference,45,recovery,12.2880004,10.2399997,1.20000007,655.359983
10,interference,46,recovery,11.2640001,10.2399997,1.10000004,673.792005
10,interference,47,recovery,10.2399997,10.2399997,1,687.103987
10,interference,48,recovery,10.2399997,10.2399997,1,698.368013
10,interference,49,recovery,10.2399997,10.2399997,1,709.631979
10,interference,50,recovery,11.2640001,10.2399997,1.10000004,721.920013
10,interference,51,recovery,16.384,10.2399997,1.60000004,737.280011
10,interference,52,recovery,14.3360002,10.2399997,1.40000005,759.808004
10,interference,53,recovery,13.3119998,10.2399997,1.30000002,778.240025
10,interference,54,recovery,11.3599999,10.2399997,1.10937502,796.671987
10,interference,55,recovery,10.2399997,10.2399997,1,809.984028
10,interference,56,recovery,9.21600033,10.2399997,0.900000055,822.272003
10,interference,57,recovery,10.2399997,10.2399997,1,832.512021
10,interference,58,recovery,10.2399997,10.2399997,1,844.799995
10,interference,59,recovery,11.2640001,10.2399997,1.10000004,857.088029
10,interference,60,recovery,13.3119998,10.2399997,1.30000002,871.424019
10,interference,61,recovery,12.2880004,10.2399997,1.20000007,889.855981
10,interference,62,recovery,11.2640001,10.2399997,1.10000004,907.263994
10,interference,63,recovery,10.2399997,10.2399997,1,921.599984
10,interference,64,recovery,9.21600033,10.2399997,0.900000055,933.888018
10,interference,65,recovery,9.21600033,10.2399997,0.900000055,944.127977
10,interference,66,recovery,9.40799993,10.2399997,0.918750016,955.392003
10,interference,67,recovery,14.3360002,10.2399997,1.40000005,966.656029
10,interference,68,recovery,13.3119998,10.2399997,1.30000002,986.111999
10,interference,69,recovery,13.3119998,10.2399997,1.30000002,1003.52001
10,interference,70,recovery,12.2880004,10.2399997,1.20000007,1020.92803
10,interference,71,recovery,13.3119998,10.2399997,1.30000002,1037.31203
10,interference,72,recovery,10.2399997,10.2399997,1,1055.74405
10,interference,73,recovery,10.2399997,10.2399997,1,1067.00802
10,interference,74,recovery,10.2399997,10.2399997,1,1078.27199
10,interference,75,recovery,13.3119998,10.2399997,1.30000002,1091.58397
10,interference,76,recovery,13.3119998,10.2399997,1.30000002,1108.99198
10,interference,77,recovery,12.2880004,10.2399997,1.20000007,1128.44801
10,interference,78,recovery,12.2880004,10.2399997,1.20000007,1143.80801
10,interference,79,recovery,12.2880004,10.2399997,1.20000007,1162.24003
10,interference,80,recovery,10.2399997,10.2399997,1,1177.60003
10,interference,81,recovery,10.2399997,10.2399997,1,1188.86399
10,interference,82,recovery,10.2399997,10.2399997,1,1200.12796
10,interference,83,recovery,14.3360002,10.2399997,1.40000005,1212.41605
10,interference,84,recovery,13.3119998,10.2399997,1.30000002,1231.87196
10,interference,85,recovery,12.2880004,10.2399997,1.20000007,1249.27998
10,interference,86,recovery,13.3119998,10.2399997,1.30000002,1265.66398
10,interference,87,recovery,11.3599999,10.2399997,1.10937502,1284.096
10,interference,88,recovery,9.21600033,10.2399997,0.900000055,1297.40798
10,interference,89,recovery,10.2399997,10.2399997,1,1307.64794
10,interference,90,recovery,11.2640001,10.2399997,1.10000004,1319.93604
10,interference,91,recovery,14.3360002,10.2399997,1.40000005,1335.29603
10,interference,92,recovery,10.2399997,10.2399997,1,1352.70405
10,interference,93,recovery,10.2399997,10.2399997,1,1366.01603
10,interference,94,recovery,10.2399997,10.2399997,1,1377.28
10,interference,95,recovery,10.2399997,10.2399997,1,1388.54396
10,interference,96,recovery,9.21600033,10.2399997,0.900000055,1400.83206
10,interference,97,recovery,9.27999988,10.2399997,0.906250011,1411.07202
10,interference,98,recovery,10.2399997,10.2399997,1,1422.33598
10,interference,99,recovery,10.2399997,10.2399997,1,1433.59995
10,interference,100,recovery,10.2399997,10.2399997,1,1444.86403
10,interference,101,recovery,10.2399997,10.2399997,1,1456.128
10,interference,102,recovery,10.2399997,10.2399997,1,1467.39197
10,interference,103,recovery,9.21600033,10.2399997,0.900000055,1478.65605
10,interference,104,recovery,9.21600033,10.2399997,0.900000055,1489.92002
10,interference,105,recovery,9.21600033,10.2399997,0.900000055,1500.15998
10,interference,106,recovery,9.40799993,10.2399997,0.918750016,1510.40006
10,interference,107,recovery,9.21600033,10.2399997,0.900000055,1521.66402
10,interference,108,recovery,9.21600033,10.2399997,0.900000055,1531.90398
10,interference,109,recovery,9.21600033,10.2399997,0.900000055,1542.14394
10,interference,110,recovery,9.21600033,10.2399997,0.900000055,1553.40803
10,interference,111,recovery,9.27999988,10.2399997,0.906250011,1563.64799
10,interference,112,recovery,9.21600033,10.2399997,0.900000055,1574.91195
10,interference,113,recovery,9.21600033,10.2399997,0.900000055,1585.15203
10,interference,114,recovery,9.21600033,10.2399997,0.900000055,1596.416
10,interference,115,recovery,9.21600033,10.2399997,0.900000055,1606.65596
10,interference,116,recovery,9.21600033,10.2399997,0.900000055,1617.92004
10,interference,117,recovery,9.24799964,10.2399997,0.903124987,1628.16
10,interference,118,recovery,9.21600033,10.2399997,0.900000055,1639.42397
10,interference,119,recovery,9.21600033,10.2399997,0.900000055,1649.66404
10,interference,120,recovery,9.37599968,10.2399997,0.915624992,1659.904
10,interference,121,recovery,9.21600033,10.2399997,0.900000055,1671.16797
10,interference,122,recovery,9.40799993,10.2399997,0.918750016,1681.40805
10,interference,123,recovery,9.21600033,10.2399997,0.900000055,1692.67201
10,interference,124,recovery,9.21600033,10.2399997,0.900000055,1702.91197
10,interference,125,recovery,9.21600033,10.2399997,0.900000055,1714.17606
10,interference,126,recovery,9.47200041,10.2399997,0.925000064,1724.41602
10,interference,127,recovery,9.21600033,10.2399997,0.900000055,1735.67998
10,interference,128,recovery,9.50399972,10.2399997,0.928124997,1745.91994
10,interference,129,recovery,9.21600033,10.2399997,0.900000055,1757.18403
10,interference,130,recovery,9.21600033,10.2399997,0.900000055,1767.42399
10,interference,131,recovery,9.21600033,10.2399997,0.900000055,1778.68795
10,interference,132,recovery,9.21600033,10.2399997,0.900000055,1788.92803
10,interference,133,recovery,9.21600033,10.2399997,0.900000055,1800.192
10,interference,134,recovery,9.21600033,10.2399997,0.900000055,1811.45597
10,interference,135,recovery,9.21600033,10.2399997,0.900000055,1821.69604
10,interference,136,recovery,9.21600033,10.2399997,0.900000055,1832.96001
10,interference,137,recovery,9.27999988,10.2399997,0.906250011,1843.19997
10,interference,138,recovery,9.21600033,10.2399997,0.900000055,1854.46405
10,interference,139,recovery,9.40799993,10.2399997,0.918750016,1864.70401
10,interference,140,recovery,9.21600033,10.2399997,0.900000055,1875.96798
10,interference,141,recovery,9.21600033,10.2399997,0.900000055,1886.20806
10,interference,142,recovery,9.21600033,10.2399997,0.900000055,1897.47202
10,interference,143,recovery,9.21600033,10.2399997,0.900000055,1908.73599
10,interference,144,recovery,9.37599968,10.2399997,0.915624992,1918.97595
10,interference,145,recovery,9.21600033,10.2399997,0.900000055,1930.24004
10,interference,146,recovery,9.56800021,10.2399997,0.934375044,1940.47999
10,interference,147,recovery,9.21600033,10.2399997,0.900000055,1951.74396
10,interference,148,recovery,9.21600033,10.2399997,0.900000055,1961.98404
10,interference,149,recovery,9.21600033,10.2399997,0.900000055,1973.248
10,interference,150,recovery,10.2399997,10.2399997,1,1983.48796
10,interference,151,recovery,9.24799964,10.2399997,0.903124987,1994.75205
10,interference,152,recovery,9.21600033,10.2399997,0.900000055,2006.01602
10,interference,153,recovery,9.27999988,10.2399997,0.906250011,2016.25609
10,interference,154,recovery,9.21600033,10.2399997,0.900000055,2027.51994
10,interference,155,recovery,9.21600033,10.2399997,0.900000055,2037.76002
10,interference,156,recovery,9.21600033,10.2399997,0.900000055,2049.02411
10,interference,157,recovery,9.21600033,10.2399997,0.900000055,2060.28795
10,interference,158,recovery,9.40799993,10.2399997,0.918750016,2070.52803
10,interference,159,recovery,9.21600033,10.2399997,0.900000055,2081.79212
10,interference,160,recovery,9.56800021,10.2399997,0.934375044,2092.03196
10,interference,161,recovery,9.21600033,10.2399997,0.900000055,2103.29604
10,interference,162,recovery,9.44000017,10.2399997,0.92187504,2113.53588
10,interference,163,recovery,10.2399997,10.2399997,1,2124.79997
10,interference,164,recovery,9.21600033,10.2399997,0.900000055,2136.06405
10,interference,165,recovery,10.2399997,10.2399997,1,2146.30389
10,interference,166,recovery,9.21600033,10.2399997,0.900000055,2157.56798
10,interference,167,recovery,9.21600033,10.2399997,0.900000055,2168.83206
10,interference,168,recovery,10.2399997,10.2399997,1,2179.0719
10,interference,169,recovery,9.21600033,10.2399997,0.900000055,2190.33599
10,interference,170,recovery,9.21600033,10.2399997,0.900000055,2201.60007
10,interference,171,recovery,9.21600033,10.2399997,0.900000055,2212.86392
10,interference,172,recovery,9.21600033,10.2399997,0.900000055,2223.104
10,interference,173,recovery,9.21600033,10.2399997,0.900000055,2234.36809
10,interference,174,recovery,10.2399997,10.2399997,1,2244.60793
10,interference,175,recovery,10.2399997,10.2399997,1,2255.87201
10,interference,176,recovery,10.2399997,10.2399997,1,2267.1361
10,interference,177,recovery,9.21600033,10.2399997,0.900000055,2278.39994
10,interference,178,recovery,9.21600033,10.2399997,0.900000055,2289.66403
10,interference,179,recovery,9.21600033,10.2399997,0.900000055,2300.92812
10,interference,180,recovery,9.21600033,10.2399997,0.900000055,2311.16796
10,interference,181,recovery,9.21600033,10.2399997,0.900000055,2322.43204
10,interference,182,recovery,10.2399997,10.2399997,1,2332.67212
10,interference,183,recovery,10.2399997,10.2399997,1,2343.93597
10,interference,184,recovery,9.21600033,10.2399997,0.900000055,2355.20005
10,interference,185,recovery,9.21600033,10.2399997,0.900000055,2366.4639
10,interference,186,recovery,10.2399997,10.2399997,1,2377.72799
10,interference,187,recovery,10.2399997,10.2399997,1,2388.99207
10,interference,188,recovery,10.2399997,10.2399997,1,2400.25592
10,interference,189,recovery,10.2399997,10.2399997,1,2411.52
10,interference,190,recovery,10.2399997,10.2399997,1,2422.78409
10,interference,191,recovery,9.21600033,10.2399997,0.900000055,2435.07195
10,interference,192,recovery,9.21600033,10.2399997,0.900000055,2446.33603
10,interference,193,recovery,10.2399997,10.2399997,1,2456.57611
10,interference,194,recovery,9.37599968,10.2399997,0.915624992,2468.86396
10,interference,195,recovery,9.21600033,10.2399997,0.900000055,2480.12805
10,interference,196,recovery,10.2399997,10.2399997,1,2490.36789
10,interference,197,recovery,9.31200013,10.2399997,0.909375035,2501.63198
10,interference,198,recovery,9.21600033,10.2399997,0.900000055,2512.89606
10,interference,199,recovery,9.47200041,10.2399997,0.925000064,2524.15991
11,control,0,recovery,9.21600033,9.21600033,1,71.6800019
11,control,1,recovery,9.40799993,9.21600033,1.02083329,81.9199979
11,control,2,recovery,9.21600033,9.21600033,1,93.1840017
11,control,3,recovery,10.2399997,9.21600033,1.11111104,103.423998
11,control,4,recovery,9.21600033,9.21600033,1,114.688002
11,control,5,recovery,9.21600033,9.21600033,1,124.927998
11,control,6,recovery,9.21600033,9.21600033,1,135.168001
11,control,7,recovery,9.21600033,9.21600033,1,146.431997
11,control,8,recovery,9.21600033,9.21600033,1,156.672001
11,control,9,recovery,9.60000046,9.21600033,1.04166668,166.912004
11,control,10,recovery,9.21600033,9.21600033,1,178.176001
11,control,11,recovery,9.21600033,9.21600033,1,188.416004
11,control,12,recovery,9.21600033,9.21600033,1,198.655993
11,control,13,recovery,9.21600033,9.21600033,1,209.920004
11,control,14,recovery,9.21600033,9.21600033,1,220.159993
11,control,15,recovery,9.44000017,9.21600033,1.02430554,230.399996
11,control,16,recovery,9.21600033,9.21600033,1,241.664007
11,control,17,recovery,9.21600033,9.21600033,1,251.904011
11,control,18,recovery,9.47200041,9.21600033,1.02777779,262.143999
11,control,19,recovery,9.21600033,9.21600033,1,273.407996
11,control,20,recovery,11.3599999,9.21600033,1.23263883,283.648014
11,control,21,recovery,9.21600033,9.21600033,1,296.959996
11,control,22,recovery,9.21600033,9.21600033,1,307.200015
11,control,23,recovery,9.21600033,9.21600033,1,317.440003
11,control,24,recovery,9.21600033,9.21600033,1,327.679992
11,control,25,recovery,10.2399997,9.21600033,1.11111104,337.92001
11,control,26,recovery,9.21600033,9.21600033,1,349.184006
11,control,27,recovery,9.21600033,9.21600033,1,359.423995
11,control,28,recovery,9.21600033,9.21600033,1,369.664013
11,control,29,recovery,9.21600033,9.21600033,1,380.92801
11,control,30,recovery,9.21600033,9.21600033,1,391.167998
11,control,31,recovery,9.21600033,9.21600033,1,401.407987
11,control,32,recovery,10.2399997,9.21600033,1.11111104,411.648005
11,control,33,recovery,9.21600033,9.21600033,1,422.912002
11,control,34,recovery,9.21600033,9.21600033,1,433.15199
11,control,35,recovery,9.21600033,9.21600033,1,443.392009
11,control,36,recovery,9.21600033,9.21600033,1,454.656005
11,control,37,recovery,9.34400037,9.21600033,1.01388889,464.895993
11,control,38,recovery,9.21600033,9.21600033,1,476.15999
11,control,39,recovery,9.21600033,9.21600033,1,486.400008
11,control,40,recovery,10.2399997,9.21600033,1.11111104,496.639997
11,control,41,recovery,9.21600033,9.21600033,1,507.903993
11,control,42,recovery,9.21600033,9.21600033,1,518.144011
11,control,43,recovery,10.2399997,9.21600033,1.11111104,528.38397
11,control,44,recovery,9.21600033,9.21600033,1,539.647996
11,control,45,recovery,9.34400037,9.21600033,1.01388889,549.888015
11,control,46,recovery,9.21600033,9.21600033,1,561.151981
11,control,47,recovery,9.21600033,9.21600033,1,571.392
11,control,48,recovery,9.21600033,9.21600033,1,581.632018
11,control,49,recovery,9.21600033,9.21600033,1,592.895985
11,control,50,recovery,9.21600033,9.21600033,1,603.136003
11,control,51,recovery,9.37599968,9.21600033,1.01736104,613.376021
11,control,52,recovery,9.21600033,9.21600033,1,624.639988
11,control,53,recovery,9.21600033,9.21600033,1,634.880006
11,control,54,recovery,9.21600033,9.21600033,1,645.120025
11,control,55,recovery,10.2399997,9.21600033,1.11111104,655.359983
11,control,56,recovery,9.21600033,9.21600033,1,666.62401
11,control,57,recovery,9.21600033,9.21600033,1,676.864028
11,control,58,recovery,9.56800021,9.21600033,1.03819443,687.103987
11,control,59,recovery,9.21600033,9.21600033,1,698.368013
11,control,60,recovery,9.44000017,9.21600033,1.02430554,708.607972
11,control,61,recovery,9.21600033,9.21600033,1,719.871998
11,control,62,recovery,9.21600033,9.21600033,1,730.112016
11,control,63,recovery,9.21600033,9.21600033,1,741.375983
11,control,64,recovery,9.21600033,9.21600033,1,751.616001
11,control,65,recovery,10.2399997,9.21600033,1.11111104,761.856019
11,control,66,recovery,9.21600033,9.21600033,1,773.119986
11,control,67,recovery,9.34400037,9.21600033,1.01388889,783.360004
11,control,68,recovery,9.21600033,9.21600033,1,794.623971
11,control,69,recovery,9.21600033,9.21600033,1,804.863989
11,control,70,recovery,9.21600033,9.21600033,1,815.104008
11,control,71,recovery,9.21600033,9.21600033,1,826.367974
11,control,72,recovery,9.24799964,9.21600033,1.00347215,836.607993
11,control,73,recovery,9.21600033,9.21600033,1,847.872019
11,control,74,recovery,9.21600033,9.21600033,1,858.111978
11,control,75,recovery,9.53599997,9.21600033,1.03472218,868.351996
11,control,76,recovery,9.21600033,9.21600033,1,879.616022
11,control,77,recovery,9.21600033,9.21600033,1,889.855981
11,control,78,recovery,9.21600033,9.21600033,1,900.095999
11,control,79,recovery,9.21600033,9.21600033,1,911.360025
11,control,80,recovery,9.21600033,9.21600033,1,921.599984
11,control,81,recovery,9.50399972,9.21600033,1.03124993,931.840003
11,control,82,recovery,9.21600033,9.21600033,1,943.104029
11,control,83,recovery,9.21600033,9.21600033,1,953.343987
11,control,84,recovery,9.21600033,9.21600033,1,963.584006
11,control,85,recovery,9.21600033,9.21600033,1,974.847972
11,control,86,recovery,9.21600033,9.21600033,1,985.087991
11,control,87,recovery,9.21600033,9.21600033,1,995.328009
11,control,88,recovery,9.21600033,9.21600033,1,1006.59204
11,control,89,recovery,9.21600033,9.21600033,1,1016.83199
11,control,90,recovery,9.21600033,9.21600033,1,1027.07195
11,control,91,recovery,9.53599997,9.21600033,1.03472218,1037.31203
11,control,92,recovery,9.21600033,9.21600033,1,1048.576
11,control,93,recovery,9.21600033,9.21600033,1,1059.83996
11,control,94,recovery,9.21600033,9.21600033,1,1070.08004
11,control,95,recovery,9.21600033,9.21600033,1,1080.32
11,control,96,recovery,9.40799993,9.21600033,1.02083329,1090.55996
11,control,97,recovery,9.21600033,9.21600033,1,1101.82405
11,control,98,recovery,9.21600033,9.21600033,1,1112.064
11,control,99,recovery,9.37599968,9.21600033,1.01736104,1122.30396
11,control,100,recovery,9.21600033,9.21600033,1,1133.56805
11,control,101,recovery,9.21600033,9.21600033,1,1143.80801
11,control,102,recovery,9.53599997,9.21600033,1.03472218,1154.04797
11,control,103,recovery,9.21600033,9.21600033,1,1165.31205
11,control,104,recovery,9.21600033,9.21600033,1,1175.55201
11,control,105,recovery,9.21600033,9.21600033,1,1186.81598
11,control,106,recovery,9.21600033,9.21600033,1,1197.05606
11,control,107,recovery,9.53599997,9.21600033,1.03472218,1207.29601
11,control,108,recovery,9.21600033,9.21600033,1,1218.55998
11,control,109,recovery,9.21600033,9.21600033,1,1228.80006
11,control,110,recovery,9.21600033,9.21600033,1,1240.06402
11,control,111,recovery,9.21600033,9.21600033,1,1250.30398
11,control,112,recovery,9.21600033,9.21600033,1,1260.54394
11,control,113,recovery,9.21600033,9.21600033,1,1271.80803
11,control,114,recovery,9.31200013,9.21600033,1.01041664,1282.04799
11,control,115,recovery,9.21600033,9.21600033,1,1293.31195
11,control,116,recovery,9.21600033,9.21600033,1,1303.55203
11,control,117,recovery,9.56800021,9.21600033,1.03819443,1313.79199
11,control,118,recovery,9.21600033,9.21600033,1,1325.05596
11,control,119,recovery,9.27999988,9.21600033,1.0069444,1335.29603
11,control,120,recovery,9.21600033,9.21600033,1,1346.56
11,control,121,recovery,9.21600033,9.21600033,1,1356.79996
11,control,122,recovery,9.21600033,9.21600033,1,1367.04004
11,control,123,recovery,9.21600033,9.21600033,1,1378.304
11,control,124,recovery,9.21600033,9.21600033,1,1388.54396
11,control,125,recovery,8.19199998,9.21600033,0.888888855,1399.80805
11,control,126,recovery,9.21600033,9.21600033,1,1410.04801
11,control,127,recovery,10.2399997,9.21600033,1.11111104,1420.28797
11,control,128,recovery,9.21600033,9.21600033,1,1431.55205
11,control,129,recovery,9.21600033,9.21600033,1,1441.79201
11,control,130,recovery,9.21600033,9.21600033,1,1453.05598
11,control,131,recovery,9.21600033,9.21600033,1,1463.29606
11,control,132,recovery,9.21600033,9.21600033,1,1473.53601
11,control,133,recovery,9.21600033,9.21600033,1,1484.79998
11,control,134,recovery,9.21600033,9.21600033,1,1495.04006
11,control,135,recovery,9.24799964,9.21600033,1.00347215,1505.28002
11,control,136,recovery,9.21600033,9.21600033,1,1516.54398
11,control,137,recovery,9.21600033,9.21600033,1,1526.78394
11,control,138,recovery,9.21600033,9.21600033,1,1537.02402
11,control,139,recovery,9.21600033,9.21600033,1,1548.28799
11,control,140,recovery,9.21600033,9.21600033,1,1558.52795
11,control,141,recovery,8.57600011,9.21600033,0.930555535,1569.79203
11,control,142,recovery,9.21600033,9.21600033,1,1580.03199
11,control,143,recovery,9.21600033,9.21600033,1,1590.27195
11,control,144,recovery,9.21600033,9.21600033,1,1600.51203
11,control,145,recovery,9.21600033,9.21600033,1,1611.77599
11,control,146,recovery,9.24799964,9.21600033,1.00347215,1622.01595
11,control,147,recovery,9.21600033,9.21600033,1,1633.28004
11,control,148,recovery,9.21600033,9.21600033,1,1643.52
11,control,149,recovery,9.47200041,9.21600033,1.02777779,1653.75996
11,control,150,recovery,9.21600033,9.21600033,1,1665.02404
11,control,151,recovery,9.21600033,9.21600033,1,1675.264
11,control,152,recovery,9.21600033,9.21600033,1,1686.52797
11,control,153,recovery,9.21600033,9.21600033,1,1696.76805
11,control,154,recovery,9.21600033,9.21600033,1,1707.008
11,control,155,recovery,9.21600033,9.21600033,1,1718.27197
11,control,156,recovery,9.21600033,9.21600033,1,1728.51205
11,control,157,recovery,9.21600033,9.21600033,1,1738.75201
11,control,158,recovery,9.21600033,9.21600033,1,1750.01597
11,control,159,recovery,9.21600033,9.21600033,1,1760.25605
11,control,160,recovery,9.44000017,9.21600033,1.02430554,1770.49601
11,control,161,recovery,9.21600033,9.21600033,1,1781.75998
11,control,162,recovery,9.21600033,9.21600033,1,1792.00006
11,control,163,recovery,9.53599997,9.21600033,1.03472218,1802.24001
11,control,164,recovery,9.21600033,9.21600033,1,1813.50398
11,control,165,recovery,9.21600033,9.21600033,1,1823.74406
11,control,166,recovery,9.21600033,9.21600033,1,1833.98402
11,control,167,recovery,9.21600033,9.21600033,1,1845.24798
11,control,168,recovery,9.21600033,9.21600033,1,1855.48794
11,control,169,recovery,9.21600033,9.21600033,1,1865.72802
11,control,170,recovery,9.21600033,9.21600033,1,1876.99199
11,control,171,recovery,9.21600033,9.21600033,1,1887.23195
11,control,172,recovery,9.21600033,9.21600033,1,1897.47202
11,control,173,recovery,9.21600033,9.21600033,1,1908.73599
11,control,174,recovery,9.21600033,9.21600033,1,1918.97595
11,control,175,recovery,9.24799964,9.21600033,1.00347215,1929.21603
11,control,176,recovery,9.21600033,9.21600033,1,1939.45599
11,control,177,recovery,9.21600033,9.21600033,1,1950.71995
11,control,178,recovery,9.50399972,9.21600033,1.03124993,1960.96003
11,control,179,recovery,9.21600033,9.21600033,1,1972.224
11,control,180,recovery,9.21600033,9.21600033,1,1982.46396
11,control,181,recovery,9.21600033,9.21600033,1,1993.72804
11,control,182,recovery,9.21600033,9.21600033,1,2003.968
11,control,183,recovery,9.21600033,9.21600033,1,2014.20808
11,control,184,recovery,8.19199998,9.21600033,0.888888855,2025.47193
11,control,185,recovery,9.21600033,9.21600033,1,2035.712
11,control,186,recovery,9.21600033,9.21600033,1,2045.95208
11,control,187,recovery,10.2399997,9.21600033,1.11111104,2056.19192
11,control,188,recovery,9.21600033,9.21600033,1,2067.45601
11,control,189,recovery,9.47200041,9.21600033,1.02777779,2077.69608
11,control,190,recovery,9.21600033,9.21600033,1,2088.95993
11,control,191,recovery,13.3119998,9.21600033,1.44444438,2099.20001
11,control,192,recovery,9.21600033,9.21600033,1,2113.53588
11,control,193,recovery,10.2399997,9.21600033,1.11111104,2123.77596
11,control,194,recovery,9.21600033,9.21600033,1,2135.04004
11,control,195,recovery,9.40799993,9.21600033,1.02083329,2145.27988
11,control,196,recovery,9.21600033,9.21600033,1,2156.54397
11,control,197,recovery,190.464005,9.21600033,20.6666665,2166.78405
11,control,198,recovery,10.2399997,9.21600033,1.11111104,2359.29608
11,control,199,recovery,11.2640001,9.21600033,1.22222219,2371.58394
12,interference,0,recovery,10.2399997,9.21600033,1.11111104,2.04799999
12,interference,1,recovery,9.44000017,9.21600033,1.02430554,13.3119998
12,interference,2,recovery,9.21600033,9.21600033,1,24.5760009
12,interference,3,recovery,10.2399997,9.21600033,1.11111104,34.8160006
12,interference,4,recovery,10.2399997,9.21600033,1.11111104,46.0800007
12,interference,5,recovery,9.21600033,9.21600033,1,57.3440008
12,interference,6,recovery,9.21600033,9.21600033,1,67.5840005
12,interference,7,recovery,9.21600033,9.21600033,1,78.8479969
12,interference,8,recovery,9.31200013,9.21600033,1.01041664,89.0880004
12,interference,9,recovery,9.21600033,9.21600033,1,100.351997
12,interference,10,recovery,9.21600033,9.21600033,1,110.592
12,interference,11,recovery,9.21600033,9.21600033,1,121.855997
12,interference,12,recovery,9.21600033,9.21600033,1,132.095993
12,interference,13,recovery,9.21600033,9.21600033,1,143.360004
12,interference,14,recovery,9.21600033,9.21600033,1,153.600007
12,interference,15,recovery,10.2399997,9.21600033,1.11111104,163.839996
12,interference,16,recovery,9.21600033,9.21600033,1,175.104007
12,interference,17,recovery,10.2399997,9.21600033,1.11111104,185.343996
12,interference,18,recovery,10.2399997,9.21600033,1.11111104,196.608007
12,interference,19,recovery,9.21600033,9.21600033,1,208.895996
12,interference,20,recovery,9.21600033,9.21600033,1,219.136
12,interference,21,recovery,9.34400037,9.21600033,1.01388889,229.376003
12,interference,22,recovery,8.19199998,9.21600033,0.888888855,240.64
12,interference,23,recovery,9.21600033,9.21600033,1,250.880003
12,interference,24,recovery,9.21600033,9.21600033,1,261.119992
12,interference,25,recovery,9.21600033,9.21600033,1,271.36001
12,interference,26,recovery,9.21600033,9.21600033,1,282.624006
12,interference,27,recovery,9.21600033,9.21600033,1,292.863995
12,interference,28,recovery,9.50399972,9.21600033,1.03124993,303.104013
12,interference,29,recovery,9.21600033,9.21600033,1,314.36801
12,interference,30,recovery,9.21600033,9.21600033,1,324.607998
12,interference,31,recovery,9.21600033,9.21600033,1,334.847987
12,interference,32,recovery,9.21600033,9.21600033,1,346.112013
12,interference,33,recovery,9.21600033,9.21600033,1,356.352001
12,interference,34,recovery,9.21600033,9.21600033,1,367.615998
12,interference,35,recovery,9.21600033,9.21600033,1,377.855986
12,interference,36,recovery,9.21600033,9.21600033,1,388.096005
12,interference,37,recovery,9.44000017,9.21600033,1.02430554,398.335993
12,interference,38,recovery,9.21600033,9.21600033,1,409.59999
12,interference,39,recovery,9.21600033,9.21600033,1,419.840008
12,interference,40,recovery,9.21600033,9.21600033,1,430.079997
12,interference,41,recovery,10.2399997,9.21600033,1.11111104,440.319985
12,interference,42,recovery,9.21600033,9.21600033,1,451.584011
12,interference,43,recovery,9.37599968,9.21600033,1.01736104,461.824
12,interference,44,recovery,9.21600033,9.21600033,1,473.087996
12,interference,45,recovery,9.21600033,9.21600033,1,483.328015
12,interference,46,recovery,9.37599968,9.21600033,1.01736104,493.568003
12,interference,47,recovery,9.21600033,9.21600033,1,504.832029
12,interference,48,recovery,9.21600033,9.21600033,1,515.071988
12,interference,49,recovery,9.50399972,9.21600033,1.03124993,525.312006
12,interference,50,recovery,9.21600033,9.21600033,1,536.575973
12,interference,51,recovery,9.37599968,9.21600033,1.01736104,546.815991
12,interference,52,recovery,9.21600033,9.21600033,1,558.080018
12,interference,53,recovery,9.21600033,9.21600033,1,568.319976
12,interference,54,recovery,9.50399972,9.21600033,1.03124993,578.559995
12,interference,55,recovery,9.21600033,9.21600033,1,589.824021
12,interference,56,recovery,9.53599997,9.21600033,1.03472218,600.06398
12,interference,57,recovery,9.21600033,9.21600033,1,611.328006
12,interference,58,recovery,9.21600033,9.21600033,1,621.568024
12,interference,59,recovery,9.21600033,9.21600033,1,631.807983
12,interference,60,recovery,10.2399997,9.21600033,1.11111104,642.048001
12,interference,61,recovery,9.21600033,9.21600033,1,653.312027
12,interference,62,recovery,9.21600033,9.21600033,1,663.551986
12,interference,63,recovery,9.21600033,9.21600033,1,673.792005
12,interference,64,recovery,9.21600033,9.21600033,1,685.055971
12,interference,65,recovery,9.21600033,9.21600033,1,695.29599
12,interference,66,recovery,9.21600033,9.21600033,1,705.536008
12,interference,67,recovery,9.21600033,9.21600033,1,715.776026
12,interference,68,recovery,9.21600033,9.21600033,1,727.039993
12,interference,69,recovery,9.24799964,9.21600033,1.00347215,737.280011
12,interference,70,recovery,9.21600033,9.21600033,1,747.52003
12,interference,71,recovery,9.21600033,9.21600033,1,758.783996
12,interference,72,recovery,9.21600033,9.21600033,1,769.024014
12,interference,73,recovery,9.31200013,9.21600033,1.01041664,779.263973
12,interference,74,recovery,9.21600033,9.21600033,1,790.527999
12,interference,75,recovery,9.21600033,9.21600033,1,800.768018
12,interference,76,recovery,10.2399997,9.21600033,1.11111104,811.007977
12,interference,77,recovery,9.21600033,9.21600033,1,822.272003
12,interference,78,recovery,9.21600033,9.21600033,1,832.512021
12,interference,79,recovery,9.21600033,9.21600033,1,842.75198
12,interference,80,recovery,9.21600033,9.21600033,1,854.016006
12,interference,81,recovery,9.21600033,9.21600033,1,864.256024
12,interference,82,recovery,9.21600033,9.21600033,1,874.495983
12,interference,83,recovery,9.21600033,9.21600033,1,885.760009
12,interference,84,recovery,9.21600033,9.21600033,1,896.000028
12,interference,85,recovery,9.37599968,9.21600033,1.01736104,906.239986
12,interference,86,recovery,9.21600033,9.21600033,1,917.504013
12,interference,87,recovery,9.21600033,9.21600033,1,927.743971
12,interference,88,recovery,9.21600033,9.21600033,1,937.98399
12,interference,89,recovery,9.21600033,9.21600033,1,948.224008
12,interference,90,recovery,8.19199998,9.21600033,0.888888855,959.487975
12,interference,91,recovery,9.21600033,9.21600033,1,969.727993
12,interference,92,recovery,9.21600033,9.21600033,1,979.968011
12,interference,93,recovery,9.50399972,9.21600033,1.03124993,990.20803
12,interference,94,recovery,9.21600033,9.21600033,1,1001.472
12,interference,95,recovery,9.21600033,9.21600033,1,1011.71196
12,interference,96,recovery,9.21600033,9.21600033,1,1021.95203
12,interference,97,recovery,9.56800021,9.21600033,1.03819443,1032.19199
12,interference,98,recovery,9.21600033,9.21600033,1,1043.45596
12,interference,99,recovery,9.21600033,9.21600033,1,1053.69604
12,interference,100,recovery,9.21600033,9.21600033,1,1063.936
12,interference,101,recovery,9.21600033,9.21600033,1,1074.17595
12,interference,102,recovery,9.21600033,9.21600033,1,1085.44004
12,interference,103,recovery,9.24799964,9.21600033,1.00347215,1095.68
12,interference,104,recovery,10.2399997,9.21600033,1.11111104,1105.91996
12,interference,105,recovery,9.21600033,9.21600033,1,1117.18404
12,interference,106,recovery,9.21600033,9.21600033,1,1127.424
12,interference,107,recovery,9.21600033,9.21600033,1,1137.66396
12,interference,108,recovery,9.21600033,9.21600033,1,1148.92805
12,interference,109,recovery,9.21600033,9.21600033,1,1159.168
12,interference,110,recovery,9.53599997,9.21600033,1.03472218,1169.40796
12,interference,111,recovery,9.21600033,9.21600033,1,1180.67205
12,interference,112,recovery,9.21600033,9.21600033,1,1190.91201
12,interference,113,recovery,9.21600033,9.21600033,1,1201.15197
12,interference,114,recovery,9.21600033,9.21600033,1,1212.41605
12,interference,115,recovery,9.21600033,9.21600033,1,1222.65601
12,interference,116,recovery,9.34400037,9.21600033,1.01388889,1232.89597
12,interference,117,recovery,9.21600033,9.21600033,1,1244.16006
12,interference,118,recovery,9.21600033,9.21600033,1,1254.40001
12,interference,119,recovery,9.47200041,9.21600033,1.02777779,1264.63997
12,interference,120,recovery,9.21600033,9.21600033,1,1275.90406
12,interference,121,recovery,9.21600033,9.21600033,1,1286.14402
12,interference,122,recovery,9.21600033,9.21600033,1,1297.40798
12,interference,123,recovery,9.21600033,9.21600033,1,1307.64794
12,interference,124,recovery,9.21600033,9.21600033,1,1318.91203
12,interference,125,recovery,9.21600033,9.21600033,1,1329.15199
12,interference,126,recovery,9.34400037,9.21600033,1.01388889,1339.39195
12,interference,127,recovery,9.21600033,9.21600033,1,1350.65603
12,interference,128,recovery,9.21600033,9.21600033,1,1360.89599
12,interference,129,recovery,10.2399997,9.21600033,1.11111104,1371.13595
12,interference,130,recovery,9.27999988,9.21600033,1.0069444,1382.40004
12,interference,131,recovery,9.21600033,9.21600033,1,1393.664
12,interference,132,recovery,9.21600033,9.21600033,1,1403.90396
12,interference,133,recovery,10.2399997,9.21600033,1.11111104,1414.14404
12,interference,134,recovery,9.21600033,9.21600033,1,1425.40801
12,interference,135,recovery,9.21600033,9.21600033,1,1436.67197
12,interference,136,recovery,9.21600033,9.21600033,1,1447.93606
12,interference,137,recovery,9.21600033,9.21600033,1,1458.17602
12,interference,138,recovery,9.47200041,9.21600033,1.02777779,1468.41598
12,interference,139,recovery,9.21600033,9.21600033,1,1479.67994
12,interference,140,recovery,9.21600033,9.21600033,1,1489.92002
12,interference,141,recovery,10.2399997,9.21600033,1.11111104,1500.15998
12,interference,142,recovery,9.21600033,9.21600033,1,1511.42395
12,interference,143,recovery,10.2399997,9.21600033,1.11111104,1521.66402
12,interference,144,recovery,9.21600033,9.21600033,1,1532.92799
12,interference,145,recovery,8.19199998,9.21600033,0.888888855,1544.19196
12,interference,146,recovery,9.21600033,9.21600033,1,1554.43203
12,interference,147,recovery,9.37599968,9.21600033,1.01736104,1564.67199
12,interference,148,recovery,9.21600033,9.21600033,1,1575.93596
12,interference,149,recovery,9.21600033,9.21600033,1,1586.17604
12,interference,150,recovery,9.21600033,9.21600033,1,1596.416
12,interference,151,recovery,9.21600033,9.21600033,1,1606.65596
12,interference,152,recovery,9.21600033,9.21600033,1,1617.92004
12,interference,153,recovery,188.416004,9.21600033,20.4444442,1628.16
12,interference,154,recovery,12.2880004,9.21600033,1.33333333,1818.62402
12,interference,155,recovery,15.3599996,9.21600033,1.66666657,1836.03203
12,interference,156,recovery,15.3599996,9.21600033,1.66666657,1857.53596
12,interference,157,recovery,14.3360002,9.21600033,1.55555552,1880.06401
12,interference,158,recovery,14.3360002,9.21600033,1.55555552,1901.56806
12,interference,159,recovery,11.2640001,9.21600033,1.22222219,1922.04797
12,interference,160,recovery,10.2399997,9.21600033,1.11111104,1934.33595
12,interference,161,recovery,9.21600033,9.21600033,1,1946.62404
12,interference,162,recovery,11.2640001,9.21600033,1.22222219,1957.88801
12,interference,163,recovery,17.4080003,9.21600033,1.88888886,1975.29602
12,interference,164,recovery,13.3119998,9.21600033,1.44444438,1997.82395
12,interference,165,recovery,12.2880004,9.21600033,1.33333333,2017.2801
12,interference,166,recovery,12.2880004,9.21600033,1.33333333,2031.61597
12,interference,167,recovery,10.2399997,9.21600033,1.11111104,2045.95208
12,interference,168,recovery,9.21600033,9.21600033,1,2058.23994
12,interference,169,recovery,10.2399997,9.21600033,1.11111104,2068.48001
12,interference,170,recovery,10.2399997,9.21600033,1.11111104,2081.79212
12,interference,171,recovery,11.2640001,9.21600033,1.22222219,2096.12799
12,interference,172,recovery,10.2399997,9.21600033,1.11111104,2109.44009
12,interference,173,recovery,10.2399997,9.21600033,1.11111104,2121.72794
12,interference,174,recovery,11.2640001,9.21600033,1.22222219,2135.04004
12,interference,175,recovery,10.2399997,9.21600033,1.11111104,2148.35191
12,interference,176,recovery,9.21600033,9.21600033,1,2161.66401
12,interference,177,recovery,9.21600033,9.21600033,1,2171.90409
12,interference,178,recovery,9.21600033,9.21600033,1,2183.16793
12,interference,179,recovery,12.2880004,9.21600033,1.33333333,2194.43202
12,interference,180,recovery,11.2640001,9.21600033,1.22222219,2211.83991
12,interference,181,recovery,10.2399997,9.21600033,1.11111104,2225.15202
12,interference,182,recovery,10.2399997,9.21600033,1.11111104,2237.44011
12,interference,183,recovery,10.2399997,9.21600033,1.11111104,2249.72796
12,interference,184,recovery,10.2399997,9.21600033,1.11111104,2262.01606
12,interference,185,recovery,9.34400037,9.21600033,1.01388889,2274.30391
12,interference,186,recovery,9.21600033,9.21600033,1,2285.568
12,interference,187,recovery,11.2640001,9.21600033,1.22222219,2295.80808
12,interference,188,recovery,10.2399997,9.21600033,1.11111104,2309.11994
12,interference,189,recovery,11.2640001,9.21600033,1.22222219,2321.40803
12,interference,190,recovery,10.2399997,9.21600033,1.11111104,2334.7199
12,interference,191,recovery,11.2640001,9.21600033,1.22222219,2347.00799
12,interference,192,recovery,10.2399997,9.21600033,1.11111104,2362.36811
12,interference,193,recovery,9.50399972,9.21600033,1.03124993,2374.65596
12,interference,194,recovery,9.21600033,9.21600033,1,2385.92005
12,interference,195,recovery,10.2399997,9.21600033,1.11111104,2397.1839
12,interference,196,recovery,10.2399997,9.21600033,1.11111104,2409.47199
12,interference,197,recovery,11.2640001,9.21600033,1.22222219,2421.76008
12,interference,198,recovery,11.2640001,9.21600033,1.22222219,2439.16798
12,interference,199,recovery,11.2640001,9.21600033,1.22222219,2453.50409
13,interference,0,recovery,10.2399997,9.21600033,1.11111104,2.04799999
13,interference,1,recovery,9.27999988,9.21600033,1.0069444,13.3119998
13,interference,2,recovery,10.2399997,9.21600033,1.11111104,23.5520005
13,interference,3,recovery,9.21600033,9.21600033,1,34.8160006
13,interference,4,recovery,9.21600033,9.21600033,1,46.0800007
13,interference,5,recovery,9.21600033,9.21600033,1,56.3200004
13,interference,6,recovery,9.21600033,9.21600033,1,66.5600002
13,interference,7,recovery,9.21600033,9.21600033,1,77.8239965
13,interference,8,recovery,9.21600033,9.21600033,1,88.064
13,interference,9,recovery,9.21600033,9.21600033,1,98.3040035
13,interference,10,recovery,9.21600033,9.21600033,1,109.568
13,interference,11,recovery,9.21600033,9.21600033,1,119.808003
13,interference,12,recovery,10.2399997,9.21600033,1.11111104,130.048007
13,interference,13,recovery,9.21600033,9.21600033,1,141.312003
13,interference,14,recovery,9.37599968,9.21600033,1.01736104,151.552007
13,interference,15,recovery,9.21600033,9.21600033,1,162.816003
13,interference,16,recovery,9.21600033,9.21600033,1,173.056006
13,interference,17,recovery,9.21600033,9.21600033,1,183.295995
13,interference,18,recovery,9.21600033,9.21600033,1,194.560006
13,interference,19,recovery,9.21600033,9.21600033,1,204.799995
13,interference,20,recovery,9.21600033,9.21600033,1,215.039998
13,interference,21,recovery,10.2399997,9.21600033,1.11111104,225.280002
13,interference,22,recovery,9.21600033,9.21600033,1,236.543998
13,interference,23,recovery,9.34400037,9.21600033,1.01388889,246.784002
13,interference,24,recovery,9.21600033,9.21600033,1,258.047998
13,interference,25,recovery,9.21600033,9.21600033,1,268.287987
13,interference,26,recovery,9.21600033,9.21600033,1,278.528005
13,interference,27,recovery,9.56800021,9.21600033,1.03819443,288.767993
13,interference,28,recovery,9.21600033,9.21600033,1,300.03199
13,interference,29,recovery,9.21600033,9.21600033,1,310.272008
13,interference,30,recovery,9.27999988,9.21600033,1.0069444,320.511997
13,interference,31,recovery,9.21600033,9.21600033,1,330.751985
13,interference,32,recovery,9.21600033,9.21600033,1,342.016011
13,interference,33,recovery,9.21600033,9.21600033,1,352.256
13,interference,34,recovery,9.21600033,9.21600033,1,363.519996
13,interference,35,recovery,9.21600033,9.21600033,1,373.760015
13,interference,36,recovery,9.21600033,9.21600033,1,384.000003
13,interference,37,recovery,9.21600033,9.21600033,1,394.239992
13,interference,38,recovery,9.21600033,9.21600033,1,405.503988
13,interference,39,recovery,9.21600033,9.21600033,1,415.744007
13,interference,40,recovery,10.2399997,9.21600033,1.11111104,425.983995
13,interference,41,recovery,9.21600033,9.21600033,1,437.247992
13,interference,42,recovery,9.24799964,9.21600033,1.00347215,447.48801
13,interference,43,recovery,9.21600033,9.21600033,1,458.752006
13,interference,44,recovery,9.21600033,9.21600033,1,468.991995
13,interference,45,recovery,9.21600033,9.21600033,1,479.232013
13,interference,46,recovery,9.21600033,9.21600033,1,489.472002
13,interference,47,recovery,9.21600033,9.21600033,1,500.735998
13,interference,48,recovery,9.21600033,9.21600033,1,510.976017
13,interference,49,recovery,9.27999988,9.21600033,1.0069444,521.215975
13,interference,50,recovery,8.19199998,9.21600033,0.888888855,532.480001
13,interference,51,recovery,9.21600033,9.21600033,1,542.72002
13,interference,52,recovery,9.21600033,9.21600033,1,552.959979
13,interference,53,recovery,9.21600033,9.21600033,1,563.199997
13,interference,54,recovery,9.21600033,9.21600033,1,574.464023
13,interference,55,recovery,9.21600033,9.21600033,1,584.703982
13,interference,56,recovery,9.21600033,9.21600033,1,594.944
13,interference,57,recovery,9.21600033,9.21600033,1,606.208026
13,interference,58,recovery,9.21600033,9.21600033,1,616.447985
13,interference,59,recovery,9.21600033,9.21600033,1,626.688004
13,interference,60,recovery,9.21600033,9.21600033,1,637.95203
13,interference,61,recovery,9.21600033,9.21600033,1,648.191988
13,interference,62,recovery,9.21600033,9.21600033,1,658.432007
13,interference,63,recovery,9.21600033,9.21600033,1,669.695973
13,interference,64,recovery,9.21600033,9.21600033,1,679.935992
13,interference,65,recovery,9.21600033,9.21600033,1,690.17601
13,interference,66,recovery,9.21600033,9.21600033,1,701.439977
13,interference,67,recovery,9.21600033,9.21600033,1,711.679995
13,interference,68,recovery,9.21600033,9.21600033,1,721.920013
13,interference,69,recovery,9.21600033,9.21600033,1,733.18398
13,interference,70,recovery,9.21600033,9.21600033,1,743.423998
13,interference,71,recovery,10.2399997,9.21600033,1.11111104,753.664017
13,interference,72,recovery,9.21600033,9.21600033,1,764.927983
13,interference,73,recovery,9.47200041,9.21600033,1.02777779,775.168002
13,interference,74,recovery,9.21600033,9.21600033,1,786.432028
13,interference,75,recovery,9.21600033,9.21600033,1,796.671987
13,interference,76,recovery,9.44000017,9.21600033,1.02430554,806.912005
13,interference,77,recovery,9.21600033,9.21600033,1,818.175972
13,interference,78,recovery,9.21600033,9.21600033,1,828.41599
13,interference,79,recovery,10.2399997,9.21600033,1.11111104,838.656008
13,interference,80,recovery,9.21600033,9.21600033,1,849.919975
13,interference,81,recovery,9.31200013,9.21600033,1.01041664,860.159993
13,interference,82,recovery,9.21600033,9.21600033,1,871.424019
13,interference,83,recovery,9.21600033,9.21600033,1,881.663978
13,interference,84,recovery,9.44000017,9.21600033,1.02430554,891.903996
13,interference,85,recovery,9.21600033,9.21600033,1,903.168023
13,interference,86,recovery,9.21600033,9.21600033,1,913.407981
13,interference,87,recovery,9.27999988,9.21600033,1.0069444,923.648
13,interference,88,recovery,10.2399997,9.21600033,1.11111104,933.888018
13,interference,89,recovery,9.21600033,9.21600033,1,945.151985
13,interference,90,recovery,17.4080003,9.21600033,1.88888886,955.392003
13,interference,91,recovery,9.21600033,9.21600033,1,974.847972
13,interference,92,recovery,9.21600033,9.21600033,1,985.087991
13,interference,93,recovery,9.44000017,9.21600033,1.02430554,995.328009
13,interference,94,recovery,9.21600033,9.21600033,1,1006.59204
13,interference,95,recovery,9.21600033,9.21600033,1,1016.83199
13,interference,96,recovery,9.21600033,9.21600033,1,1028.09596
13,interference,97,recovery,9.21600033,9.21600033,1,1038.33604
13,interference,98,recovery,9.21600033,9.21600033,1,1049.60001
13,interference,99,recovery,18.4320007,9.21600033,2,1059.83996
13,interference,100,recovery,9.21600033,9.21600033,1,1079.29599
13,interference,101,recovery,9.34400037,9.21600033,1.01388889,1089.53595
13,interference,102,recovery,9.21600033,9.21600033,1,1100.80004
13,interference,103,recovery,9.21600033,9.21600033,1,1111.04
13,interference,104,recovery,9.21600033,9.21600033,1,1121.27995
13,interference,105,recovery,9.21600033,9.21600033,1,1132.54404
13,interference,106,recovery,9.21600033,9.21600033,1,1142.784
13,interference,107,recovery,9.47200041,9.21600033,1.02777779,1153.02396
13,interference,108,recovery,9.21600033,9.21600033,1,1164.28804
13,interference,109,recovery,9.24799964,9.21600033,1.00347215,1174.528
13,interference,110,recovery,9.21600033,9.21600033,1,1185.79197
13,interference,111,recovery,9.21600033,9.21600033,1,1196.03205
13,interference,112,recovery,9.50399972,9.21600033,1.03124993,1206.27201
13,interference,113,recovery,9.21600033,9.21600033,1,1217.53597
13,interference,114,recovery,9.21600033,9.21600033,1,1227.77605
13,interference,115,recovery,10.2399997,9.21600033,1.11111104,1238.01601
13,interference,116,recovery,9.27999988,9.21600033,1.0069444,1249.27998
13,interference,117,recovery,9.21600033,9.21600033,1,1260.54394
13,interference,118,recovery,10.2399997,9.21600033,1.11111104,1270.78402
13,interference,119,recovery,10.2399997,9.21600033,1.11111104,1282.04799
13,interference,120,recovery,9.21600033,9.21600033,1,1293.31195
13,interference,121,recovery,9.24799964,9.21600033,1.00347215,1303.55203
13,interference,122,recovery,9.21600033,9.21600033,1,1313.79199
13,interference,123,recovery,9.21600033,9.21600033,1,1325.05596
13,interference,124,recovery,9.21600033,9.21600033,1,1335.29603
13,interference,125,recovery,9.56800021,9.21600033,1.03819443,1345.53599
13,interference,126,recovery,9.21600033,9.21600033,1,1356.79996
13,interference,127,recovery,9.21600033,9.21600033,1,1367.04004
13,interference,128,recovery,9.50399972,9.21600033,1.03124993,1377.28
13,interference,129,recovery,9.21600033,9.21600033,1,1388.54396
13,interference,130,recovery,9.21600033,9.21600033,1,1398.78404
13,interference,131,recovery,9.40799993,9.21600033,1.02083329,1409.024
13,interference,132,recovery,9.21600033,9.21600033,1,1420.28797
13,interference,133,recovery,9.21600033,9.21600033,1,1430.52804
13,interference,134,recovery,9.21600033,9.21600033,1,1440.768
13,interference,135,recovery,10.2399997,9.21600033,1.11111104,1451.00796
13,interference,136,recovery,9.21600033,9.21600033,1,1462.27205
13,interference,137,recovery,9.21600033,9.21600033,1,1472.51201
13,interference,138,recovery,9.21600033,9.21600033,1,1482.75197
13,interference,139,recovery,9.21600033,9.21600033,1,1494.01605
13,interference,140,recovery,9.21600033,9.21600033,1,1504.25601
13,interference,141,recovery,9.21600033,9.21600033,1,1514.49597
13,interference,142,recovery,9.21600033,9.21600033,1,1524.73605
13,interference,143,recovery,9.21600033,9.21600033,1,1534.97601
13,interference,144,recovery,11.2640001,9.21600033,1.22222219,1546.23997
13,interference,145,recovery,9.21600033,9.21600033,1,1558.52795
13,interference,146,recovery,9.56800021,9.21600033,1.03819443,1568.76802
13,interference,147,recovery,9.21600033,9.21600033,1,1580.03199
13,interference,148,recovery,9.21600033,9.21600033,1,1590.27195
13,interference,149,recovery,9.37599968,9.21600033,1.01736104,1600.51203
13,interference,150,recovery,9.21600033,9.21600033,1,1611.77599
13,interference,151,recovery,172.031999,9.21600033,18.6666659,1622.01595
13,interference,152,recovery,10.2399997,9.21600033,1.11111104,1796.09597
13,interference,153,recovery,9.21600033,9.21600033,1,1808.38394
13,interference,154,recovery,11.2640001,9.21600033,1.22222219,1819.64803
13,interference,155,recovery,15.3599996,9.21600033,1.66666657,1832.96001
13,interference,156,recovery,14.3360002,9.21600033,1.55555552,1853.44005
13,interference,157,recovery,13.3119998,9.21600033,1.44444438,1873.91996
13,interference,158,recovery,14.3360002,9.21600033,1.55555552,1916.92805
13,interference,159,recovery,10.2399997,9.21600033,1.11111104,1936.38396
13,interference,160,recovery,10.2399997,9.21600033,1.11111104,1947.64805
13,interference,161,recovery,9.21600033,9.21600033,1,1958.91201
13,interference,162,recovery,10.2399997,9.21600033,1.11111104,1970.17598
13,interference,163,recovery,15.3599996,9.21600033,1.66666657,1984.51197
13,interference,164,recovery,12.2880004,9.21600033,1.33333333,2003.968
13,interference,165,recovery,12.2880004,9.21600033,1.33333333,2020.35189
13,interference,166,recovery,12.2880004,9.21600033,1.33333333,2035.712
13,interference,167,recovery,12.2880004,9.21600033,1.33333333,2053.1199
13,interference,168,recovery,10.2399997,9.21600033,1.11111104,2068.48001
13,interference,169,recovery,9.21600033,9.21600033,1,2080.76811
13,interference,170,recovery,9.53599997,9.21600033,1.03472218,2091.00795
13,interference,171,recovery,14.3360002,9.21600033,1.55555552,2102.27203
13,interference,172,recovery,11.2640001,9.21600033,1.22222219,2122.75195
13,interference,173,recovery,13.3119998,9.21600033,1.44444438,2139.13608
13,interference,174,recovery,11.2640001,9.21600033,1.22222219,2157.56798
13,interference,175,recovery,10.2399997,9.21600033,1.11111104,2170.88008
13,interference,176,recovery,9.21600033,9.21600033,1,2183.16793
13,interference,177,recovery,9.21600033,9.21600033,1,2194.43202
13,interference,178,recovery,9.21600033,9.21600033,1,2205.69611
13,interference,179,recovery,11.2640001,9.21600033,1.22222219,2215.93595
13,interference,180,recovery,10.2399997,9.21600033,1.11111104,2229.24805
13,interference,181,recovery,10.2399997,9.21600033,1.11111104,2242.55991
13,interference,182,recovery,11.2640001,9.21600033,1.22222219,2255.87201
13,interference,183,recovery,11.2640001,9.21600033,1.22222219,2270.20788
13,interference,184,recovery,10.2399997,9.21600033,1.11111104,2284.54399
13,interference,185,recovery,10.2399997,9.21600033,1.11111104,2296.83208
13,interference,186,recovery,10.2399997,9.21600033,1.11111104,2308.09593
13,interference,187,recovery,9.21600033,9.21600033,1,2319.36002
13,interference,188,recovery,10.2399997,9.21600033,1.11111104,2330.6241
13,interference,189,recovery,12.2880004,9.21600033,1.33333333,2342.91196
13,interference,190,recovery,12.2880004,9.21600033,1.33333333,2360.32009
13,interference,191,recovery,11.2640001,9.21600033,1.22222219,2375.67997
13,interference,192,recovery,11.2640001,9.21600033,1.22222219,2388.99207
13,interference,193,recovery,10.2399997,9.21600033,1.11111104,2402.30393
13,interference,194,recovery,10.3040002,9.21600033,1.11805554,2414.59203
13,interference,195,recovery,9.21600033,9.21600033,1,2426.87988
13,interference,196,recovery,10.2399997,9.21600033,1.11111104,2437.11996
13,interference,197,recovery,10.2399997,9.21600033,1.11111104,2449.40805
13,interference,198,recovery,9.21600033,9.21600033,1,2462.71992
13,interference,199,recovery,10.2399997,9.21600033,1.11111104,2475.00801
14,interference,0,recovery,9.21600033,10.0800004,0.914285712,2.04799999
14,interference,1,recovery,9.21600033,10.0800004,0.914285712,13.3119998
14,interference,2,recovery,9.27999988,10.0800004,0.920634874,23.5520005
14,interference,3,recovery,9.21600033,10.0800004,0.914285712,34.8160006
14,interference,4,recovery,9.47200041,10.0800004,0.939682545,45.0560004
14,interference,5,recovery,9.21600033,10.0800004,0.914285712,56.3200004
14,interference,6,recovery,9.21600033,10.0800004,0.914285712,66.5600002
14,interference,7,recovery,9.21600033,10.0800004,0.914285712,76.8000036
14,interference,8,recovery,9.21600033,10.0800004,0.914285712,88.064
14,interference,9,recovery,9.21600033,10.0800004,0.914285712,98.3040035
14,interference,10,recovery,9.21600033,10.0800004,0.914285712,108.543999
14,interference,11,recovery,9.21600033,10.0800004,0.914285712,119.808003
14,interference,12,recovery,9.21600033,10.0800004,0.914285712,130.048007
14,interference,13,recovery,8.19199998,10.0800004,0.81269838,141.312003
14,interference,14,recovery,9.21600033,10.0800004,0.914285712,151.552007
14,interference,15,recovery,9.21600033,10.0800004,0.914285712,161.791995
14,interference,16,recovery,9.21600033,10.0800004,0.914285712,172.031999
14,interference,17,recovery,9.21600033,10.0800004,0.914285712,183.295995
14,interference,18,recovery,9.21600033,10.0800004,0.914285712,193.535998
14,interference,19,recovery,9.21600033,10.0800004,0.914285712,203.776002
14,interference,20,recovery,9.21600033,10.0800004,0.914285712,215.039998
14,interference,21,recovery,9.21600033,10.0800004,0.914285712,225.280002
14,interference,22,recovery,10.2399997,10.0800004,1.01587295,235.520005
14,interference,23,recovery,9.21600033,10.0800004,0.914285712,246.784002
14,interference,24,recovery,9.40799993,10.0800004,0.93333329,257.02399
14,interference,25,recovery,9.21600033,10.0800004,0.914285712,268.287987
14,interference,26,recovery,9.21600033,10.0800004,0.914285712,278.528005
14,interference,27,recovery,9.21600033,10.0800004,0.914285712,288.767993
14,interference,28,recovery,9.21600033,10.0800004,0.914285712,300.03199
14,interference,29,recovery,9.21600033,10.0800004,0.914285712,310.272008
14,interference,30,recovery,9.21600033,10.0800004,0.914285712,320.511997
14,interference,31,recovery,9.21600033,10.0800004,0.914285712,331.775993
14,interference,32,recovery,9.21600033,10.0800004,0.914285712,342.016011
14,interference,33,recovery,9.21600033,10.0800004,0.914285712,352.256
14,interference,34,recovery,10.2399997,10.0800004,1.01587295,362.495989
14,interference,35,recovery,9.21600033,10.0800004,0.914285712,373.760015
14,interference,36,recovery,9.21600033,10.0800004,0.914285712,384.000003
14,interference,37,recovery,9.21600033,10.0800004,0.914285712,394.239992
14,interference,38,recovery,9.21600033,10.0800004,0.914285712,404.48001
14,interference,39,recovery,9.21600033,10.0800004,0.914285712,415.744007
14,interference,40,recovery,9.21600033,10.0800004,0.914285712,425.983995
14,interference,41,recovery,9.21600033,10.0800004,0.914285712,436.224014
14,interference,42,recovery,10.2399997,10.0800004,1.01587295,446.464002
14,interference,43,recovery,9.21600033,10.0800004,0.914285712,457.727998
14,interference,44,recovery,9.34400037,10.0800004,0.926984128,467.967987
14,interference,45,recovery,9.21600033,10.0800004,0.914285712,479.232013
14,interference,46,recovery,9.21600033,10.0800004,0.914285712,489.472002
14,interference,47,recovery,9.21600033,10.0800004,0.914285712,499.71199
14,interference,48,recovery,8.19199998,10.0800004,0.81269838,510.976017
14,interference,49,recovery,9.21600033,10.0800004,0.914285712,521.215975
14,interference,50,recovery,9.21600033,10.0800004,0.914285712,531.455994
14,interference,51,recovery,9.56800021,10.0800004,0.949206334,541.696012
14,interference,52,recovery,9.21600033,10.0800004,0.914285712,552.959979
14,interference,53,recovery,9.21600033,10.0800004,0.914285712,563.199997
14,interference,54,recovery,9.21600033,10.0800004,0.914285712,573.440015
14,interference,55,recovery,9.21600033,10.0800004,0.914285712,584.703982
14,interference,56,recovery,9.21600033,10.0800004,0.914285712,594.944
14,interference,57,recovery,9.21600033,10.0800004,0.914285712,605.184019
14,interference,58,recovery,8.19199998,10.0800004,0.81269838,616.447985
14,interference,59,recovery,9.21600033,10.0800004,0.914285712,626.688004
14,interference,60,recovery,9.21600033,10.0800004,0.914285712,636.928022
14,interference,61,recovery,9.21600033,10.0800004,0.914285712,647.167981
14,interference,62,recovery,9.21600033,10.0800004,0.914285712,658.432007
14,interference,63,recovery,9.21600033,10.0800004,0.914285712,668.672025
14,interference,64,recovery,9.21600033,10.0800004,0.914285712,678.911984
14,interference,65,recovery,9.21600033,10.0800004,0.914285712,689.152002
14,interference,66,recovery,12.2880004,10.0800004,1.21904762,699.392021
14,interference,67,recovery,9.21600033,10.0800004,0.914285712,712.704003
14,interference,68,recovery,9.44000017,10.0800004,0.936507917,722.944021
14,interference,69,recovery,9.21600033,10.0800004,0.914285712,734.207988
14,interference,70,recovery,9.21600033,10.0800004,0.914285712,744.448006
14,interference,71,recovery,9.21600033,10.0800004,0.914285712,754.688025
14,interference,72,recovery,9.21600033,10.0800004,0.914285712,765.951991
14,interference,73,recovery,9.21600033,10.0800004,0.914285712,776.192009
14,interference,74,recovery,9.21600033,10.0800004,0.914285712,786.432028
14,interference,75,recovery,10.2399997,10.0800004,1.01587295,796.671987
14,interference,76,recovery,9.21600033,10.0800004,0.914285712,807.936013
14,interference,77,recovery,9.21600033,10.0800004,0.914285712,818.175972
14,interference,78,recovery,9.21600033,10.0800004,0.914285712,829.439998
14,interference,79,recovery,9.21600033,10.0800004,0.914285712,839.680016
14,interference,80,recovery,9.21600033,10.0800004,0.914285712,850.943983
14,interference,81,recovery,9.21600033,10.0800004,0.914285712,861.184001
14,interference,82,recovery,9.37599968,10.0800004,0.930158663,871.424019
14,interference,83,recovery,9.21600033,10.0800004,0.914285712,882.687986
14,interference,84,recovery,9.24799964,10.0800004,0.917460246,892.928004
14,interference,85,recovery,9.21600033,10.0800004,0.914285712,904.191971
14,interference,86,recovery,9.21600033,10.0800004,0.914285712,914.431989
14,interference,87,recovery,9.24799964,10.0800004,0.917460246,924.672008
14,interference,88,recovery,10.2399997,10.0800004,1.01587295,934.912026
14,interference,89,recovery,9.21600033,10.0800004,0.914285712,946.175992
14,interference,90,recovery,9.21600033,10.0800004,0.914285712,956.416011
14,interference,91,recovery,16.384,10.0800004,1.62539676,967.679977
14,interference,92,recovery,9.21600033,10.0800004,0.914285712,985.087991
14,interference,93,recovery,9.21600033,10.0800004,0.914285712,996.352017
14,interference,94,recovery,9.21600033,10.0800004,0.914285712,1006.59204
14,interference,95,recovery,9.21600033,10.0800004,0.914285712,1017.856
14,interference,96,recovery,9.21600033,10.0800004,0.914285712,1028.09596
14,interference,97,recovery,9.21600033,10.0800004,0.914285712,1039.36005
14,interference,98,recovery,9.21600033,10.0800004,0.914285712,1049.60001
14,interference,99,recovery,10.2399997,10.0800004,1.01587295,1059.83996
14,interference,100,recovery,9.21600033,10.0800004,0.914285712,1071.10405
14,interference,101,recovery,9.56800021,10.0800004,0.949206334,1081.34401
14,interference,102,recovery,9.21600033,10.0800004,0.914285712,1092.60798
14,interference,103,recovery,9.21600033,10.0800004,0.914285712,1102.84805
14,interference,104,recovery,9.34400037,10.0800004,0.926984128,1113.08801
14,interference,105,recovery,9.21600033,10.0800004,0.914285712,1124.35198
14,interference,106,recovery,9.21600033,10.0800004,0.914285712,1134.59206
14,interference,107,recovery,9.44000017,10.0800004,0.936507917,1144.83202
14,interference,108,recovery,9.21600033,10.0800004,0.914285712,1156.09598
14,interference,109,recovery,9.53599997,10.0800004,0.946031707,1166.33606
14,interference,110,recovery,9.21600033,10.0800004,0.914285712,1177.60003
14,interference,111,recovery,9.21600033,10.0800004,0.914285712,1187.83998
14,interference,112,recovery,9.50399972,10.0800004,0.94285708,1198.07994
14,interference,113,recovery,9.21600033,10.0800004,0.914285712,1209.34403
14,interference,114,recovery,9.21600033,10.0800004,0.914285712,1219.58399
14,interference,115,recovery,9.21600033,10.0800004,0.914285712,1229.82395
14,interference,116,recovery,9.21600033,10.0800004,0.914285712,1241.08803
14,interference,117,recovery,9.21600033,10.0800004,0.914285712,1251.32799
14,interference,118,recovery,9.21600033,10.0800004,0.914285712,1261.56795
14,interference,119,recovery,9.21600033,10.0800004,0.914285712,1272.83204
14,interference,120,recovery,9.34400037,10.0800004,0.926984128,1283.07199
14,interference,121,recovery,9.21600033,10.0800004,0.914285712,1294.33596
14,interference,122,recovery,9.21600033,10.0800004,0.914285712,1304.57604
14,interference,123,recovery,9.21600033,10.0800004,0.914285712,1314.816
14,interference,124,recovery,9.21600033,10.0800004,0.914285712,1326.07996
14,interference,125,recovery,9.21600033,10.0800004,0.914285712,1336.32004
14,interference,126,recovery,171.008006,10.0800004,16.9650793,1346.56
14,interference,127,recovery,10.2399997,10.0800004,1.01587295,1519.61601
14,interference,128,recovery,10.2399997,10.0800004,1.01587295,1531.90398
14,interference,129,recovery,14.3360002,10.0800004,1.42222219,1547.26398
14,interference,130,recovery,15.3599996,10.0800004,1.52380943,1568.76802
14,interference,131,recovery,14.3360002,10.0800004,1.42222219,1592.31997
14,interference,132,recovery,14.3360002,10.0800004,1.42222219,1611.77599
14,interference,133,recovery,12.2880004,10.0800004,1.21904762,1633.28004
14,interference,134,recovery,10.2399997,10.0800004,1.01587295,1648.64004
14,interference,135,recovery,12.2880004,10.0800004,1.21904762,1660.92801
14,interference,136,recovery,12.2880004,10.0800004,1.21904762,1679.36003
14,interference,137,recovery,30.7199992,10.0800004,3.04761885,1694.72003
14,interference,138,recovery,14.3360002,10.0800004,1.42222219,1729.53606
14,interference,139,recovery,15.3599996,10.0800004,1.52380943,1748.99197
14,interference,140,recovery,12.2880004,10.0800004,1.21904762,1768.448
14,interference,141,recovery,10.2399997,10.0800004,1.01587295,1781.75998
14,interference,142,recovery,9.21600033,10.0800004,0.914285712,1793.02394
14,interference,143,recovery,11.2640001,10.0800004,1.11746028,1804.28803
14,interference,144,recovery,11.2640001,10.0800004,1.11746028,1818.62402
14,interference,145,recovery,14.3360002,10.0800004,1.42222219,1832.96001
14,interference,146,recovery,11.2640001,10.0800004,1.11746028,1852.41604
14,interference,147,recovery,11.2640001,10.0800004,1.11746028,1865.72802
14,interference,148,recovery,10.2399997,10.0800004,1.01587295,1879.04
14,interference,149,recovery,10.2399997,10.0800004,1.01587295,1892.35198
14,interference,150,recovery,9.21600033,10.0800004,0.914285712,1903.61595
14,interference,151,recovery,10.2399997,10.0800004,1.01587295,1913.85603
14,interference,152,recovery,9.21600033,10.0800004,0.914285712,1925.12
14,interference,153,recovery,10.2399997,10.0800004,1.01587295,1935.35995
14,interference,154,recovery,10.2399997,10.0800004,1.01587295,1947.64805
14,interference,155,recovery,11.2640001,10.0800004,1.11746028,1959.93602
14,interference,156,recovery,10.2399997,10.0800004,1.01587295,1974.27201
14,interference,157,recovery,10.2399997,10.0800004,1.01587295,1986.55999
14,interference,158,recovery,10.2399997,10.0800004,1.01587295,1998.84796
14,interference,159,recovery,10.2399997,10.0800004,1.01587295,2012.16006
14,interference,160,recovery,9.21600033,10.0800004,0.914285712,2025.47193
14,interference,161,recovery,9.21600033,10.0800004,0.914285712,2035.712
14,interference,162,recovery,10.2399997,10.0800004,1.01587295,2046.97609
14,interference,163,recovery,12.2880004,10.0800004,1.21904762,2060.28795
14,interference,164,recovery,10.2399997,10.0800004,1.01587295,2074.62406
14,interference,165,recovery,9.21600033,10.0800004,0.914285712,2086.91192
14,interference,166,recovery,11.2640001,10.0800004,1.11746028,2100.22402
14,interference,167,recovery,14.3360002,10.0800004,1.42222219,2117.63191
14,interference,168,recovery,10.2399997,10.0800004,1.01587295,2136.06405
14,interference,169,recovery,9.37599968,10.0800004,0.930158663,2147.3279
14,interference,170,recovery,9.21600033,10.0800004,0.914285712,2158.59199
14,interference,171,recovery,12.2880004,10.0800004,1.21904762,2170.88008
14,interference,172,recovery,15.3599996,10.0800004,1.52380943,2188.28797
14,interference,173,recovery,11.2640001,10.0800004,1.11746028,2208.76789
14,interference,174,recovery,12.2880004,10.0800004,1.21904762,2224.12801
14,interference,175,recovery,14.3360002,10.0800004,1.42222219,2241.5359
14,interference,176,recovery,10.2399997,10.0800004,1.01587295,2257.92003
14,interference,177,recovery,9.21600033,10.0800004,0.914285712,2269.18411
14,interference,178,recovery,11.2640001,10.0800004,1.11746028,2279.42395
14,interference,179,recovery,12.2880004,10.0800004,1.21904762,2292.73605
14,interference,180,recovery,11.2640001,10.0800004,1.11746028,2307.07192
14,interference,181,recovery,10.2399997,10.0800004,1.01587295,2320.38403
14,interference,182,recovery,10.2399997,10.0800004,1.01587295,2333.69589
14,interference,183,recovery,10.2399997,10.0800004,1.01587295,2347.00799
14,interference,184,recovery,10.2399997,10.0800004,1.01587295,2359.29608
14,interference,185,recovery,9.21600033,10.0800004,0.914285712,2371.58394
14,interference,186,recovery,9.21600033,10.0800004,0.914285712,2382.84802
14,interference,187,recovery,10.2399997,10.0800004,1.01587295,2394.11211
14,interference,188,recovery,10.2399997,10.0800004,1.01587295,2406.39997
14,interference,189,recovery,12.2880004,10.0800004,1.21904762,2418.68806
14,interference,190,recovery,13.3119998,10.0800004,1.32063486,2437.11996
14,interference,191,recovery,11.2640001,10.0800004,1.11746028,2454.52809
14,interference,192,recovery,10.2399997,10.0800004,1.01587295,2467.83996
14,interference,193,recovery,10.2399997,10.0800004,1.01587295,2481.15206
14,interference,194,recovery,9.21600033,10.0800004,0.914285712,2493.43991
14,interference,195,recovery,11.2640001,10.0800004,1.11746028,2503.67999
14,interference,196,recovery,11.2640001,10.0800004,1.11746028,2516.99209
14,interference,197,recovery,11.2640001,10.0800004,1.11746028,2530.30396
14,interference,198,recovery,10.2399997,10.0800004,1.01587295,2543.61606
14,interference,199,recovery,10.2399997,10.0800004,1.01587295,2556.92792
15,control,0,recovery,9.21600033,9.21600033,1,78.8479969
15,control,1,recovery,9.21600033,9.21600033,1,89.0880004
15,control,2,recovery,9.53599997,9.21600033,1.03472218,99.3279964
15,control,3,recovery,9.21600033,9.21600033,1,110.592
15,control,4,recovery,9.21600033,9.21600033,1,123.903997
15,control,5,recovery,9.37599968,9.21600033,1.01736104,134.143993
15,control,6,recovery,9.21600033,9.21600033,1,145.408005
15,control,7,recovery,9.21600033,9.21600033,1,155.647993
15,control,8,recovery,9.37599968,9.21600033,1.01736104,165.887997
15,control,9,recovery,9.21600033,9.21600033,1,177.151993
15,control,10,recovery,9.21600033,9.21600033,1,187.391996
15,control,11,recovery,9.21600033,9.21600033,1,197.632
15,control,12,recovery,9.21600033,9.21600033,1,207.872003
15,control,13,recovery,9.21600033,9.21600033,1,225.280002
15,control,14,recovery,9.21600033,9.21600033,1,235.520005
15,control,15,recovery,9.21600033,9.21600033,1,246.784002
15,control,16,recovery,9.21600033,9.21600033,1,257.02399
15,control,17,recovery,9.21600033,9.21600033,1,267.264009
15,control,18,recovery,9.53599997,9.21600033,1.03472218,277.503997
15,control,19,recovery,9.21600033,9.21600033,1,288.767993
15,control,20,recovery,9.24799964,9.21600033,1.00347215,299.008012
15,control,21,recovery,10.2399997,9.21600033,1.11111104,309.248
15,control,22,recovery,9.21600033,9.21600033,1,320.511997
15,control,23,recovery,8.19199998,9.21600033,0.888888855,331.775993
15,control,24,recovery,9.21600033,9.21600033,1,342.016011
15,control,25,recovery,11.2640001,9.21600033,1.22222219,352.256
15,control,26,recovery,9.50399972,9.21600033,1.03124993,364.544004
15,control,27,recovery,21.5039998,9.21600033,2.33333323,375.808001
15,control,28,recovery,9.21600033,9.21600033,1,399.360001
15,control,29,recovery,9.21600033,9.21600033,1,409.59999
15,control,30,recovery,9.21600033,9.21600033,1,420.863986
15,control,31,recovery,9.21600033,9.21600033,1,431.104004
15,control,32,recovery,8.19199998,9.21600033,0.888888855,442.368001
15,control,33,recovery,9.21600033,9.21600033,1,452.607989
15,control,34,recovery,9.21600033,9.21600033,1,462.848008
15,control,35,recovery,9.21600033,9.21600033,1,474.112004
15,control,36,recovery,9.21600033,9.21600033,1,484.351993
15,control,37,recovery,9.21600033,9.21600033,1,494.592011
15,control,38,recovery,9.21600033,9.21600033,1,505.855978
15,control,39,recovery,9.21600033,9.21600033,1,516.095996
15,control,40,recovery,9.21600033,9.21600033,1,527.360022
15,control,41,recovery,9.21600033,9.21600033,1,537.599981
15,control,42,recovery,9.21600033,9.21600033,1,547.839999
15,control,43,recovery,9.21600033,9.21600033,1,559.104025
15,control,44,recovery,9.21600033,9.21600033,1,569.343984
15,control,45,recovery,9.21600033,9.21600033,1,579.584002
15,control,46,recovery,9.21600033,9.21600033,1,590.848029
15,control,47,recovery,9.40799993,9.21600033,1.02083329,601.087987
15,control,48,recovery,9.21600033,9.21600033,1,612.352014
15,control,49,recovery,9.21600033,9.21600033,1,622.591972
15,control,50,recovery,9.21600033,9.21600033,1,633.855999
15,control,51,recovery,9.21600033,9.21600033,1,644.096017
15,control,52,recovery,9.21600033,9.21600033,1,654.335976
15,control,53,recovery,9.21600033,9.21600033,1,665.600002
15,control,54,recovery,9.21600033,9.21600033,1,675.84002
15,control,55,recovery,9.21600033,9.21600033,1,687.103987
15,control,56,recovery,9.21600033,9.21600033,1,697.344005
15,control,57,recovery,9.21600033,9.21600033,1,708.607972
15,control,58,recovery,9.21600033,9.21600033,1,718.84799
15,control,59,recovery,10.2399997,9.21600033,1.11111104,729.088008
15,control,60,recovery,9.21600033,9.21600033,1,740.351975
15,control,61,recovery,9.31200013,9.21600033,1.01041664,750.591993
15,control,62,recovery,9.21600033,9.21600033,1,761.856019
15,control,63,recovery,9.21600033,9.21600033,1,772.095978
15,control,64,recovery,9.21600033,9.21600033,1,782.335997
15,control,65,recovery,10.2399997,9.21600033,1.11111104,792.576015
15,control,66,recovery,9.21600033,9.21600033,1,803.839982
15,control,67,recovery,9.21600033,9.21600033,1,814.08
15,control,68,recovery,10.2399997,9.21600033,1.11111104,824.320018
15,control,69,recovery,9.21600033,9.21600033,1,835.583985
15,control,70,recovery,9.21600033,9.21600033,1,845.824003
15,control,71,recovery,9.56800021,9.21600033,1.03819443,856.064022
15,control,72,recovery,9.21600033,9.21600033,1,867.327988
15,control,73,recovery,9.27999988,9.21600033,1.0069444,877.568007
15,control,74,recovery,9.21600033,9.21600033,1,888.831973
15,control,75,recovery,9.21600033,9.21600033,1,899.071991
15,control,76,recovery,9.34400037,9.21600033,1.01388889,909.31201
15,control,77,recovery,9.21600033,9.21600033,1,920.575976
15,control,78,recovery,9.21600033,9.21600033,1,930.815995
15,control,79,recovery,9.21600033,9.21600033,1,941.056013
15,control,80,recovery,9.21600033,9.21600033,1,952.31998
15,control,81,recovery,9.31200013,9.21600033,1.01041664,962.559998
15,control,82,recovery,9.21600033,9.21600033,1,973.824024
15,control,83,recovery,9.21600033,9.21600033,1,984.063983
15,control,84,recovery,9.37599968,9.21600033,1.01736104,994.304001
15,control,85,recovery,9.21600033,9.21600033,1,1005.56803
15,control,86,recovery,9.21600033,9.21600033,1,1015.80799
15,control,87,recovery,9.44000017,9.21600033,1.02430554,1026.04795
15,control,88,recovery,9.21600033,9.21600033,1,1037.31203
15,control,89,recovery,9.21600033,9.21600033,1,1047.55199
15,control,90,recovery,9.34400037,9.21600033,1.01388889,1057.79195
15,control,91,recovery,9.21600033,9.21600033,1,1069.05603
15,control,92,recovery,9.21600033,9.21600033,1,1079.29599
15,control,93,recovery,9.21600033,9.21600033,1,1089.53595
15,control,94,recovery,9.21600033,9.21600033,1,1100.80004
15,control,95,recovery,9.21600033,9.21600033,1,1111.04
15,control,96,recovery,9.21600033,9.21600033,1,1122.30396
15,control,97,recovery,9.21600033,9.21600033,1,1132.54404
15,control,98,recovery,9.21600033,9.21600033,1,1142.784
15,control,99,recovery,9.50399972,9.21600033,1.03124993,1153.02396
15,control,100,recovery,9.21600033,9.21600033,1,1164.28804
15,control,101,recovery,9.21600033,9.21600033,1,1174.528
15,control,102,recovery,9.21600033,9.21600033,1,1185.79197
15,control,103,recovery,9.21600033,9.21600033,1,1196.03205
15,control,104,recovery,9.21600033,9.21600033,1,1206.27201
15,control,105,recovery,10.2399997,9.21600033,1.11111104,1216.51196
15,control,106,recovery,9.21600033,9.21600033,1,1227.77605
15,control,107,recovery,9.24799964,9.21600033,1.00347215,1238.01601
15,control,108,recovery,10.2399997,9.21600033,1.11111104,1248.25597
15,control,109,recovery,9.21600033,9.21600033,1,1259.52005
15,control,110,recovery,9.47200041,9.21600033,1.02777779,1269.76001
15,control,111,recovery,9.21600033,9.21600033,1,1281.02398
15,control,112,recovery,9.21600033,9.21600033,1,1291.26406
15,control,113,recovery,9.21600033,9.21600033,1,1302.52802
15,control,114,recovery,9.21600033,9.21600033,1,1312.76798
15,control,115,recovery,9.21600033,9.21600033,1,1323.00794
15,control,116,recovery,9.21600033,9.21600033,1,1334.27203
15,control,117,recovery,9.21600033,9.21600033,1,1344.51199
15,control,118,recovery,9.53599997,9.21600033,1.03472218,1354.75194
15,control,119,recovery,9.21600033,9.21600033,1,1366.01603
15,control,120,recovery,9.24799964,9.21600033,1.00347215,1376.25599
15,control,121,recovery,9.21600033,9.21600033,1,1387.51996
15,control,122,recovery,9.21600033,9.21600033,1,1397.76003
15,control,123,recovery,10.2399997,9.21600033,1.11111104,1407.99999
15,control,124,recovery,9.21600033,9.21600033,1,1419.26396
15,control,125,recovery,9.34400037,9.21600033,1.01388889,1429.50404
15,control,126,recovery,9.21600033,9.21600033,1,1440.768
15,control,127,recovery,9.21600033,9.21600033,1,1451.00796
15,control,128,recovery,9.21600033,9.21600033,1,1461.24804
15,control,129,recovery,9.21600033,9.21600033,1,1472.51201
15,control,130,recovery,9.44000017,9.21600033,1.02430554,1482.75197
15,control,131,recovery,9.21600033,9.21600033,1,1494.01605
15,control,132,recovery,9.21600033,9.21600033,1,1504.25601
15,control,133,recovery,9.53599997,9.21600033,1.03472218,1514.49597
15,control,134,recovery,9.21600033,9.21600033,1,1525.76005
15,control,135,recovery,9.21600033,9.21600033,1,1536.00001
15,control,136,recovery,8.19199998,9.21600033,0.888888855,1547.26398
15,control,137,recovery,9.21600033,9.21600033,1,1557.50406
15,control,138,recovery,9.21600033,9.21600033,1,1567.74402
15,control,139,recovery,9.44000017,9.21600033,1.02430554,1577.98398
15,control,140,recovery,9.21600033,9.21600033,1,1589.24794
15,control,141,recovery,9.21600033,9.21600033,1,1599.48802
15,control,142,recovery,12.2880004,9.21600033,1.33333333,1609.72798
15,control,143,recovery,9.37599968,9.21600033,1.01736104,1623.03996
15,control,144,recovery,9.21600033,9.21600033,1,1634.30405
15,control,145,recovery,9.21600033,9.21600033,1,1644.54401
15,control,146,recovery,9.47200041,9.21600033,1.02777779,1654.78396
15,control,147,recovery,9.21600033,9.21600033,1,1666.04805
15,control,148,recovery,9.44000017,9.21600033,1.02430554,1676.28801
15,control,149,recovery,9.21600033,9.21600033,1,1687.55198
15,control,150,recovery,9.21600033,9.21600033,1,1697.79205
15,control,151,recovery,9.56800021,9.21600033,1.03819443,1708.03201
15,control,152,recovery,9.21600033,9.21600033,1,1719.29598
15,control,153,recovery,9.21600033,9.21600033,1,1729.53606
15,control,154,recovery,9.50399972,9.21600033,1.03124993,1739.77602
15,control,155,recovery,9.21600033,9.21600033,1,1751.03998
15,control,156,recovery,9.21600033,9.21600033,1,1761.27994
15,control,157,recovery,9.21600033,9.21600033,1,1772.54403
15,control,158,recovery,9.21600033,9.21600033,1,1782.78399
15,control,159,recovery,9.31200013,9.21600033,1.01041664,1793.02394
15,control,160,recovery,9.21600033,9.21600033,1,1803.26402
15,control,161,recovery,9.21600033,9.21600033,1,1814.52799
15,control,162,recovery,9.21600033,9.21600033,1,1824.76795
15,control,163,recovery,10.2399997,9.21600033,1.11111104,1835.00803
15,control,164,recovery,9.21600033,9.21600033,1,1846.27199
15,control,165,recovery,9.21600033,9.21600033,1,1856.51195
15,control,166,recovery,9.53599997,9.21600033,1.03472218,1866.75203
15,control,167,recovery,9.21600033,9.21600033,1,1878.016
15,control,168,recovery,9.21600033,9.21600033,1,1888.25595
15,control,169,recovery,9.60000046,9.21600033,1.04166668,1898.49603
15,control,170,recovery,9.21600033,9.21600033,1,1909.76
15,control,171,recovery,9.21600033,9.21600033,1,1919.99996
15,control,172,recovery,9.21600033,9.21600033,1,1930.24004
15,control,173,recovery,9.21600033,9.21600033,1,1941.504
15,control,174,recovery,9.21600033,9.21600033,1,1951.74396
15,control,175,recovery,10.2399997,9.21600033,1.11111104,1961.98404
15,control,176,recovery,9.21600033,9.21600033,1,1973.248
15,control,177,recovery,9.50399972,9.21600033,1.03124993,1983.48796
15,control,178,recovery,9.21600033,9.21600033,1,1994.75205
15,control,179,recovery,9.21600033,9.21600033,1,2004.99201
15,control,180,recovery,9.60000046,9.21600033,1.04166668,2015.23209
15,control,181,recovery,9.21600033,9.21600033,1,2026.49593
15,control,182,recovery,9.21600033,9.21600033,1,2036.73601
15,control,183,recovery,8.19199998,9.21600033,0.888888855,2048.0001
15,control,184,recovery,9.21600033,9.21600033,1,2058.23994
15,control,185,recovery,9.21600033,9.21600033,1,2068.48001
15,control,186,recovery,9.21600033,9.21600033,1,2079.7441
15,control,187,recovery,9.21600033,9.21600033,1,2089.98394
15,control,188,recovery,9.21600033,9.21600033,1,2100.22402
15,control,189,recovery,9.21600033,9.21600033,1,2111.4881
15,control,190,recovery,9.24799964,9.21600033,1.00347215,2121.72794
15,control,191,recovery,9.21600033,9.21600033,1,2132.99203
15,control,192,recovery,9.21600033,9.21600033,1,2143.23211
15,control,193,recovery,9.31200013,9.21600033,1.01041664,2153.47195
15,control,194,recovery,9.21600033,9.21600033,1,2164.73603
15,control,195,recovery,193.535998,9.21600033,20.9999991,2174.97611
15,control,196,recovery,10.2399997,9.21600033,1.11111104,2370.55993
15,control,197,recovery,10.2399997,9.21600033,1.11111104,2383.87203
15,control,198,recovery,10.2399997,9.21600033,1.11111104,2397.1839
15,control,199,recovery,14.3360002,9.21600033,1.55555552,2411.52
16,interference,0,recovery,10.2399997,12.2880004,0.833333283,1.85600005
16,interference,1,recovery,10.2399997,12.2880004,0.833333283,13.1200003
16,interference,2,recovery,9.21600033,12.2880004,0.75,24.3839994
16,interference,3,recovery,9.21600033,12.2880004,0.75,34.6239991
16,interference,4,recovery,9.21600033,12.2880004,0.75,45.8879992
16,interference,5,recovery,9.21600033,12.2880004,0.75,56.127999
16,interference,6,recovery,9.21600033,12.2880004,0.75,67.3919991
16,interference,7,recovery,9.44000017,12.2880004,0.768229153,77.6320025
16,interference,8,recovery,9.21600033,12.2880004,0.75,88.8959989
16,interference,9,recovery,9.21600033,12.2880004,0.75,99.1360024
16,interference,10,recovery,9.21600033,12.2880004,0.75,110.399999
16,interference,11,recovery,9.21600033,12.2880004,0.75,120.640002
16,interference,12,recovery,10.2399997,12.2880004,0.833333283,130.879998
16,interference,13,recovery,9.37599968,12.2880004,0.76302078,142.143995
16,interference,14,recovery,9.21600033,12.2880004,0.75,153.408006
16,interference,15,recovery,9.21600033,12.2880004,0.75,164.672002
16,interference,16,recovery,9.21600033,12.2880004,0.75,174.912006
16,interference,17,recovery,9.21600033,12.2880004,0.75,186.176002
16,interference,18,recovery,9.34400037,12.2880004,0.76041667,196.416005
16,interference,19,recovery,9.21600033,12.2880004,0.75,207.680002
16,interference,20,recovery,25.5999994,12.2880004,2.08333321,217.920005
16,interference,21,recovery,10.2399997,12.2880004,0.833333283,244.543999
16,interference,22,recovery,9.21600033,12.2880004,0.75,255.807996
16,interference,23,recovery,9.21600033,12.2880004,0.75,266.048014
16,interference,24,recovery,10.2399997,12.2880004,0.833333283,277.312011
16,interference,25,recovery,9.24799964,12.2880004,0.752604111,288.576007
16,interference,26,recovery,9.21600033,12.2880004,0.75,299.840003
16,interference,27,recovery,9.21600033,12.2880004,0.75,310.079992
16,interference,28,recovery,9.21600033,12.2880004,0.75,321.343988
16,interference,29,recovery,10.2399997,12.2880004,0.833333283,331.584007
16,interference,30,recovery,9.21600033,12.2880004,0.75,342.848003
16,interference,31,recovery,9.44000017,12.2880004,0.768229153,353.087991
16,interference,32,recovery,9.21600033,12.2880004,0.75,364.351988
16,interference,33,recovery,10.2399997,12.2880004,0.833333283,374.592006
16,interference,34,recovery,9.21600033,12.2880004,0.75,385.856003
16,interference,35,recovery,9.21600033,12.2880004,0.75,397.119999
16,interference,36,recovery,9.21600033,12.2880004,0.75,407.359987
16,interference,37,recovery,10.2399997,12.2880004,0.833333283,417.600006
16,interference,38,recovery,9.21600033,12.2880004,0.75,428.864002
16,interference,39,recovery,9.56800021,12.2880004,0.778645823,439.103991
16,interference,40,recovery,9.21600033,12.2880004,0.75,450.367987
16,interference,41,recovery,9.21600033,12.2880004,0.75,461.632013
16,interference,42,recovery,10.2399997,12.2880004,0.833333283,471.872002
16,interference,43,recovery,9.31200013,12.2880004,0.757812483,483.135998
16,interference,44,recovery,9.21600033,12.2880004,0.75,494.399995
16,interference,45,recovery,9.31200013,12.2880004,0.757812483,504.639983
16,interference,46,recovery,9.21600033,12.2880004,0.75,515.904009
16,interference,47,recovery,9.50399972,12.2880004,0.77343745,526.144028
16,interference,48,recovery,9.21600033,12.2880004,0.75,537.407994
16,interference,49,recovery,9.21600033,12.2880004,0.75,547.648013
16,interference,50,recovery,9.21600033,12.2880004,0.75,558.911979
16,interference,51,recovery,9.40799993,12.2880004,0.765624967,569.151998
16,interference,52,recovery,9.21600033,12.2880004,0.75,580.416024
16,interference,53,recovery,9.21600033,12.2880004,0.75,590.655982
16,interference,54,recovery,9.53599997,12.2880004,0.776041637,600.896001
16,interference,55,recovery,9.21600033,12.2880004,0.75,612.160027
16,interference,56,recovery,10.2399997,12.2880004,0.833333283,622.399986
16,interference,57,recovery,9.21600033,12.2880004,0.75,633.664012
16,interference,58,recovery,9.21600033,12.2880004,0.75,644.927979
16,interference,59,recovery,9.21600033,12.2880004,0.75,655.167997
16,interference,60,recovery,9.21600033,12.2880004,0.75,666.432023
16,interference,61,recovery,10.2399997,12.2880004,0.833333283,676.671982
16,interference,62,recovery,9.21600033,12.2880004,0.75,687.936008
16,interference,63,recovery,9.21600033,12.2880004,0.75,699.199975
16,interference,64,recovery,9.21600033,12.2880004,0.75,710.464001
16,interference,65,recovery,9.21600033,12.2880004,0.75,720.704019
16,interference,66,recovery,9.21600033,12.2880004,0.75,731.967986
16,interference,67,recovery,9.21600033,12.2880004,0.75,743.232012
16,interference,68,recovery,9.21600033,12.2880004,0.75,753.471971
16,interference,69,recovery,9.21600033,12.2880004,0.75,764.735997
16,interference,70,recovery,9.27999988,12.2880004,0.755208297,774.976015
16,interference,71,recovery,9.21600033,12.2880004,0.75,786.239982
16,interference,72,recovery,10.2399997,12.2880004,0.833333283,796.48
16,interference,73,recovery,9.21600033,12.2880004,0.75,807.744026
16,interference,74,recovery,9.21600033,12.2880004,0.75,819.007993
16,interference,75,recovery,9.21600033,12.2880004,0.75,829.248011
16,interference,76,recovery,10.2399997,12.2880004,0.833333283,839.488029
16,interference,77,recovery,9.21600033,12.2880004,0.75,850.751996
16,interference,78,recovery,9.21600033,12.2880004,0.75,860.992014
16,interference,79,recovery,9.21600033,12.2880004,0.75,872.255981
16,interference,80,recovery,9.24799964,12.2880004,0.752604111,882.495999
16,interference,81,recovery,9.21600033,12.2880004,0.75,893.760026
16,interference,82,recovery,9.21600033,12.2880004,0.75,903.999984
16,interference,83,recovery,9.21600033,12.2880004,0.75,914.240003
16,interference,84,recovery,9.21600033,12.2880004,0.75,925.504029
16,interference,85,recovery,9.21600033,12.2880004,0.75,935.743988
16,interference,86,recovery,9.21600033,12.2880004,0.75,947.008014
16,interference,87,recovery,9.21600033,12.2880004,0.75,957.247972
16,interference,88,recovery,9.40799993,12.2880004,0.765624967,967.487991
16,interference,89,recovery,9.21600033,12.2880004,0.75,978.752017
16,interference,90,recovery,9.21600033,12.2880004,0.75,988.991976
16,interference,91,recovery,9.40799993,12.2880004,0.765624967,999.231994
16,interference,92,recovery,9.21600033,12.2880004,0.75,1010.49602
16,interference,93,recovery,9.21600033,12.2880004,0.75,1020.73598
16,interference,94,recovery,9.21600033,12.2880004,0.75,1030.97606
16,interference,95,recovery,9.21600033,12.2880004,0.75,1042.24002
16,interference,96,recovery,9.21600033,12.2880004,0.75,1052.47998
16,interference,97,recovery,9.21600033,12.2880004,0.75,1062.71994
16,interference,98,recovery,9.47200041,12.2880004,0.77083334,1072.96002
16,interference,99,recovery,9.21600033,12.2880004,0.75,1084.22399
16,interference,100,recovery,9.21600033,12.2880004,0.75,1094.46394
16,interference,101,recovery,9.44000017,12.2880004,0.768229153,1104.70402
16,interference,102,recovery,9.21600033,12.2880004,0.75,1115.96799
16,interference,103,recovery,9.21600033,12.2880004,0.75,1126.20795
16,interference,104,recovery,10.2399997,12.2880004,0.833333283,1136.44803
16,interference,105,recovery,9.21600033,12.2880004,0.75,1147.71199
16,interference,106,recovery,9.21600033,12.2880004,0.75,1157.95195
16,interference,107,recovery,9.21600033,12.2880004,0.75,1168.19203
16,interference,108,recovery,9.21600033,12.2880004,0.75,1179.456
16,interference,109,recovery,9.21600033,12.2880004,0.75,1189.69595
16,interference,110,recovery,9.21600033,12.2880004,0.75,1199.93603
16,interference,111,recovery,9.21600033,12.2880004,0.75,1211.2
16,interference,112,recovery,9.31200013,12.2880004,0.757812483,1221.43996
16,interference,113,recovery,9.21600033,12.2880004,0.75,1232.70404
16,interference,114,recovery,9.21600033,12.2880004,0.75,1242.944
16,interference,115,recovery,9.21600033,12.2880004,0.75,1253.18396
16,interference,116,recovery,9.21600033,12.2880004,0.75,1264.44805
16,interference,117,recovery,9.21600033,12.2880004,0.75,1274.68801
16,interference,118,recovery,9.21600033,12.2880004,0.75,1284.92796
16,interference,119,recovery,9.37599968,12.2880004,0.76302078,1295.16804
16,interference,120,recovery,9.21600033,12.2880004,0.75,1306.43201
16,interference,121,recovery,9.21600033,12.2880004,0.75,1316.67197
16,interference,122,recovery,9.50399972,12.2880004,0.77343745,1326.91205
16,interference,123,recovery,9.21600033,12.2880004,0.75,1338.17601
16,interference,124,recovery,9.21600033,12.2880004,0.75,1348.41597
16,interference,125,recovery,9.21600033,12.2880004,0.75,1359.68006
16,interference,126,recovery,9.21600033,12.2880004,0.75,1370.94402
16,interference,127,recovery,28.6720004,12.2880004,2.33333328,1381.18398
16,interference,128,recovery,9.21600033,12.2880004,0.75,1411.90398
16,interference,129,recovery,9.21600033,12.2880004,0.75,1423.16794
16,interference,130,recovery,9.21600033,12.2880004,0.75,1434.43203
16,interference,131,recovery,9.21600033,12.2880004,0.75,1445.696
16,interference,132,recovery,9.21600033,12.2880004,0.75,1456.95996
16,interference,133,recovery,10.2399997,12.2880004,0.833333283,1468.22405
16,interference,134,recovery,9.21600033,12.2880004,0.75,1479.48802
16,interference,135,recovery,10.2399997,12.2880004,0.833333283,1490.75198
16,interference,136,recovery,9.21600033,12.2880004,0.75,1503.03996
16,interference,137,recovery,10.2399997,12.2880004,0.833333283,1513.28003
16,interference,138,recovery,10.2399997,12.2880004,0.833333283,1524.544
16,interference,139,recovery,10.2399997,12.2880004,0.833333283,1535.80797
16,interference,140,recovery,10.2399997,12.2880004,0.833333283,1547.07205
16,interference,141,recovery,10.2399997,12.2880004,0.833333283,1558.33602
16,interference,142,recovery,9.21600033,12.2880004,0.75,1570.62399
16,interference,143,recovery,9.21600033,12.2880004,0.75,1581.88796
16,interference,144,recovery,9.21600033,12.2880004,0.75,1593.15205
16,interference,145,recovery,10.2399997,12.2880004,0.833333283,1603.392
16,interference,146,recovery,9.21600033,12.2880004,0.75,1615.67998
16,interference,147,recovery,9.21600033,12.2880004,0.75,1626.94395
16,interference,148,recovery,10.2399997,12.2880004,0.833333283,1637.18402
16,interference,149,recovery,10.2399997,12.2880004,0.833333283,1648.44799
16,interference,150,recovery,9.34400037,12.2880004,0.76041667,1659.71196
16,interference,151,recovery,9.21600033,12.2880004,0.75,1670.97604
16,interference,152,recovery,9.21600033,12.2880004,0.75,1681.216
16,interference,153,recovery,9.31200013,12.2880004,0.757812483,1692.47997
16,interference,154,recovery,10.2399997,12.2880004,0.833333283,1703.74405
16,interference,155,recovery,10.2399997,12.2880004,0.833333283,1715.00802
16,interference,156,recovery,9.24799964,12.2880004,0.752604111,1726.27199
16,interference,157,recovery,10.2399997,12.2880004,0.833333283,1737.53595
16,interference,158,recovery,10.2399997,12.2880004,0.833333283,1748.80004
16,interference,159,recovery,10.2399997,12.2880004,0.833333283,1760.06401
16,interference,160,recovery,10.2399997,12.2880004,0.833333283,1771.32797
16,interference,161,recovery,10.2399997,12.2880004,0.833333283,1783.61595
16,interference,162,recovery,9.21600033,12.2880004,0.75,1794.88003
16,interference,163,recovery,9.21600033,12.2880004,0.75,1807.16801
16,interference,164,recovery,9.21600033,12.2880004,0.75,1818.43197
16,interference,165,recovery,9.21600033,12.2880004,0.75,1829.69606
16,interference,166,recovery,9.21600033,12.2880004,0.75,1840.96003
16,interference,167,recovery,10.2399997,12.2880004,0.833333283,1851.19998
16,interference,168,recovery,10.2399997,12.2880004,0.833333283,1862.46395
16,interference,169,recovery,10.2399997,12.2880004,0.833333283,1873.72804
16,interference,170,recovery,10.2399997,12.2880004,0.833333283,1884.992
16,interference,171,recovery,9.21600033,12.2880004,0.75,1896.25597
16,interference,172,recovery,9.21600033,12.2880004,0.75,1907.52006
16,interference,173,recovery,9.21600033,12.2880004,0.75,1918.78402
16,interference,174,recovery,9.21600033,12.2880004,0.75,1929.02398
16,interference,175,recovery,9.21600033,12.2880004,0.75,1940.28795
16,interference,176,recovery,10.2399997,12.2880004,0.833333283,1950.52803
16,interference,177,recovery,9.53599997,12.2880004,0.776041637,1961.79199
16,interference,178,recovery,9.21600033,12.2880004,0.75,1973.05596
16,interference,179,recovery,9.21600033,12.2880004,0.75,1984.32004
16,interference,180,recovery,9.37599968,12.2880004,0.76302078,1994.56
16,interference,181,recovery,9.21600033,12.2880004,0.75,2005.82409
16,interference,182,recovery,9.21600033,12.2880004,0.75,2016.06393
16,interference,183,recovery,9.21600033,12.2880004,0.75,2027.32801
16,interference,184,recovery,10.2399997,12.2880004,0.833333283,2037.56809
16,interference,185,recovery,9.50399972,12.2880004,0.77343745,2048.83194
16,interference,186,recovery,9.21600033,12.2880004,0.75,2060.09603
16,interference,187,recovery,10.2399997,12.2880004,0.833333283,2070.3361
16,interference,188,recovery,10.2399997,12.2880004,0.833333283,2081.59995
16,interference,189,recovery,9.21600033,12.2880004,0.75,2092.86404
16,interference,190,recovery,9.21600033,12.2880004,0.75,2104.12788
16,interference,191,recovery,10.2399997,12.2880004,0.833333283,2115.39197
16,interference,192,recovery,10.2399997,12.2880004,0.833333283,2126.65606
16,interference,193,recovery,10.2399997,12.2880004,0.833333283,2137.9199
16,interference,194,recovery,9.21600033,12.2880004,0.75,2149.18399
16,interference,195,recovery,9.21600033,12.2880004,0.75,2160.44807
16,interference,196,recovery,9.21600033,12.2880004,0.75,2171.71192
16,interference,197,recovery,9.44000017,12.2880004,0.768229153,2182.97601
16,interference,198,recovery,10.2399997,12.2880004,0.833333283,2194.24009
16,interference,199,recovery,9.21600033,12.2880004,0.75,2205.50394
17,control,0,recovery,13.3119998,12.2880004,1.08333328,262.143999
17,control,1,recovery,10.2399997,12.2880004,0.833333283,277.503997
17,control,2,recovery,10.2399997,12.2880004,0.833333283,290.816009
17,control,3,recovery,10.2399997,12.2880004,0.833333283,303.104013
17,control,4,recovery,10.2399997,12.2880004,0.833333283,315.391988
17,control,5,recovery,9.21600033,12.2880004,0.75,327.679992
17,control,6,recovery,10.2399997,12.2880004,0.833333283,337.92001
17,control,7,recovery,9.21600033,12.2880004,0.75,349.184006
17,control,8,recovery,9.21600033,12.2880004,0.75,360.448003
17,control,9,recovery,9.21600033,12.2880004,0.75,371.711999
17,control,10,recovery,9.47200041,12.2880004,0.77083334,381.951988
17,control,11,recovery,9.56800021,12.2880004,0.778645823,393.216014
17,control,12,recovery,10.2399997,12.2880004,0.833333283,404.48001
17,control,13,recovery,11.2640001,12.2880004,0.916666641,416.768014
17,control,14,recovery,12.2880004,12.2880004,1,430.079997
17,control,15,recovery,11.2640001,12.2880004,0.916666641,444.415987
17,control,16,recovery,10.2399997,12.2880004,0.833333283,457.727998
17,control,17,recovery,10.2399997,12.2880004,0.833333283,470.016003
17,control,18,recovery,10.2399997,12.2880004,0.833333283,482.304007
17,control,19,recovery,9.21600033,12.2880004,0.75,494.592011
17,control,20,recovery,9.21600033,12.2880004,0.75,505.855978
17,control,21,recovery,10.2399997,12.2880004,0.833333283,516.095996
17,control,22,recovery,9.37599968,12.2880004,0.76302078,527.360022
17,control,23,recovery,9.21600033,12.2880004,0.75,538.623989
17,control,24,recovery,9.21600033,12.2880004,0.75,549.888015
17,control,25,recovery,9.21600033,12.2880004,0.75,560.127974
17,control,26,recovery,9.21600033,12.2880004,0.75,571.392
17,control,27,recovery,11.2640001,12.2880004,0.916666641,583.679974
17,control,28,recovery,10.2399997,12.2880004,0.833333283,596.992016
17,control,29,recovery,11.2640001,12.2880004,0.916666641,609.27999
17,control,30,recovery,10.2399997,12.2880004,0.833333283,622.591972
17,control,31,recovery,11.2640001,12.2880004,0.916666641,634.880006
17,control,32,recovery,10.2399997,12.2880004,0.833333283,648.191988
17,control,33,recovery,10.2399997,12.2880004,0.833333283,661.503971
17,control,34,recovery,10.2399997,12.2880004,0.833333283,672.767997
17,control,35,recovery,9.44000017,12.2880004,0.768229153,684.032023
17,control,36,recovery,9.21600033,12.2880004,0.75,695.29599
17,control,37,recovery,9.21600033,12.2880004,0.75,706.560016
17,control,38,recovery,9.21600033,12.2880004,0.75,716.799974
17,control,39,recovery,9.21600033,12.2880004,0.75,728.064001
17,control,40,recovery,9.24799964,12.2880004,0.752604111,739.328027
17,control,41,recovery,10.2399997,12.2880004,0.833333283,750.591993
17,control,42,recovery,10.2399997,12.2880004,0.833333283,762.880027
17,control,43,recovery,11.2640001,12.2880004,0.916666641,775.168002
17,control,44,recovery,10.2399997,12.2880004,0.833333283,788.479984
17,control,45,recovery,10.2399997,12.2880004,0.833333283,801.792026
17,control,46,recovery,10.2399997,12.2880004,0.833333283,814.08
17,control,47,recovery,9.34400037,12.2880004,0.76041667,827.391982
17,control,48,recovery,9.21600033,12.2880004,0.75,838.656008
17,control,49,recovery,10.2399997,12.2880004,0.833333283,848.896027
17,control,50,recovery,9.44000017,12.2880004,0.768229153,860.159993
17,control,51,recovery,9.34400037,12.2880004,0.76041667,871.424019
17,control,52,recovery,9.21600033,12.2880004,0.75,882.687986
17,control,53,recovery,10.2399997,12.2880004,0.833333283,892.928004
17,control,54,recovery,10.2399997,12.2880004,0.833333283,904.191971
17,control,55,recovery,10.2399997,12.2880004,0.833333283,915.455997
17,control,56,recovery,9.21600033,12.2880004,0.75,928.767979
17,control,57,recovery,10.2399997,12.2880004,0.833333283,941.056013
17,control,58,recovery,11.2640001,12.2880004,0.916666641,953.343987
17,control,59,recovery,10.2399997,12.2880004,0.833333283,966.656029
17,control,60,recovery,10.2399997,12.2880004,0.833333283,978.944004
17,control,61,recovery,10.2399997,12.2880004,0.833333283,991.231978
17,control,62,recovery,9.44000017,12.2880004,0.768229153,1002.496
17,control,63,recovery,9.21600033,12.2880004,0.75,1013.75997
17,control,64,recovery,9.21600033,12.2880004,0.75,1025.02406
17,control,65,recovery,9.21600033,12.2880004,0.75,1036.28802
17,control,66,recovery,10.2399997,12.2880004,0.833333283,1046.52798
17,control,67,recovery,9.44000017,12.2880004,0.768229153,1057.79195
17,control,68,recovery,9.21600033,12.2880004,0.75,1069.05603
17,control,69,recovery,9.21600033,12.2880004,0.75,1080.32
17,control,70,recovery,9.21600033,12.2880004,0.75,1092.60798
17,control,71,recovery,10.2399997,12.2880004,0.833333283,1104.89595
17,control,72,recovery,11.2640001,12.2880004,0.916666641,1118.20805
17,control,73,recovery,10.2399997,12.2880004,0.833333283,1131.52003
17,control,74,recovery,11.2640001,12.2880004,0.916666641,1143.80801
17,control,75,recovery,9.31200013,12.2880004,0.757812483,1157.11999
17,control,76,recovery,9.21600033,12.2880004,0.75,1168.38396
17,control,77,recovery,9.31200013,12.2880004,0.757812483,1179.64804
17,control,78,recovery,9.21600033,12.2880004,0.75,1190.91201
17,control,79,recovery,9.21600033,12.2880004,0.75,1202.17597
17,control,80,recovery,10.2399997,12.2880004,0.833333283,1212.41605
17,control,81,recovery,9.21600033,12.2880004,0.75,1223.68002
17,control,82,recovery,9.21600033,12.2880004,0.75,1234.94399
17,control,83,recovery,10.2399997,12.2880004,0.833333283,1245.18394
17,control,84,recovery,9.34400037,12.2880004,0.76041667,1256.44803
17,control,85,recovery,9.21600033,12.2880004,0.75,1267.712
17,control,86,recovery,10.2399997,12.2880004,0.833333283,1279.99997
17,control,87,recovery,11.2640001,12.2880004,0.916666641,1292.28795
17,control,88,recovery,11.2640001,12.2880004,0.916666641,1305.60005
17,control,89,recovery,11.2640001,12.2880004,0.916666641,1320.96004
17,control,90,recovery,10.2399997,12.2880004,0.833333283,1335.29603
17,control,91,recovery,9.21600033,12.2880004,0.75,1348.60802
17,control,92,recovery,9.21600033,12.2880004,0.75,1359.87198
17,control,93,recovery,10.2399997,12.2880004,0.833333283,1370.11194
17,control,94,recovery,9.21600033,12.2880004,0.75,1381.37603
17,control,95,recovery,10.2399997,12.2880004,0.833333283,1392.63999
17,control,96,recovery,9.21600033,12.2880004,0.75,1403.90396
17,control,97,recovery,9.21600033,12.2880004,0.75,1415.16805
17,control,98,recovery,9.50399972,12.2880004,0.77343745,1425.40801
17,control,99,recovery,11.2640001,12.2880004,0.916666641,1437.69598
17,control,100,recovery,10.2399997,12.2880004,0.833333283,1451.00796
17,control,101,recovery,11.2640001,12.2880004,0.916666641,1463.29606
17,control,102,recovery,10.2399997,12.2880004,0.833333283,1477.63205
17,control,103,recovery,10.2399997,12.2880004,0.833333283,1490.94403
17,control,104,recovery,10.2399997,12.2880004,0.833333283,1503.232
17,control,105,recovery,10.2399997,12.2880004,0.833333283,1515.51998
17,control,106,recovery,10.2399997,12.2880004,0.833333283,1526.78394
17,control,107,recovery,9.21600033,12.2880004,0.75,1538.04803
17,control,108,recovery,9.21600033,12.2880004,0.75,1549.312
17,control,109,recovery,9.21600033,12.2880004,0.75,1560.57596
17,control,110,recovery,10.2399997,12.2880004,0.833333283,1570.81604
17,control,111,recovery,9.40799993,12.2880004,0.765624967,1582.08001
17,control,112,recovery,9.21600033,12.2880004,0.75,1593.34397
17,control,113,recovery,10.2399997,12.2880004,0.833333283,1605.63195
17,control,114,recovery,10.2399997,12.2880004,0.833333283,1618.94405
17,control,115,recovery,11.2640001,12.2880004,0.916666641,1631.23202
17,control,116,recovery,10.2399997,12.2880004,0.833333283,1645.56801
17,control,117,recovery,10.2399997,12.2880004,0.833333283,1657.85599
17,control,118,recovery,10.2399997,12.2880004,0.833333283,1670.14396
17,control,119,recovery,9.21600033,12.2880004,0.75,1682.43206
17,control,120,recovery,9.21600033,12.2880004,0.75,1693.69602
17,control,121,recovery,9.21600033,12.2880004,0.75,1704.95999
17,control,122,recovery,10.2399997,12.2880004,0.833333283,1715.19995
17,control,123,recovery,9.21600033,12.2880004,0.75,1726.46403
17,control,124,recovery,9.21600033,12.2880004,0.75,1737.728
17,control,125,recovery,9.21600033,12.2880004,0.75,1748.99197
17,control,126,recovery,10.2399997,12.2880004,0.833333283,1761.27994
17,control,127,recovery,11.2640001,12.2880004,0.916666641,1773.56803
17,control,128,recovery,11.2640001,12.2880004,0.916666641,1786.88002
17,control,129,recovery,10.2399997,12.2880004,0.833333283,1800.192
17,control,130,recovery,10.2399997,12.2880004,0.833333283,1813.50398
17,control,131,recovery,10.2399997,12.2880004,0.833333283,1825.79195
17,control,132,recovery,10.2399997,12.2880004,0.833333283,1839.10406
17,control,133,recovery,9.21600033,12.2880004,0.75,1850.36802
17,control,134,recovery,9.21600033,12.2880004,0.75,1861.63199
17,control,135,recovery,9.21600033,12.2880004,0.75,1872.89596
17,control,136,recovery,10.2399997,12.2880004,0.833333283,1883.13603
17,control,137,recovery,9.21600033,12.2880004,0.75,1894.4
17,control,138,recovery,9.21600033,12.2880004,0.75,1905.66397
17,control,139,recovery,9.21600033,12.2880004,0.75,1916.92805
17,control,140,recovery,11.2640001,12.2880004,0.916666641,1927.16801
17,control,141,recovery,11.2640001,12.2880004,0.916666641,1941.504
17,control,142,recovery,10.2399997,12.2880004,0.833333283,1955.83999
17,control,143,recovery,10.2399997,12.2880004,0.833333283,1969.15197
17,control,144,recovery,10.2399997,12.2880004,0.833333283,1982.46396
17,control,145,recovery,10.2399997,12.2880004,0.833333283,1994.75205
17,control,146,recovery,10.2399997,12.2880004,0.833333283,2008.06403
17,control,147,recovery,9.21600033,12.2880004,0.75,2019.32812
17,control,148,recovery,9.21600033,12.2880004,0.75,2030.59196
17,control,149,recovery,9.21600033,12.2880004,0.75,2041.85605
17,control,150,recovery,10.2399997,12.2880004,0.833333283,2052.09589
17,control,151,recovery,10.2399997,12.2880004,0.833333283,2063.35998
17,control,152,recovery,9.40799993,12.2880004,0.765624967,2074.62406
17,control,153,recovery,10.2399997,12.2880004,0.833333283,2085.88791
17,control,154,recovery,10.2399997,12.2880004,0.833333283,2098.176
17,control,155,recovery,11.2640001,12.2880004,0.916666641,2110.4641
17,control,156,recovery,10.2399997,12.2880004,0.833333283,2124.79997
17,control,157,recovery,10.2399997,12.2880004,0.833333283,2137.08806
17,control,158,recovery,10.2399997,12.2880004,0.833333283,2149.37592
17,control,159,recovery,10.2399997,12.2880004,0.833333283,2162.68802
17,control,160,recovery,10.2399997,12.2880004,0.833333283,2174.97611
17,control,161,recovery,9.21600033,12.2880004,0.75,2187.26397
17,control,162,recovery,9.21600033,12.2880004,0.75,2198.52805
17,control,163,recovery,9.53599997,12.2880004,0.776041637,2208.76789
17,control,164,recovery,9.21600033,12.2880004,0.75,2220.03198
17,control,165,recovery,9.21600033,12.2880004,0.75,2231.29606
17,control,166,recovery,9.21600033,12.2880004,0.75,2241.5359
17,control,167,recovery,11.2640001,12.2880004,0.916666641,2252.79999
17,control,168,recovery,10.2399997,12.2880004,0.833333283,2266.11209
17,control,169,recovery,10.2399997,12.2880004,0.833333283,2279.42395
17,control,170,recovery,12.2880004,12.2880004,1,2293.76006
17,control,171,recovery,9.31200013,12.2880004,0.757812483,2309.11994
17,control,172,recovery,10.2399997,12.2880004,0.833333283,2320.38403
17,control,173,recovery,9.44000017,12.2880004,0.768229153,2331.64811
17,control,174,recovery,9.21600033,12.2880004,0.75,2342.91196
17,control,175,recovery,9.31200013,12.2880004,0.757812483,2354.17604
17,control,176,recovery,9.21600033,12.2880004,0.75,2365.43989
17,control,177,recovery,9.21600033,12.2880004,0.75,2376.70398
17,control,178,recovery,9.56800021,12.2880004,0.778645823,2386.94406
17,control,179,recovery,9.21600033,12.2880004,0.75,2398.2079
17,control,180,recovery,9.31200013,12.2880004,0.757812483,2409.47199
17,control,181,recovery,9.21600033,12.2880004,0.75,2420.73607
17,control,182,recovery,9.21600033,12.2880004,0.75,2431.99992
17,control,183,recovery,9.21600033,12.2880004,0.75,2443.26401
17,control,184,recovery,9.21600033,12.2880004,0.75,2454.52809
17,control,185,recovery,9.21600033,12.2880004,0.75,2465.79194
17,control,186,recovery,9.21600033,12.2880004,0.75,2476.03202
17,control,187,recovery,9.21600033,12.2880004,0.75,2487.2961
17,control,188,recovery,9.21600033,12.2880004,0.75,2498.55995
17,control,189,recovery,9.21600033,12.2880004,0.75,2509.82404
17,control,190,recovery,9.21600033,12.2880004,0.75,2521.08788
17,control,191,recovery,9.21600033,12.2880004,0.75,2531.32796
17,control,192,recovery,9.21600033,12.2880004,0.75,2542.59205
17,control,193,recovery,9.21600033,12.2880004,0.75,2553.8559
17,control,194,recovery,10.2399997,12.2880004,0.833333283,2564.09597
17,control,195,recovery,9.21600033,12.2880004,0.75,2575.36006
17,control,196,recovery,9.21600033,12.2880004,0.75,2586.62391
17,control,197,recovery,9.21600033,12.2880004,0.75,2597.88799
17,control,198,recovery,10.2399997,12.2880004,0.833333283,2608.12807
17,control,199,recovery,9.21600033,12.2880004,0.75,2619.39192
18,interference,0,recovery,9.21600033,9.21600033,1,2.04799999
18,interference,1,recovery,9.21600033,9.21600033,1,13.3119998
18,interference,2,recovery,9.21600033,9.21600033,1,24.5760009
18,interference,3,recovery,10.2399997,9.21600033,1.11111104,35.840001
18,interference,4,recovery,9.21600033,9.21600033,1,48.1280014
18,interference,5,recovery,10.2399997,9.21600033,1.11111104,60.4160018
18,interference,6,recovery,11.2640001,9.21600033,1.22222219,73.7280026
18,interference,7,recovery,11.2640001,9.21600033,1.22222219,90.1120007
18,interference,8,recovery,8.19199998,9.21600033,0.888888855,102.399997
18,interference,9,recovery,8.28799978,9.21600033,0.8993055,112.640001
18,interference,10,recovery,9.21600033,9.21600033,1,122.879997
18,interference,11,recovery,11.2640001,9.21600033,1.22222219,134.143993
18,interference,12,recovery,10.2399997,9.21600033,1.11111104,148.479998
18,interference,13,recovery,10.2399997,9.21600033,1.11111104,160.768002
18,interference,14,recovery,10.2399997,9.21600033,1.11111104,173.056006
18,interference,15,recovery,12.2880004,9.21600033,1.33333333,186.368003
18,interference,16,recovery,9.21600033,9.21600033,1,201.728001
18,interference,17,recovery,8.19199998,9.21600033,0.888888855,211.968005
18,interference,18,recovery,8.19199998,9.21600033,0.888888855,222.207993
18,interference,19,recovery,11.2640001,9.21600033,1.22222219,231.424004
18,interference,20,recovery,9.21600033,9.21600033,1,246.784002
18,interference,21,recovery,9.21600033,9.21600033,1,258.047998
18,interference,22,recovery,11.2640001,9.21600033,1.22222219,270.336002
18,interference,23,recovery,13.3119998,9.21600033,1.44444438,285.696
18,interference,24,recovery,13.3119998,9.21600033,1.44444438,305.151999
18,interference,25,recovery,11.2640001,9.21600033,1.22222219,324.607998
18,interference,26,recovery,9.21600033,9.21600033,1,336.896002
18,interference,27,recovery,9.21600033,9.21600033,1,348.159999
18,interference,28,recovery,12.2880004,9.21600033,1.33333333,360.448003
18,interference,29,recovery,14.3360002,9.21600033,1.55555552,378.879994
18,interference,30,recovery,14.3360002,9.21600033,1.55555552,398.335993
18,interference,31,recovery,12.2880004,9.21600033,1.33333333,418.816
18,interference,32,recovery,13.3119998,9.21600033,1.44444438,437.247992
18,interference,33,recovery,9.21600033,9.21600033,1,453.631997
18,interference,34,recovery,8.19199998,9.21600033,0.888888855,464.895993
18,interference,35,recovery,10.2399997,9.21600033,1.11111104,475.136012
18,interference,36,recovery,10.2399997,9.21600033,1.11111104,487.423986
18,interference,37,recovery,11.2640001,9.21600033,1.22222219,501.760006
18,interference,38,recovery,12.2880004,9.21600033,1.33333333,517.120004
18,interference,39,recovery,9.21600033,9.21600033,1,534.528017
18,interference,40,recovery,9.21600033,9.21600033,1,546.815991
18,interference,41,recovery,8.44800007,9.21600033,0.916666641,559.104025
18,interference,42,recovery,9.21600033,9.21600033,1,569.343984
18,interference,43,recovery,9.21600033,9.21600033,1,579.584002
18,interference,44,recovery,8.19199998,9.21600033,0.888888855,590.848029
18,interference,45,recovery,8.19199998,9.21600033,0.888888855,601.087987
18,interference,46,recovery,9.21600033,9.21600033,1,612.352014
18,interference,47,recovery,14.3360002,9.21600033,1.55555552,623.61598
18,interference,48,recovery,13.3119998,9.21600033,1.44444438,643.072009
18,interference,49,recovery,13.3119998,9.21600033,1.44444438,662.527978
18,interference,50,recovery,12.2880004,9.21600033,1.33333333,681.984007
18,interference,51,recovery,9.21600033,9.21600033,1,699.392021
18,interference,52,recovery,9.21600033,9.21600033,1,710.655987
18,interference,53,recovery,10.2399997,9.21600033,1.11111104,720.896006
18,interference,54,recovery,9.21600033,9.21600033,1,733.18398
18,interference,55,recovery,10.2399997,9.21600033,1.11111104,745.472014
18,interference,56,recovery,10.2399997,9.21600033,1.11111104,757.759988
18,interference,57,recovery,10.2399997,9.21600033,1.11111104,772.095978
18,interference,58,recovery,11.2640001,9.21600033,1.22222219,784.384012
18,interference,59,recovery,11.2640001,9.21600033,1.22222219,800.768018
18,interference,60,recovery,9.21600033,9.21600033,1,814.08
18,interference,61,recovery,9.21600033,9.21600033,1,824.320018
18,interference,62,recovery,9.21600033,9.21600033,1,834.559977
18,interference,63,recovery,13.3119998,9.21600033,1.44444438,845.824003
18,interference,64,recovery,11.2640001,9.21600033,1.22222219,865.279973
18,interference,65,recovery,11.2640001,9.21600033,1.22222219,878.592014
18,interference,66,recovery,10.2399997,9.21600033,1.11111104,893.952012
18,interference,67,recovery,10.2399997,9.21600033,1.11111104,906.239986
18,interference,68,recovery,11.2640001,9.21600033,1.22222219,919.552028
18,interference,69,recovery,9.21600033,9.21600033,1,931.840003
18,interference,70,recovery,8.19199998,9.21600033,0.888888855,943.104029
18,interference,71,recovery,9.21600033,9.21600033,1,953.343987
18,interference,72,recovery,10.2399997,9.21600033,1.11111104,964.608014
18,interference,73,recovery,10.2399997,9.21600033,1.11111104,977.919996
18,interference,74,recovery,12.2880004,9.21600033,1.33333333,992.255986
18,interference,75,recovery,13.3119998,9.21600033,1.44444438,1010.68795
18,interference,76,recovery,12.2880004,9.21600033,1.33333333,1030.14398
18,interference,77,recovery,10.2399997,9.21600033,1.11111104,1047.55199
18,interference,78,recovery,8.19199998,9.21600033,0.888888855,1059.83996
18,interference,79,recovery,9.21600033,9.21600033,1,1070.08004
18,interference,80,recovery,9.21600033,9.21600033,1,1080.32
18,interference,81,recovery,13.3119998,9.21600033,1.44444438,1094.65599
18,interference,82,recovery,11.2640001,9.21600033,1.22222219,1112.064
18,interference,83,recovery,11.2640001,9.21600033,1.22222219,1125.37599
18,interference,84,recovery,11.2640001,9.21600033,1.22222219,1140.73598
18,interference,85,recovery,10.2399997,9.21600033,1.11111104,1155.07197
18,interference,86,recovery,9.21600033,9.21600033,1,1167.35995
18,interference,87,recovery,9.21600033,9.21600033,1,1177.60003
18,interference,88,recovery,8.19199998,9.21600033,0.888888855,1188.86399
18,interference,89,recovery,9.21600033,9.21600033,1,1199.10395
18,interference,90,recovery,9.21600033,9.21600033,1,1210.36804
18,interference,91,recovery,10.2399997,9.21600033,1.11111104,1222.65601
18,interference,92,recovery,10.2399997,9.21600033,1.11111104,1235.96799
18,interference,93,recovery,10.2399997,9.21600033,1.11111104,1248.25597
18,interference,94,recovery,9.21600033,9.21600033,1,1261.56795
18,interference,95,recovery,8.19199998,9.21600033,0.888888855,1272.83204
18,interference,96,recovery,9.21600033,9.21600033,1,1282.04799
18,interference,97,recovery,8.19199998,9.21600033,0.888888855,1293.31195
18,interference,98,recovery,8.19199998,9.21600033,0.888888855,1303.55203
18,interference,99,recovery,9.21600033,9.21600033,1,1312.76798
18,interference,100,recovery,10.2399997,9.21600033,1.11111104,1323.00794
18,interference,101,recovery,8.19199998,9.21600033,0.888888855,1334.27203
18,interference,102,recovery,8.19199998,9.21600033,0.888888855,1344.51199
18,interference,103,recovery,9.21600033,9.21600033,1,1354.75194
18,interference,104,recovery,8.19199998,9.21600033,0.888888855,1364.99202
18,interference,105,recovery,8.19199998,9.21600033,0.888888855,1375.23198
18,interference,106,recovery,9.21600033,9.21600033,1,1384.44805
18,interference,107,recovery,8.38399958,9.21600033,0.909722144,1394.68801
18,interference,108,recovery,8.19199998,9.21600033,0.888888855,1404.92797
18,interference,109,recovery,9.21600033,9.21600033,1,1414.14404
18,interference,110,recovery,8.44800007,9.21600033,0.916666641,1424.384
18,interference,111,recovery,8.19199998,9.21600033,0.888888855,1434.62396
18,interference,112,recovery,9.21600033,9.21600033,1,1443.84003
18,interference,113,recovery,9.21600033,9.21600033,1,1454.07999
18,interference,114,recovery,8.19199998,9.21600033,0.888888855,1464.31994
18,interference,115,recovery,8.19199998,9.21600033,0.888888855,1474.56002
18,interference,116,recovery,9.21600033,9.21600033,1,1483.77597
18,interference,117,recovery,8.44800007,9.21600033,0.916666641,1494.01605
18,interference,118,recovery,8.19199998,9.21600033,0.888888855,1504.25601
18,interference,119,recovery,9.21600033,9.21600033,1,1513.47196
18,interference,120,recovery,9.21600033,9.21600033,1,1523.71204
18,interference,121,recovery,8.19199998,9.21600033,0.888888855,1533.952
18,interference,122,recovery,8.19199998,9.21600033,0.888888855,1544.19196
18,interference,123,recovery,9.21600033,9.21600033,1,1553.40803
18,interference,124,recovery,8.19199998,9.21600033,0.888888855,1563.64799
18,interference,125,recovery,8.19199998,9.21600033,0.888888855,1573.88794
18,interference,126,recovery,9.21600033,9.21600033,1,1583.10401
18,interference,127,recovery,8.38399958,9.21600033,0.909722144,1593.34397
18,interference,128,recovery,8.19199998,9.21600033,0.888888855,1603.58405
18,interference,129,recovery,9.21600033,9.21600033,1,1612.8
18,interference,130,recovery,9.21600033,9.21600033,1,1623.03996
18,interference,131,recovery,8.35200027,9.21600033,0.906249997,1633.28004
18,interference,132,recovery,8.25599954,9.21600033,0.895833251,1643.52
18,interference,133,recovery,8.19199998,9.21600033,0.888888855,1653.75996
18,interference,134,recovery,8.19199998,9.21600033,0.888888855,1664.00003
18,interference,135,recovery,9.21600033,9.21600033,1,1673.21599
18,interference,136,recovery,9.21600033,9.21600033,1,1683.45594
18,interference,137,recovery,8.35200027,9.21600033,0.906249997,1693.69602
18,interference,138,recovery,8.19199998,9.21600033,0.888888855,1703.93598
18,interference,139,recovery,9.21600033,9.21600033,1,1713.15205
18,interference,140,recovery,8.41599982,9.21600033,0.913194393,1723.39201
18,interference,141,recovery,8.19199998,9.21600033,0.888888855,1733.63197
18,interference,142,recovery,9.21600033,9.21600033,1,1742.84804
18,interference,143,recovery,8.35200027,9.21600033,0.906249997,1753.088
18,interference,144,recovery,8.19199998,9.21600033,0.888888855,1763.32796
18,interference,145,recovery,9.21600033,9.21600033,1,1772.54403
18,interference,146,recovery,8.41599982,9.21600033,0.913194393,1782.78399
18,interference,147,recovery,8.19199998,9.21600033,0.888888855,1793.02394
18,interference,148,recovery,9.21600033,9.21600033,1,1802.24001
18,interference,149,recovery,8.44800007,9.21600033,0.916666641,1812.47997
18,interference,150,recovery,8.19199998,9.21600033,0.888888855,1822.72005
18,interference,151,recovery,9.21600033,9.21600033,1,1835.00803
18,interference,152,recovery,8.51199962,9.21600033,0.923611037,1845.24798
18,interference,153,recovery,8.19199998,9.21600033,0.888888855,1855.48794
18,interference,154,recovery,8.19199998,9.21600033,0.888888855,1865.72802
18,interference,155,recovery,9.21600033,9.21600033,1,1874.94397
18,interference,156,recovery,8.19199998,9.21600033,0.888888855,1885.18405
18,interference,157,recovery,8.19199998,9.21600033,0.888888855,1895.42401
18,interference,158,recovery,9.21600033,9.21600033,1,1904.63996
18,interference,159,recovery,9.21600033,9.21600033,1,1914.88004
18,interference,160,recovery,9.21600033,9.21600033,1,1925.12
18,interference,161,recovery,8.25599954,9.21600033,0.895833251,1935.35995
18,interference,162,recovery,8.19199998,9.21600033,0.888888855,1945.60003
18,interference,163,recovery,9.21600033,9.21600033,1,1954.81598
18,interference,164,recovery,8.19199998,9.21600033,0.888888855,1965.05594
18,interference,165,recovery,8.22400022,9.21600033,0.892361104,1975.29602
18,interference,166,recovery,8.19199998,9.21600033,0.888888855,1985.53598
18,interference,167,recovery,9.21600033,9.21600033,1,1994.75205
18,interference,168,recovery,8.54399987,9.21600033,0.927083286,2004.99201
18,interference,169,recovery,8.19199998,9.21600033,0.888888855,2015.23209
18,interference,170,recovery,9.21600033,9.21600033,1,2024.44792
18,interference,171,recovery,8.19199998,9.21600033,0.888888855,2034.688
18,interference,172,recovery,8.19199998,9.21600033,0.888888855,2044.92807
18,interference,173,recovery,8.48000031,9.21600033,0.92013889,2054.14391
18,interference,174,recovery,8.19199998,9.21600033,0.888888855,2064.38398
18,interference,175,recovery,9.21600033,9.21600033,1,2073.60005
18,interference,176,recovery,8.19199998,9.21600033,0.888888855,2083.83989
18,interference,177,recovery,8.19199998,9.21600033,0.888888855,2094.07997
18,interference,178,recovery,9.21600033,9.21600033,1,2103.29604
18,interference,179,recovery,8.44800007,9.21600033,0.916666641,2113.53588
18,interference,180,recovery,8.19199998,9.21600033,0.888888855,2123.77596
18,interference,181,recovery,9.21600033,9.21600033,1,2132.99203
18,interference,182,recovery,8.38399958,9.21600033,0.909722144,2143.23211
18,interference,183,recovery,8.28799978,9.21600033,0.8993055,2153.47195
18,interference,184,recovery,8.19199998,9.21600033,0.888888855,2163.71202
18,interference,185,recovery,9.21600033,9.21600033,1,2172.92809
18,interference,186,recovery,8.19199998,9.21600033,0.888888855,2183.16793
18,interference,187,recovery,9.21600033,9.21600033,1,2192.384
18,interference,188,recovery,8.19199998,9.21600033,0.888888855,2202.62408
18,interference,189,recovery,8.19199998,9.21600033,0.888888855,2212.86392
18,interference,190,recovery,8.19199998,9.21600033,0.888888855,2223.104
18,interference,191,recovery,9.21600033,9.21600033,1,2232.32007
18,interference,192,recovery,8.19199998,9.21600033,0.888888855,2242.55991
18,interference,193,recovery,8.19199998,9.21600033,0.888888855,2252.79999
18,interference,194,recovery,9.21600033,9.21600033,1,2262.01606
18,interference,195,recovery,8.25599954,9.21600033,0.895833251,2272.2559
18,interference,196,recovery,8.19199998,9.21600033,0.888888855,2282.49598
18,interference,197,recovery,9.21600033,9.21600033,1,2291.71205
18,interference,198,recovery,8.19199998,9.21600033,0.888888855,2301.95189
18,interference,199,recovery,8.19199998,9.21600033,0.888888855,2312.19196
19,control,0,recovery,13.3119998,12.2880004,1.08333328,291.839987
19,control,1,recovery,10.2399997,12.2880004,0.833333283,306.176007
19,control,2,recovery,9.21600033,12.2880004,0.75,318.464011
19,control,3,recovery,10.2399997,12.2880004,0.833333283,329.728007
19,control,4,recovery,9.21600033,12.2880004,0.75,340.992004
19,control,5,recovery,9.50399972,12.2880004,0.77343745,352.256
19,control,6,recovery,9.21600033,12.2880004,0.75,363.519996
19,control,7,recovery,9.21600033,12.2880004,0.75,374.783993
19,control,8,recovery,9.21600033,12.2880004,0.75,386.047989
19,control,9,recovery,10.2399997,12.2880004,0.833333283,398.335993
19,control,10,recovery,10.2399997,12.2880004,0.833333283,410.623997
19,control,11,recovery,11.2640001,12.2880004,0.916666641,422.912002
19,control,12,recovery,10.2399997,12.2880004,0.833333283,436.224014
19,control,13,recovery,10.2399997,12.2880004,0.833333283,448.511988
19,control,14,recovery,10.2399997,12.2880004,0.833333283,460.799992
19,control,15,recovery,10.2399997,12.2880004,0.833333283,474.112004
19,control,16,recovery,9.40799993,12.2880004,0.765624967,485.376
19,control,17,recovery,9.31200013,12.2880004,0.757812483,496.639997
19,control,18,recovery,9.21600033,12.2880004,0.75,507.903993
19,control,19,recovery,10.2399997,12.2880004,0.833333283,518.144011
19,control,20,recovery,9.21600033,12.2880004,0.75,529.407978
19,control,21,recovery,9.21600033,12.2880004,0.75,540.672004
19,control,22,recovery,9.21600033,12.2880004,0.75,551.935971
19,control,23,recovery,11.2640001,12.2880004,0.916666641,563.199997
19,control,24,recovery,10.2399997,12.2880004,0.833333283,576.511979
19,control,25,recovery,9.21600033,12.2880004,0.75,589.824021
19,control,26,recovery,10.2399997,12.2880004,0.833333283,602.111995
19,control,27,recovery,10.2399997,12.2880004,0.833333283,614.400029
19,control,28,recovery,9.21600033,12.2880004,0.75,627.712011
19,control,29,recovery,9.21600033,12.2880004,0.75,638.975978
19,control,30,recovery,9.21600033,12.2880004,0.75,650.240004
19,control,31,recovery,10.2399997,12.2880004,0.833333283,660.480022
19,control,32,recovery,9.21600033,12.2880004,0.75,671.743989
19,control,33,recovery,9.21600033,12.2880004,0.75,683.008015
19,control,34,recovery,9.21600033,12.2880004,0.75,694.271982
19,control,35,recovery,10.2399997,12.2880004,0.833333283,704.512
19,control,36,recovery,10.2399997,12.2880004,0.833333283,715.776026
19,control,37,recovery,10.2399997,12.2880004,0.833333283,727.039993
19,control,38,recovery,10.2399997,12.2880004,0.833333283,739.328027
19,control,39,recovery,11.2640001,12.2880004,0.916666641,751.616001
19,control,40,recovery,10.2399997,12.2880004,0.833333283,765.951991
19,control,41,recovery,10.2399997,12.2880004,0.833333283,778.240025
19,control,42,recovery,10.2399997,12.2880004,0.833333283,791.552007
19,control,43,recovery,10.2399997,12.2880004,0.833333283,804.863989
19,control,44,recovery,10.2399997,12.2880004,0.833333283,818.175972
19,control,45,recovery,9.21600033,12.2880004,0.75,830.464005
19,control,46,recovery,9.21600033,12.2880004,0.75,841.727972
19,control,47,recovery,10.2399997,12.2880004,0.833333283,851.96799
19,control,48,recovery,9.21600033,12.2880004,0.75,863.232017
19,control,49,recovery,9.21600033,12.2880004,0.75,874.495983
19,control,50,recovery,9.21600033,12.2880004,0.75,885.760009
19,control,51,recovery,11.2640001,12.2880004,0.916666641,896.000028
19,control,52,recovery,10.2399997,12.2880004,0.833333283,909.31201
19,control,53,recovery,11.2640001,12.2880004,0.916666641,921.599984
19,control,54,recovery,10.2399997,12.2880004,0.833333283,934.912026
19,control,55,recovery,10.2399997,12.2880004,0.833333283,948.224008
19,control,56,recovery,10.2399997,12.2880004,0.833333283,960.511982
19,control,57,recovery,10.2399997,12.2880004,0.833333283,973.824024
19,control,58,recovery,9.21600033,12.2880004,0.75,987.136006
19,control,59,recovery,9.34400037,12.2880004,0.76041667,998.399973
19,control,60,recovery,9.21600033,12.2880004,0.75,1009.66406
19,control,61,recovery,9.21600033,12.2880004,0.75,1020.92803
19,control,62,recovery,10.2399997,12.2880004,0.833333283,1031.16798
19,control,63,recovery,9.21600033,12.2880004,0.75,1043.45596
19,control,64,recovery,10.2399997,12.2880004,0.833333283,1053.69604
19,control,65,recovery,9.21600033,12.2880004,0.75,1064.96
19,control,66,recovery,10.2399997,12.2880004,0.833333283,1076.22397
19,control,67,recovery,11.2640001,12.2880004,0.916666641,1088.51194
19,control,68,recovery,10.2399997,12.2880004,0.833333283,1101.82405
19,control,69,recovery,10.2399997,12.2880004,0.833333283,1115.13603
19,control,70,recovery,10.2399997,12.2880004,0.833333283,1127.424
19,control,71,recovery,9.21600033,12.2880004,0.75,1138.68797
19,control,72,recovery,9.21600033,12.2880004,0.75,1149.95205
19,control,73,recovery,9.21600033,12.2880004,0.75,1160.19201
19,control,74,recovery,9.21600033,12.2880004,0.75,1171.45598
19,control,75,recovery,9.21600033,12.2880004,0.75,1182.71995
19,control,76,recovery,10.2399997,12.2880004,0.833333283,1192.96002
19,control,77,recovery,9.37599968,12.2880004,0.76302078,1204.22399
19,control,78,recovery,9.21600033,12.2880004,0.75,1215.48796
19,control,79,recovery,10.2399997,12.2880004,0.833333283,1225.72803
19,control,80,recovery,9.31200013,12.2880004,0.757812483,1236.992
19,control,81,recovery,9.21600033,12.2880004,0.75,1248.25597
19,control,82,recovery,9.21600033,12.2880004,0.75,1259.52005
19,control,83,recovery,9.40799993,12.2880004,0.765624967,1269.76001
19,control,84,recovery,9.21600033,12.2880004,0.75,1281.02398
19,control,85,recovery,9.21600033,12.2880004,0.75,1292.28795
19,control,86,recovery,9.21600033,12.2880004,0.75,1303.55203
19,control,87,recovery,9.21600033,12.2880004,0.75,1313.79199
19,control,88,recovery,9.21600033,12.2880004,0.75,1325.05596
19,control,89,recovery,9.21600033,12.2880004,0.75,1336.32004
19,control,90,recovery,9.21600033,12.2880004,0.75,1346.56
19,control,91,recovery,9.21600033,12.2880004,0.75,1357.82397
19,control,92,recovery,10.2399997,12.2880004,0.833333283,1368.06405
19,control,93,recovery,9.47200041,12.2880004,0.77083334,1379.32801
19,control,94,recovery,9.21600033,12.2880004,0.75,1390.59198
19,control,95,recovery,10.2399997,12.2880004,0.833333283,1400.83206
19,control,96,recovery,9.24799964,12.2880004,0.752604111,1412.09602
19,control,97,recovery,9.21600033,12.2880004,0.75,1423.35999
19,control,98,recovery,10.2399997,12.2880004,0.833333283,1433.59995
19,control,99,recovery,9.21600033,12.2880004,0.75,1444.86403
19,control,100,recovery,10.2399997,12.2880004,0.833333283,1455.10399
19,control,101,recovery,9.21600033,12.2880004,0.75,1466.36796
19,control,102,recovery,9.21600033,12.2880004,0.75,1477.63205
19,control,103,recovery,10.2399997,12.2880004,0.833333283,1487.872
19,control,104,recovery,9.21600033,12.2880004,0.75,1499.13597
19,control,105,recovery,9.21600033,12.2880004,0.75,1510.40006
19,control,106,recovery,9.31200013,12.2880004,0.757812483,1520.64002
19,control,107,recovery,9.21600033,12.2880004,0.75,1531.90398
19,control,108,recovery,9.21600033,12.2880004,0.75,1543.16795
19,control,109,recovery,9.37599968,12.2880004,0.76302078,1553.40803
19,control,110,recovery,9.21600033,12.2880004,0.75,1564.67199
19,control,111,recovery,9.56800021,12.2880004,0.778645823,1574.91195
19,control,112,recovery,9.21600033,12.2880004,0.75,1586.17604
19,control,113,recovery,9.21600033,12.2880004,0.75,1597.44
19,control,114,recovery,9.34400037,12.2880004,0.76041667,1607.67996
19,control,115,recovery,9.21600033,12.2880004,0.75,1618.94405
19,control,116,recovery,9.21600033,12.2880004,0.75,1630.20802
19,control,117,recovery,9.53599997,12.2880004,0.776041637,1640.44797
19,control,118,recovery,9.21600033,12.2880004,0.75,1651.71194
19,control,119,recovery,9.21600033,12.2880004,0.75,1662.97603
19,control,120,recovery,9.21600033,12.2880004,0.75,1674.23999
19,control,121,recovery,9.21600033,12.2880004,0.75,1684.47995
19,control,122,recovery,9.21600033,12.2880004,0.75,1695.74404
19,control,123,recovery,10.2399997,12.2880004,0.833333283,1705.984
19,control,124,recovery,9.21600033,12.2880004,0.75,1717.24796
19,control,125,recovery,9.21600033,12.2880004,0.75,1728.51205
19,control,126,recovery,10.2399997,12.2880004,0.833333283,1738.75201
19,control,127,recovery,9.27999988,12.2880004,0.755208297,1750.01597
19,control,128,recovery,9.21600033,12.2880004,0.75,1761.27994
19,control,129,recovery,9.21600033,12.2880004,0.75,1772.54403
19,control,130,recovery,9.21600033,12.2880004,0.75,1782.78399
19,control,131,recovery,9.21600033,12.2880004,0.75,1794.04795
19,control,132,recovery,9.21600033,12.2880004,0.75,1804.28803
19,control,133,recovery,9.21600033,12.2880004,0.75,1815.552
19,control,134,recovery,9.21600033,12.2880004,0.75,1826.81596
19,control,135,recovery,9.47200041,12.2880004,0.77083334,1837.05604
19,control,136,recovery,9.21600033,12.2880004,0.75,1848.32001
19,control,137,recovery,9.21600033,12.2880004,0.75,1859.58397
19,control,138,recovery,9.21600033,12.2880004,0.75,1869.82405
19,control,139,recovery,9.21600033,12.2880004,0.75,1881.08802
19,control,140,recovery,9.21600033,12.2880004,0.75,1892.35198
19,control,141,recovery,10.2399997,12.2880004,0.833333283,1902.59194
19,control,142,recovery,9.21600033,12.2880004,0.75,1913.85603
19,control,143,recovery,9.21600033,12.2880004,0.75,1925.12
19,control,144,recovery,10.2399997,12.2880004,0.833333283,1935.35995
19,control,145,recovery,9.27999988,12.2880004,0.755208297,1946.62404
19,control,146,recovery,9.21600033,12.2880004,0.75,1957.88801
19,control,147,recovery,9.21600033,12.2880004,0.75,1969.15197
19,control,148,recovery,10.2399997,12.2880004,0.833333283,1979.39205
19,control,149,recovery,9.53599997,12.2880004,0.776041637,1990.65602
19,control,150,recovery,9.21600033,12.2880004,0.75,2001.91998
19,control,151,recovery,9.21600033,12.2880004,0.75,2013.18407
19,control,152,recovery,9.21600033,12.2880004,0.75,2023.42391
19,control,153,recovery,9.21600033,12.2880004,0.75,2034.688
19,control,154,recovery,9.21600033,12.2880004,0.75,2045.95208
19,control,155,recovery,9.21600033,12.2880004,0.75,2057.21593
19,control,156,recovery,9.37599968,12.2880004,0.76302078,2067.45601
19,control,157,recovery,9.27999988,12.2880004,0.755208297,2078.72009
19,control,158,recovery,9.21600033,12.2880004,0.75,2089.98394
19,control,159,recovery,9.21600033,12.2880004,0.75,2101.24803
19,control,160,recovery,9.40799993,12.2880004,0.765624967,2111.4881
19,control,161,recovery,9.21600033,12.2880004,0.75,2122.75195
19,control,162,recovery,9.21600033,12.2880004,0.75,2134.01604
19,control,163,recovery,9.37599968,12.2880004,0.76302078,2144.25611
19,control,164,recovery,9.21600033,12.2880004,0.75,2155.51996
19,control,165,recovery,9.21600033,12.2880004,0.75,2166.78405
19,control,166,recovery,9.37599968,12.2880004,0.76302078,2177.02389
19,control,167,recovery,9.21600033,12.2880004,0.75,2188.28797
19,control,168,recovery,9.21600033,12.2880004,0.75,2199.55206
19,control,169,recovery,9.21600033,12.2880004,0.75,2209.7919
19,control,170,recovery,9.21600033,12.2880004,0.75,2221.05598
19,control,171,recovery,10.2399997,12.2880004,0.833333283,2231.29606
19,control,172,recovery,9.37599968,12.2880004,0.76302078,2242.55991
19,control,173,recovery,9.21600033,12.2880004,0.75,2253.824
19,control,174,recovery,9.21600033,12.2880004,0.75,2265.08808
19,control,175,recovery,10.2399997,12.2880004,0.833333283,2275.32792
19,control,176,recovery,9.50399972,12.2880004,0.77343745,2286.59201
19,control,177,recovery,9.21600033,12.2880004,0.75,2297.85609
19,control,178,recovery,9.21600033,12.2880004,0.75,2309.11994
19,control,179,recovery,10.2399997,12.2880004,0.833333283,2319.36002
19,control,180,recovery,9.21600033,12.2880004,0.75,2330.6241
19,control,181,recovery,9.21600033,12.2880004,0.75,2341.88795
19,control,182,recovery,9.21600033,12.2880004,0.75,2353.15204
19,control,183,recovery,9.21600033,12.2880004,0.75,2364.41588
19,control,184,recovery,9.31200013,12.2880004,0.757812483,2374.65596
19,control,185,recovery,9.21600033,12.2880004,0.75,2385.92005
19,control,186,recovery,9.21600033,12.2880004,0.75,2397.1839
19,control,187,recovery,10.2399997,12.2880004,0.833333283,2407.42397
19,control,188,recovery,9.21600033,12.2880004,0.75,2418.68806
19,control,189,recovery,9.21600033,12.2880004,0.75,2429.95191
19,control,190,recovery,9.21600033,12.2880004,0.75,2441.21599
19,control,191,recovery,9.21600033,12.2880004,0.75,2452.48008
19,control,192,recovery,9.40799993,12.2880004,0.765624967,2462.71992
19,control,193,recovery,9.21600033,12.2880004,0.75,2473.984
19,control,194,recovery,9.21600033,12.2880004,0.75,2485.24809
19,control,195,recovery,10.2399997,12.2880004,0.833333283,2495.48793
19,control,196,recovery,9.24799964,12.2880004,0.752604111,2506.75201
19,control,197,recovery,9.21600033,12.2880004,0.75,2518.0161
19,control,198,recovery,9.21600033,12.2880004,0.75,2529.27995
19,control,199,recovery,9.21600033,12.2880004,0.75,2540.54403
